CountyFIPS,state,county,superc16
01001,AL,Autauga,1
01003,AL,Baldwin,7
01005,AL,Barbour,1
01007,AL,Bibb,1
01009,AL,Blount,1
01011,AL,Bullock,0
01013,AL,Butler,1
01015,AL,Calhoun,4
01017,AL,Chambers,1
01019,AL,Cherokee,1
01021,AL,Chilton,1
01023,AL,Choctaw,0
01025,AL,Clarke,2
01027,AL,Clay,0
01029,AL,Cleburne,0
01031,AL,Coffee,1
01033,AL,Colbert,1
01035,AL,Conecuh,0
01037,AL,Coosa,0
01039,AL,Covington,1
01041,AL,Crenshaw,0
01043,AL,Cullman,2
01045,AL,Dale,1
01047,AL,Dallas,1
01049,AL,DeKalb,1
01051,AL,Elmore,2
01053,AL,Escambia,2
01055,AL,Etowah,2
01057,AL,Fayette,1
01059,AL,Franklin,1
01061,AL,Geneva,0
01063,AL,Greene,0
01065,AL,Hale,0
01067,AL,Henry,0
01069,AL,Houston,3
01071,AL,Jackson,1
01073,AL,Jefferson,19
01075,AL,Lamar,0
01077,AL,Lauderdale,3
01079,AL,Lawrence,1
01081,AL,Lee,3
01083,AL,Limestone,1
01085,AL,Lowndes,0
01087,AL,Macon,0
01089,AL,Madison,14
01091,AL,Marengo,1
01093,AL,Marion,2
01095,AL,Marshall,3
01097,AL,Mobile,10
01099,AL,Monroe,1
01101,AL,Montgomery,6
01103,AL,Morgan,2
01105,AL,Perry,0
01107,AL,Pickens,0
01109,AL,Pike,1
01111,AL,Randolph,1
01113,AL,Russell,1
01115,AL,St. Clair,3
01117,AL,Shelby,5
01119,AL,Sumter,0
01121,AL,Talladega,2
01123,AL,Tallapoosa,1
01125,AL,Tuscaloosa,4
01127,AL,Walker,2
01129,AL,Washington,0
01131,AL,Wilcox,0
01133,AL,Winston,0
02013,AK,Aleutians East,0
02016,AK,Aleutians West,0
02020,AK,Anchorage,13
02050,AK,Bethel,0
02060,AK,Bristol Bay,0
02068,AK,Denali,0
02070,AK,Dillingham,0
02090,AK,Fairbanks North Star,4
02100,AK,Haines,0
02105,AK,Hoonah-Angoon,0
02110,AK,Juneau,3
02122,AK,Kenai Peninsula,2
02130,AK,Ketchikan Gateway,0
02150,AK,Kodiak Island,0
02164,AK,Lake and Peninsula,0
02170,AK,Matanuska-Susitna,3
02180,AK,Nome,0
02185,AK,North Slope,0
02188,AK,Northwest Arctic,0
02195,AK,Petersburg,0
02198,AK,Prince of Wales-Hyder,0
02220,AK,Sitka,0
02230,AK,Skagway,0
02240,AK,Southeast Fairbanks,0
02261,AK,Valdez-Cordova,0
02270,AK,Wade Hampton,0
02275,AK,Wrangell,0
02282,AK,Yakutat,0
02290,AK,Yukon-Koyukuk,0
04001,AZ,Apache,0
04003,AZ,Cochise,3
04005,AZ,Coconino,3
04007,AZ,Gila,2
04009,AZ,Graham,1
04011,AZ,Greenlee,0
04012,AZ,La Paz,1
04013,AZ,Maricopa,97
04015,AZ,Mohave,4
04017,AZ,Navajo,3
04019,AZ,Pima,17
04021,AZ,Pinal,7
04023,AZ,Santa Cruz,1
04025,AZ,Yavapai,6
04027,AZ,Yuma,6
05001,AR,Arkansas,1
05003,AR,Ashley,1
05005,AR,Baxter,1
05007,AR,Benton,7
05009,AR,Boone,1
05011,AR,Bradley,0
05013,AR,Calhoun,0
05015,AR,Carroll,1
05017,AR,Chicot,0
05019,AR,Clark,1
05021,AR,Clay,0
05023,AR,Cleburne,1
05025,AR,Cleveland,0
05027,AR,Columbia,1
05029,AR,Conway,1
05031,AR,Craighead,5
05033,AR,Crawford,2
05035,AR,Crittenden,1
05037,AR,Cross,1
05039,AR,Dallas,0
05041,AR,Desha,0
05043,AR,Drew,1
05045,AR,Faulkner,2
05047,AR,Franklin,0
05049,AR,Fulton,0
05051,AR,Garland,4
05053,AR,Grant,1
05055,AR,Greene,1
05057,AR,Hempstead,1
05059,AR,Hot Spring,1
05061,AR,Howard,1
05063,AR,Independence,1
05065,AR,Izard,0
05067,AR,Jackson,0
05069,AR,Jefferson,1
05071,AR,Johnson,1
05073,AR,Lafayette,0
05075,AR,Lawrence,0
05077,AR,Lee,0
05079,AR,Lincoln,0
05081,AR,Little River,1
05083,AR,Logan,0
05085,AR,Lonoke,2
05087,AR,Madison,0
05089,AR,Marion,1
05091,AR,Miller,1
05093,AR,Mississippi,2
05095,AR,Monroe,0
05097,AR,Montgomery,0
05099,AR,Nevada,0
05101,AR,Newton,0
05103,AR,Ouachita,1
05105,AR,Perry,0
05107,AR,Phillips,1
05109,AR,Pike,0
05111,AR,Poinsett,1
05113,AR,Polk,1
05115,AR,Pope,1
05117,AR,Prairie,0
05119,AR,Pulaski,10
05121,AR,Randolph,1
05123,AR,St. Francis,1
05125,AR,Saline,2
05127,AR,Scott,0
05129,AR,Searcy,0
05131,AR,Sebastian,5
05133,AR,Sevier,1
05135,AR,Sharp,1
05137,AR,Stone,1
05139,AR,Union,1
05141,AR,Van Buren,1
05143,AR,Washington,6
05145,AR,White,2
05147,AR,Woodruff,0
05149,AR,Yell,1
06001,CA,Alameda,6
06003,CA,Alpine,0
06005,CA,Amador,0
06007,CA,Butte,1
06009,CA,Calaveras,0
06011,CA,Colusa,0
06013,CA,Contra Costa,5
06015,CA,Del Norte,1
06017,CA,El Dorado,0
06019,CA,Fresno,10
06021,CA,Glenn,1
06023,CA,Humboldt,2
06025,CA,Imperial,4
06027,CA,Inyo,0
06029,CA,Kern,8
06031,CA,Kings,2
06033,CA,Lake,0
06035,CA,Lassen,0
06037,CA,Los Angeles,56
06039,CA,Madera,0
06041,CA,Marin,1
06043,CA,Mariposa,0
06045,CA,Mendocino,0
06047,CA,Merced,3
06049,CA,Modoc,0
06051,CA,Mono,0
06053,CA,Monterey,5
06055,CA,Napa,2
06057,CA,Nevada,0
06059,CA,Orange,27
06061,CA,Placer,4
06063,CA,Plumas,0
06065,CA,Riverside,27
06067,CA,Sacramento,22
06069,CA,San Benito,0
06071,CA,San Bernardino,18
06073,CA,San Diego,27
06075,CA,San Francisco,1
06077,CA,San Joaquin,10
06079,CA,San Luis Obispo,1
06081,CA,San Mateo,4
06083,CA,Santa Barbara,2
06085,CA,Santa Clara,11
06087,CA,Santa Cruz,1
06089,CA,Shasta,3
06091,CA,Sierra,0
06093,CA,Siskiyou,1
06095,CA,Solano,8
06097,CA,Sonoma,2
06099,CA,Stanislaus,4
06101,CA,Sutter,2
06103,CA,Tehama,0
06105,CA,Trinity,0
06107,CA,Tulare,4
06109,CA,Tuolumne,0
06111,CA,Ventura,6
06113,CA,Yolo,2
06115,CA,Yuba,1
08001,CO,Adams,11
08003,CO,Alamosa,1
08005,CO,Arapahoe,15
08007,CO,Archuleta,1
08009,CO,Baca,0
08011,CO,Bent,0
08013,CO,Boulder,5
08014,CO,Broomfield,2
08015,CO,Chaffee,1
08017,CO,Cheyenne,0
08019,CO,Clear Creek,0
08021,CO,Conejos,0
08023,CO,Costilla,0
08025,CO,Crowley,0
08027,CO,Custer,0
08029,CO,Delta,1
08031,CO,Denver,10
08033,CO,Dolores,0
08035,CO,Douglas,9
08037,CO,Eagle,2
08039,CO,Elbert,1
08041,CO,El Paso,15
08043,CO,Fremont,1
08045,CO,Garfield,1
08047,CO,Gilpin,0
08049,CO,Grand,0
08051,CO,Gunnison,0
08053,CO,Hinsdale,0
08055,CO,Huerfano,0
08057,CO,Jackson,0
08059,CO,Jefferson,14
08061,CO,Kiowa,0
08063,CO,Kit Carson,0
08065,CO,Lake,0
08067,CO,La Plata,1
08069,CO,Larimer,9
08071,CO,Las Animas,1
08073,CO,Lincoln,0
08075,CO,Logan,1
08077,CO,Mesa,3
08079,CO,Mineral,0
08081,CO,Moffat,1
08083,CO,Montezuma,1
08085,CO,Montrose,1
08087,CO,Morgan,1
08089,CO,Otero,1
08091,CO,Ouray,0
08093,CO,Park,0
08095,CO,Phillips,0
08097,CO,Pitkin,0
08099,CO,Prowers,1
08101,CO,Pueblo,4
08103,CO,Rio Blanco,0
08105,CO,Rio Grande,0
08107,CO,Routt,0
08109,CO,Saguache,0
08111,CO,San Juan,0
08113,CO,San Miguel,0
08115,CO,Sedgwick,0
08117,CO,Summit,0
08119,CO,Teller,1
08121,CO,Washington,0
08123,CO,Weld,4
08125,CO,Yuma,0
09001,CT,Fairfield,5
09003,CT,Hartford,7
09005,CT,Litchfield,1
09007,CT,Middlesex,0
09009,CT,New Haven,10
09011,CT,New London,3
09013,CT,Tolland,0
09015,CT,Windham,3
10001,DE,Kent,3
10003,DE,New Castle,5
10005,DE,Sussex,4
11001,DC,District of Columbia,5
12001,FL,Alachua,2
12003,FL,Baker,1
12005,FL,Bay,6
12007,FL,Bradford,1
12009,FL,Brevard,12
12011,FL,Broward,32
12013,FL,Calhoun,0
12015,FL,Charlotte,6
12017,FL,Citrus,3
12019,FL,Clay,4
12021,FL,Collier,7
12023,FL,Columbia,1
12027,FL,DeSoto,1
12029,FL,Dixie,0
12031,FL,Duval,21
12033,FL,Escambia,6
12035,FL,Flagler,2
12037,FL,Franklin,0
12039,FL,Gadsden,1
12041,FL,Gilchrist,0
12043,FL,Glades,0
12045,FL,Gulf,0
12047,FL,Hamilton,0
12049,FL,Hardee,1
12051,FL,Hendry,2
12053,FL,Hernando,5
12055,FL,Highlands,2
12057,FL,Hillsborough,26
12059,FL,Holmes,0
12061,FL,Indian River,3
12063,FL,Jackson,1
12065,FL,Jefferson,0
12067,FL,Lafayette,0
12069,FL,Lake,7
12071,FL,Lee,18
12073,FL,Leon,7
12075,FL,Levy,1
12077,FL,Liberty,0
12079,FL,Madison,0
12081,FL,Manatee,8
12083,FL,Marion,7
12085,FL,Martin,2
12086,FL,Miami-Dade,26
12087,FL,Monroe,0
12089,FL,Nassau,1
12091,FL,Okaloosa,5
12093,FL,Okeechobee,1
12095,FL,Orange,23
12097,FL,Osceola,9
12099,FL,Palm Beach,22
12101,FL,Pasco,12
12103,FL,Pinellas,13
12105,FL,Polk,11
12107,FL,Putnam,1
12109,FL,St. Johns,1
12111,FL,St. Lucie,6
12113,FL,Santa Rosa,3
12115,FL,Sarasota,7
12117,FL,Seminole,10
12119,FL,Sumter,2
12121,FL,Suwannee,1
12123,FL,Taylor,1
12125,FL,Union,0
12127,FL,Volusia,10
12129,FL,Wakulla,1
12131,FL,Walton,2
12133,FL,Washington,1
13001,GA,Appling,1
13003,GA,Atkinson,0
13005,GA,Bacon,0
13007,GA,Baker,0
13009,GA,Baldwin,1
13011,GA,Banks,1
13013,GA,Barrow,1
13015,GA,Bartow,1
13017,GA,Ben Hill,1
13019,GA,Berrien,0
13021,GA,Bibb,4
13023,GA,Bleckley,1
13025,GA,Brantley,0
13027,GA,Brooks,0
13029,GA,Bryan,0
13031,GA,Bulloch,1
13033,GA,Burke,1
13035,GA,Butts,0
13037,GA,Calhoun,0
13039,GA,Camden,1
13043,GA,Candler,0
13045,GA,Carroll,2
13047,GA,Catoosa,3
13049,GA,Charlton,0
13051,GA,Chatham,7
13053,GA,Chattahoochee,0
13055,GA,Chattooga,1
13057,GA,Cherokee,8
13059,GA,Clarke,2
13061,GA,Clay,0
13063,GA,Clayton,6
13065,GA,Clinch,0
13067,GA,Cobb,12
13069,GA,Coffee,1
13071,GA,Colquitt,1
13073,GA,Columbia,3
13075,GA,Cook,1
13077,GA,Coweta,3
13079,GA,Crawford,0
13081,GA,Crisp,1
13083,GA,Dade,0
13085,GA,Dawson,1
13087,GA,Decatur,1
13089,GA,DeKalb,14
13091,GA,Dodge,1
13093,GA,Dooly,0
13095,GA,Dougherty,3
13097,GA,Douglas,3
13099,GA,Early,0
13101,GA,Echols,0
13103,GA,Effingham,1
13105,GA,Elbert,0
13107,GA,Emanuel,1
13109,GA,Evans,0
13111,GA,Fannin,1
13113,GA,Fayette,2
13115,GA,Floyd,3
13117,GA,Forsyth,7
13119,GA,Franklin,0
13121,GA,Fulton,15
13123,GA,Gilmer,1
13125,GA,Glascock,0
13127,GA,Glynn,2
13129,GA,Gordon,1
13131,GA,Grady,1
13133,GA,Greene,0
13135,GA,Gwinnett,16
13137,GA,Habersham,1
13139,GA,Hall,5
13141,GA,Hancock,0
13143,GA,Haralson,1
13145,GA,Harris,0
13147,GA,Hart,1
13149,GA,Heard,0
13151,GA,Henry,6
13153,GA,Houston,4
13155,GA,Irwin,0
13157,GA,Jackson,0
13159,GA,Jasper,0
13161,GA,Jeff Davis,1
13163,GA,Jefferson,0
13165,GA,Jenkins,0
13167,GA,Johnson,0
13169,GA,Jones,0
13171,GA,Lamar,0
13173,GA,Lanier,0
13175,GA,Laurens,1
13177,GA,Lee,0
13179,GA,Liberty,1
13181,GA,Lincoln,0
13183,GA,Long,0
13185,GA,Lowndes,3
13187,GA,Lumpkin,1
13189,GA,McDuffie,1
13191,GA,McIntosh,0
13193,GA,Macon,0
13195,GA,Madison,0
13197,GA,Marion,0
13199,GA,Meriwether,0
13201,GA,Miller,0
13205,GA,Mitchell,1
13207,GA,Monroe,1
13209,GA,Montgomery,0
13211,GA,Morgan,1
13213,GA,Murray,0
13215,GA,Muscogee,4
13217,GA,Newton,2
13219,GA,Oconee,1
13221,GA,Oglethorpe,0
13223,GA,Paulding,4
13225,GA,Peach,0
13227,GA,Pickens,1
13229,GA,Pierce,0
13231,GA,Pike,0
13233,GA,Polk,2
13235,GA,Pulaski,0
13237,GA,Putnam,1
13239,GA,Quitman,0
13241,GA,Rabun,1
13243,GA,Randolph,0
13245,GA,Richmond,4
13247,GA,Rockdale,2
13249,GA,Schley,0
13251,GA,Screven,0
13253,GA,Seminole,0
13255,GA,Spalding,1
13257,GA,Stephens,1
13259,GA,Stewart,0
13261,GA,Sumter,1
13263,GA,Talbot,0
13265,GA,Taliaferro,0
13267,GA,Tattnall,0
13269,GA,Taylor,0
13271,GA,Telfair,0
13273,GA,Terrell,0
13275,GA,Thomas,1
13277,GA,Tift,1
13279,GA,Toombs,1
13281,GA,Towns,0
13283,GA,Treutlen,0
13285,GA,Troup,2
13287,GA,Turner,0
13289,GA,Twiggs,0
13291,GA,Union,1
13293,GA,Upson,1
13295,GA,Walker,1
13297,GA,Walton,2
13299,GA,Ware,1
13301,GA,Warren,0
13303,GA,Washington,1
13305,GA,Wayne,1
13307,GA,Webster,0
13309,GA,Wheeler,0
13311,GA,White,1
13313,GA,Whitfield,2
13315,GA,Wilcox,0
13317,GA,Wilkes,0
13319,GA,Wilkinson,0
13321,GA,Worth,1
15001,HI,Hawaii,1
15003,HI,Honolulu,11
15005,HI,Kalawao,0
15007,HI,Kauai,1
15009,HI,Maui,1
16001,ID,Ada,13
16003,ID,Adams,0
16005,ID,Bannock,3
16007,ID,Bear Lake,0
16009,ID,Benewah,0
16011,ID,Bingham,1
16013,ID,Blaine,0
16015,ID,Boise,0
16017,ID,Bonner,1
16019,ID,Bonneville,4
16021,ID,Boundary,0
16023,ID,Butte,0
16025,ID,Camas,0
16027,ID,Canyon,5
16029,ID,Caribou,0
16031,ID,Cassia,1
16033,ID,Clark,0
16035,ID,Clearwater,0
16037,ID,Custer,0
16039,ID,Elmore,1
16041,ID,Franklin,0
16043,ID,Fremont,0
16045,ID,Gem,1
16047,ID,Gooding,0
16049,ID,Idaho,0
16051,ID,Jefferson,0
16053,ID,Jerome,1
16055,ID,Kootenai,5
16057,ID,Latah,1
16059,ID,Lemhi,0
16061,ID,Lewis,0
16063,ID,Lincoln,0
16065,ID,Madison,0
16067,ID,Minidoka,0
16069,ID,Nez Perce,0
16071,ID,Oneida,0
16073,ID,Owyhee,0
16075,ID,Payette,0
16077,ID,Power,0
16079,ID,Shoshone,1
16081,ID,Teton,0
16083,ID,Twin Falls,3
16085,ID,Valley,0
16087,ID,Washington,1
17001,IL,Adams,2
17003,IL,Alexander,0
17005,IL,Bond,0
17007,IL,Boone,1
17009,IL,Brown,0
17011,IL,Bureau,1
17013,IL,Calhoun,0
17015,IL,Carroll,0
17017,IL,Cass,1
17019,IL,Champaign,7
17021,IL,Christian,1
17023,IL,Clark,1
17025,IL,Clay,1
17027,IL,Clinton,1
17029,IL,Coles,2
17031,IL,Cook,51
17033,IL,Crawford,1
17035,IL,Cumberland,0
17037,IL,DeKalb,1
17039,IL,De Witt,0
17041,IL,Douglas,0
17043,IL,DuPage,14
17045,IL,Edgar,1
17047,IL,Edwards,0
17049,IL,Effingham,1
17051,IL,Fayette,1
17053,IL,Ford,0
17055,IL,Franklin,1
17057,IL,Fulton,0
17059,IL,Gallatin,0
17061,IL,Greene,0
17063,IL,Grundy,1
17065,IL,Hamilton,0
17067,IL,Hancock,0
17069,IL,Hardin,0
17071,IL,Henderson,0
17073,IL,Henry,1
17075,IL,Iroquois,1
17077,IL,Jackson,2
17079,IL,Jasper,0
17081,IL,Jefferson,1
17083,IL,Jersey,1
17085,IL,Jo Daviess,1
17087,IL,Johnson,0
17089,IL,Kane,10
17091,IL,Kankakee,3
17093,IL,Kendall,5
17095,IL,Knox,1
17097,IL,Lake,13
17099,IL,LaSalle,3
17101,IL,Lawrence,1
17103,IL,Lee,1
17105,IL,Livingston,1
17107,IL,Logan,1
17109,IL,McDonough,1
17111,IL,McHenry,11
17113,IL,McLean,4
17115,IL,Macon,3
17117,IL,Macoupin,1
17119,IL,Madison,6
17121,IL,Marion,1
17123,IL,Marshall,0
17125,IL,Mason,0
17127,IL,Massac,0
17129,IL,Menard,0
17131,IL,Mercer,0
17133,IL,Monroe,1
17135,IL,Montgomery,1
17137,IL,Morgan,1
17139,IL,Moultrie,0
17141,IL,Ogle,1
17143,IL,Peoria,2
17145,IL,Perry,1
17147,IL,Piatt,0
17149,IL,Pike,0
17151,IL,Pope,0
17153,IL,Pulaski,0
17155,IL,Putnam,0
17157,IL,Randolph,1
17159,IL,Richland,1
17161,IL,Rock Island,3
17163,IL,St. Clair,3
17165,IL,Saline,1
17167,IL,Sangamon,5
17169,IL,Schuyler,0
17171,IL,Scott,0
17173,IL,Shelby,1
17175,IL,Stark,0
17177,IL,Stephenson,1
17179,IL,Tazewell,5
17181,IL,Union,1
17183,IL,Vermilion,2
17185,IL,Wabash,0
17187,IL,Warren,0
17189,IL,Washington,0
17191,IL,Wayne,1
17193,IL,White,1
17195,IL,Whiteside,1
17197,IL,Will,16
17199,IL,Williamson,2
17201,IL,Winnebago,7
17203,IL,Woodford,0
18001,IN,Adams,1
18003,IN,Allen,11
18005,IN,Bartholomew,3
18007,IN,Benton,0
18009,IN,Blackford,0
18011,IN,Boone,2
18013,IN,Brown,0
18015,IN,Carroll,0
18017,IN,Cass,1
18019,IN,Clark,3
18021,IN,Clay,0
18023,IN,Clinton,1
18025,IN,Crawford,0
18027,IN,Daviess,1
18029,IN,Dearborn,1
18031,IN,Decatur,1
18033,IN,DeKalb,1
18035,IN,Delaware,3
18037,IN,Dubois,1
18039,IN,Elkhart,5
18041,IN,Fayette,1
18043,IN,Floyd,2
18045,IN,Fountain,0
18047,IN,Franklin,0
18049,IN,Fulton,1
18051,IN,Gibson,2
18053,IN,Grant,2
18055,IN,Greene,1
18057,IN,Hamilton,7
18059,IN,Hancock,1
18061,IN,Harrison,1
18063,IN,Hendricks,9
18065,IN,Henry,1
18067,IN,Howard,3
18069,IN,Huntington,1
18071,IN,Jackson,1
18073,IN,Jasper,0
18075,IN,Jay,1
18077,IN,Jefferson,1
18079,IN,Jennings,1
18081,IN,Johnson,6
18083,IN,Knox,1
18085,IN,Kosciusko,2
18087,IN,LaGrange,0
18089,IN,Lake,6
18091,IN,LaPorte,3
18093,IN,Lawrence,1
18095,IN,Madison,2
18097,IN,Marion,23
18099,IN,Marshall,1
18101,IN,Martin,0
18103,IN,Miami,0
18105,IN,Monroe,2
18107,IN,Montgomery,1
18109,IN,Morgan,1
18111,IN,Newton,0
18113,IN,Noble,1
18115,IN,Ohio,0
18117,IN,Orange,1
18119,IN,Owen,0
18121,IN,Parke,0
18123,IN,Perry,1
18125,IN,Pike,0
18127,IN,Porter,3
18129,IN,Posey,0
18131,IN,Pulaski,0
18133,IN,Putnam,1
18135,IN,Randolph,1
18137,IN,Ripley,0
18139,IN,Rush,0
18141,IN,St. Joseph,9
18143,IN,Scott,1
18145,IN,Shelby,1
18147,IN,Spencer,0
18149,IN,Starke,0
18151,IN,Steuben,2
18153,IN,Sullivan,0
18155,IN,Switzerland,0
18157,IN,Tippecanoe,7
18159,IN,Tipton,0
18161,IN,Union,0
18163,IN,Vanderburgh,4
18165,IN,Vermillion,0
18167,IN,Vigo,4
18169,IN,Wabash,1
18171,IN,Warren,0
18173,IN,Warrick,2
18175,IN,Washington,0
18177,IN,Wayne,2
18179,IN,Wells,1
18181,IN,White,1
18183,IN,Whitley,1
19001,IA,Adair,0
19003,IA,Adams,0
19005,IA,Allamakee,0
19007,IA,Appanoose,1
19009,IA,Audubon,0
19011,IA,Benton,0
19013,IA,Black Hawk,4
19015,IA,Boone,0
19017,IA,Bremer,1
19019,IA,Buchanan,1
19021,IA,Buena Vista,1
19023,IA,Butler,0
19025,IA,Calhoun,0
19027,IA,Carroll,1
19029,IA,Cass,1
19031,IA,Cedar,0
19033,IA,Cerro Gordo,2
19035,IA,Cherokee,0
19037,IA,Chickasaw,0
19039,IA,Clarke,1
19041,IA,Clay,1
19043,IA,Clayton,0
19045,IA,Clinton,1
19047,IA,Crawford,1
19049,IA,Dallas,2
19051,IA,Davis,0
19053,IA,Decatur,0
19055,IA,Delaware,1
19057,IA,Des Moines,1
19059,IA,Dickinson,1
19061,IA,Dubuque,2
19063,IA,Emmet,0
19065,IA,Fayette,0
19067,IA,Floyd,0
19069,IA,Franklin,0
19071,IA,Fremont,1
19073,IA,Greene,0
19075,IA,Grundy,0
19077,IA,Guthrie,0
19079,IA,Hamilton,0
19081,IA,Hancock,0
19083,IA,Hardin,0
19085,IA,Harrison,0
19087,IA,Henry,1
19089,IA,Howard,0
19091,IA,Humboldt,0
19093,IA,Ida,0
19095,IA,Iowa,0
19097,IA,Jackson,1
19099,IA,Jasper,1
19101,IA,Jefferson,1
19103,IA,Johnson,3
19105,IA,Jones,1
19107,IA,Keokuk,0
19109,IA,Kossuth,0
19111,IA,Lee,1
19113,IA,Linn,6
19115,IA,Louisa,0
19117,IA,Lucas,0
19119,IA,Lyon,0
19121,IA,Madison,0
19123,IA,Mahaska,1
19125,IA,Marion,2
19127,IA,Marshall,1
19129,IA,Mills,0
19131,IA,Mitchell,0
19133,IA,Monona,0
19135,IA,Monroe,0
19137,IA,Montgomery,0
19139,IA,Muscatine,1
19141,IA,O'Brien,0
19143,IA,Osceola,0
19145,IA,Page,0
19147,IA,Palo Alto,0
19149,IA,Plymouth,1
19151,IA,Pocahontas,0
19153,IA,Polk,10
19155,IA,Pottawattamie,3
19157,IA,Poweshiek,1
19159,IA,Ringgold,0
19161,IA,Sac,0
19163,IA,Scott,4
19165,IA,Shelby,0
19167,IA,Sioux,1
19169,IA,Story,2
19171,IA,Tama,0
19173,IA,Taylor,0
19175,IA,Union,1
19177,IA,Van Buren,0
19179,IA,Wapello,1
19181,IA,Warren,1
19183,IA,Washington,1
19185,IA,Wayne,0
19187,IA,Webster,1
19189,IA,Winnebago,0
19191,IA,Winneshiek,1
19193,IA,Woodbury,3
19195,IA,Worth,0
19197,IA,Wright,0
20001,KS,Allen,1
20003,KS,Anderson,0
20005,KS,Atchison,1
20007,KS,Barber,0
20009,KS,Barton,1
20011,KS,Bourbon,1
20013,KS,Brown,1
20015,KS,Butler,1
20017,KS,Chase,0
20019,KS,Chautauqua,0
20021,KS,Cherokee,0
20023,KS,Cheyenne,0
20025,KS,Clark,0
20027,KS,Clay,0
20029,KS,Cloud,1
20031,KS,Coffey,0
20033,KS,Comanche,0
20035,KS,Cowley,2
20037,KS,Crawford,1
20039,KS,Decatur,0
20041,KS,Dickinson,0
20043,KS,Doniphan,0
20045,KS,Douglas,3
20047,KS,Edwards,0
20049,KS,Elk,0
20051,KS,Ellis,1
20053,KS,Ellsworth,0
20055,KS,Finney,2
20057,KS,Ford,1
20059,KS,Franklin,1
20061,KS,Geary,1
20063,KS,Gove,0
20065,KS,Graham,0
20067,KS,Grant,0
20069,KS,Gray,0
20071,KS,Greeley,0
20073,KS,Greenwood,0
20075,KS,Hamilton,0
20077,KS,Harper,0
20079,KS,Harvey,1
20081,KS,Haskell,0
20083,KS,Hodgeman,0
20085,KS,Jackson,0
20087,KS,Jefferson,0
20089,KS,Jewell,0
20091,KS,Johnson,15
20093,KS,Kearny,0
20095,KS,Kingman,0
20097,KS,Kiowa,0
20099,KS,Labette,1
20101,KS,Lane,0
20103,KS,Leavenworth,1
20105,KS,Lincoln,0
20107,KS,Linn,0
20109,KS,Logan,0
20111,KS,Lyon,1
20113,KS,McPherson,1
20115,KS,Marion,0
20117,KS,Marshall,1
20119,KS,Meade,0
20121,KS,Miami,1
20123,KS,Mitchell,0
20125,KS,Montgomery,2
20127,KS,Morris,0
20129,KS,Morton,0
20131,KS,Nemaha,0
20133,KS,Neosho,1
20135,KS,Ness,0
20137,KS,Norton,0
20139,KS,Osage,0
20141,KS,Osborne,0
20143,KS,Ottawa,0
20145,KS,Pawnee,0
20147,KS,Phillips,0
20149,KS,Pottawatomie,0
20151,KS,Pratt,1
20153,KS,Rawlins,0
20155,KS,Reno,1
20157,KS,Republic,0
20159,KS,Rice,0
20161,KS,Riley,1
20163,KS,Rooks,0
20165,KS,Rush,0
20167,KS,Russell,0
20169,KS,Saline,2
20171,KS,Scott,0
20173,KS,Sedgwick,14
20175,KS,Seward,1
20177,KS,Shawnee,6
20179,KS,Sheridan,0
20181,KS,Sherman,1
20183,KS,Smith,0
20185,KS,Stafford,0
20187,KS,Stanton,0
20189,KS,Stevens,0
20191,KS,Sumner,1
20193,KS,Thomas,1
20195,KS,Trego,0
20197,KS,Wabaunsee,0
20199,KS,Wallace,0
20201,KS,Washington,0
20203,KS,Wichita,0
20205,KS,Wilson,0
20207,KS,Woodson,0
20209,KS,Wyandotte,3
21001,KY,Adair,1
21003,KY,Allen,0
21005,KY,Anderson,1
21007,KY,Ballard,0
21009,KY,Barren,1
21011,KY,Bath,0
21013,KY,Bell,1
21015,KY,Boone,4
21017,KY,Bourbon,1
21019,KY,Boyd,2
21021,KY,Boyle,1
21023,KY,Bracken,0
21025,KY,Breathitt,0
21027,KY,Breckinridge,0
21029,KY,Bullitt,1
21031,KY,Butler,0
21033,KY,Caldwell,1
21035,KY,Calloway,1
21037,KY,Campbell,2
21039,KY,Carlisle,0
21041,KY,Carroll,1
21043,KY,Carter,0
21045,KY,Casey,0
21047,KY,Christian,2
21049,KY,Clark,1
21051,KY,Clay,0
21053,KY,Clinton,0
21055,KY,Crittenden,0
21057,KY,Cumberland,0
21059,KY,Daviess,4
21061,KY,Edmonson,0
21063,KY,Elliott,0
21065,KY,Estill,0
21067,KY,Fayette,7
21069,KY,Fleming,0
21071,KY,Floyd,0
21073,KY,Franklin,1
21075,KY,Fulton,0
21077,KY,Gallatin,0
21079,KY,Garrard,0
21081,KY,Grant,1
21083,KY,Graves,1
21085,KY,Grayson,1
21087,KY,Green,0
21089,KY,Greenup,0
21091,KY,Hancock,0
21093,KY,Hardin,3
21095,KY,Harlan,0
21097,KY,Harrison,1
21099,KY,Hart,0
21101,KY,Henderson,1
21103,KY,Henry,0
21105,KY,Hickman,1
21107,KY,Hopkins,1
21109,KY,Jackson,0
21111,KY,Jefferson,17
21113,KY,Jessamine,2
21115,KY,Johnson,1
21117,KY,Kenton,1
21119,KY,Knott,0
21121,KY,Knox,0
21123,KY,Larue,0
21125,KY,Laurel,2
21127,KY,Lawrence,1
21129,KY,Lee,0
21131,KY,Leslie,0
21133,KY,Letcher,0
21135,KY,Lewis,0
21137,KY,Lincoln,1
21139,KY,Livingston,0
21141,KY,Logan,1
21143,KY,Lyon,0
21145,KY,McCracken,3
21147,KY,McCreary,0
21149,KY,McLean,0
21151,KY,Madison,3
21153,KY,Magoffin,0
21155,KY,Marion,1
21157,KY,Marshall,1
21159,KY,Martin,0
21161,KY,Mason,1
21163,KY,Meade,0
21165,KY,Menifee,0
21167,KY,Mercer,1
21169,KY,Metcalfe,0
21171,KY,Monroe,1
21173,KY,Montgomery,1
21175,KY,Morgan,0
21177,KY,Muhlenberg,1
21179,KY,Nelson,1
21181,KY,Nicholas,0
21183,KY,Ohio,1
21185,KY,Oldham,2
21187,KY,Owen,0
21189,KY,Owsley,0
21191,KY,Pendleton,0
21193,KY,Perry,1
21195,KY,Pike,2
21197,KY,Powell,0
21199,KY,Pulaski,1
21201,KY,Robertson,0
21203,KY,Rockcastle,0
21205,KY,Rowan,1
21207,KY,Russell,0
21209,KY,Scott,2
21211,KY,Shelby,1
21213,KY,Simpson,1
21215,KY,Spencer,0
21217,KY,Taylor,1
21219,KY,Todd,0
21221,KY,Trigg,0
21223,KY,Trimble,0
21225,KY,Union,1
21227,KY,Warren,4
21229,KY,Washington,0
21231,KY,Wayne,1
21233,KY,Webster,0
21235,KY,Whitley,1
21237,KY,Wolfe,0
21239,KY,Woodford,0
22001,LA,Acadia,1
22003,LA,Allen,1
22005,LA,Ascension,4
22007,LA,Assumption,0
22009,LA,Avoyelles,1
22011,LA,Beauregard,1
22013,LA,Bienville,0
22015,LA,Bossier,3
22017,LA,Caddo,7
22019,LA,Calcasieu,6
22021,LA,Caldwell,0
22023,LA,Cameron,0
22025,LA,Catahoula,0
22027,LA,Claiborne,0
22029,LA,Concordia,1
22031,LA,De Soto,1
22033,LA,East Baton Rouge,13
22035,LA,East Carroll,0
22037,LA,East Feliciana,0
22039,LA,Evangeline,1
22041,LA,Franklin,1
22043,LA,Grant,0
22045,LA,Iberia,1
22047,LA,Iberville,1
22049,LA,Jackson,1
22051,LA,Jefferson,8
22053,LA,Jefferson Davis,1
22055,LA,Lafayette,7
22057,LA,Lafourche,3
22059,LA,La Salle,1
22061,LA,Lincoln,1
22063,LA,Livingston,5
22065,LA,Madison,0
22067,LA,Morehouse,1
22069,LA,Natchitoches,1
22071,LA,Orleans,4
22073,LA,Ouachita,7
22075,LA,Plaquemines,0
22077,LA,Pointe Coupee,0
22079,LA,Rapides,6
22081,LA,Red River,0
22083,LA,Richland,1
22085,LA,Sabine,1
22087,LA,St. Bernard,1
22089,LA,St. Charles,1
22091,LA,St. Helena,0
22093,LA,St. James,0
22095,LA,St. John the Baptist,1
22097,LA,St. Landry,2
22099,LA,St. Martin,1
22101,LA,St. Mary,1
22103,LA,St. Tammany,7
22105,LA,Tangipahoa,3
22107,LA,Tensas,0
22109,LA,Terrebonne,3
22111,LA,Union,1
22113,LA,Vermilion,1
22115,LA,Vernon,1
22117,LA,Washington,0
22119,LA,Webster,2
22121,LA,West Baton Rouge,1
22123,LA,West Carroll,1
22125,LA,West Feliciana,0
22127,LA,Winn,1
23001,ME,Androscoggin,2
23003,ME,Aroostook,1
23005,ME,Cumberland,5
23007,ME,Franklin,1
23009,ME,Hancock,1
23011,ME,Kennebec,3
23013,ME,Knox,0
23015,ME,Lincoln,0
23017,ME,Oxford,2
23019,ME,Penobscot,4
23021,ME,Piscataquis,0
23023,ME,Sagadahoc,0
23025,ME,Somerset,2
23027,ME,Waldo,0
23029,ME,Washington,0
23031,ME,York,2
24001,MD,Allegany,1
24003,MD,Anne Arundel,10
24005,MD,Baltimore,11
24009,MD,Calvert,0
24011,MD,Caroline,1
24013,MD,Carroll,2
24015,MD,Cecil,2
24017,MD,Charles,2
24019,MD,Dorchester,1
24021,MD,Frederick,4
24023,MD,Garrett,1
24025,MD,Harford,3
24027,MD,Howard,3
24029,MD,Kent,0
24031,MD,Montgomery,3
24033,MD,Prince George's,5
24035,MD,Queen Anne's,0
24037,MD,St. Mary's,2
24039,MD,Somerset,0
24041,MD,Talbot,1
24043,MD,Washington,2
24045,MD,Wicomico,3
24047,MD,Worcester,2
24510,MD,Baltimore,2
25001,MA,Barnstable,1
25003,MA,Berkshire,1
25005,MA,Bristol,8
25007,MA,Dukes,0
25009,MA,Essex,5
25011,MA,Franklin,1
25013,MA,Hampden,4
25015,MA,Hampshire,1
25017,MA,Middlesex,9
25019,MA,Nantucket,0
25021,MA,Norfolk,7
25023,MA,Plymouth,3
25025,MA,Suffolk,1
25027,MA,Worcester,8
26001,MI,Alcona,0
26003,MI,Alger,0
26005,MI,Allegan,2
26007,MI,Alpena,2
26009,MI,Antrim,0
26011,MI,Arenac,0
26013,MI,Baraga,0
26015,MI,Barry,1
26017,MI,Bay,3
26019,MI,Benzie,0
26021,MI,Berrien,4
26023,MI,Branch,2
26025,MI,Calhoun,4
26027,MI,Cass,0
26029,MI,Charlevoix,0
26031,MI,Cheboygan,1
26033,MI,Chippewa,1
26035,MI,Clare,0
26037,MI,Clinton,3
26039,MI,Crawford,0
26041,MI,Delta,1
26043,MI,Dickinson,1
26045,MI,Eaton,5
26047,MI,Emmet,2
26049,MI,Genesee,11
26051,MI,Gladwin,0
26053,MI,Gogebic,1
26055,MI,Grand Traverse,4
26057,MI,Gratiot,2
26059,MI,Hillsdale,1
26061,MI,Houghton,1
26063,MI,Huron,1
26065,MI,Ingham,6
26067,MI,Ionia,2
26069,MI,Iosco,1
26071,MI,Iron,0
26073,MI,Isabella,3
26075,MI,Jackson,4
26077,MI,Kalamazoo,8
26079,MI,Kalkaska,0
26081,MI,Kent,20
26083,MI,Keweenaw,0
26085,MI,Lake,0
26087,MI,Lapeer,2
26089,MI,Leelanau,0
26091,MI,Lenawee,2
26093,MI,Livingston,6
26095,MI,Luce,0
26097,MI,Mackinac,0
26099,MI,Macomb,19
26101,MI,Manistee,1
26103,MI,Marquette,1
26105,MI,Mason,2
26107,MI,Mecosta,2
26109,MI,Menominee,0
26111,MI,Midland,2
26113,MI,Missaukee,0
26115,MI,Monroe,2
26117,MI,Montcalm,2
26119,MI,Montmorency,0
26121,MI,Muskegon,6
26123,MI,Newaygo,1
26125,MI,Oakland,27
26127,MI,Oceana,0
26129,MI,Ogemaw,1
26131,MI,Ontonagon,0
26133,MI,Osceola,0
26135,MI,Oscoda,0
26137,MI,Otsego,2
26139,MI,Ottawa,7
26141,MI,Presque Isle,0
26143,MI,Roscommon,1
26145,MI,Saginaw,6
26147,MI,St. Clair,5
26149,MI,St. Joseph,4
26151,MI,Sanilac,1
26153,MI,Schoolcraft,0
26155,MI,Shiawassee,2
26157,MI,Tuscola,1
26159,MI,Van Buren,3
26161,MI,Washtenaw,6
26163,MI,Wayne,33
26165,MI,Wexford,2
27001,MN,Aitkin,0
27003,MN,Anoka,8
27005,MN,Becker,1
27007,MN,Beltrami,1
27009,MN,Benton,0
27011,MN,Big Stone,0
27013,MN,Blue Earth,2
27015,MN,Brown,1
27017,MN,Carlton,1
27019,MN,Carver,1
27021,MN,Cass,0
27023,MN,Chippewa,1
27025,MN,Chisago,0
27027,MN,Clay,2
27029,MN,Clearwater,0
27031,MN,Cook,0
27033,MN,Cottonwood,0
27035,MN,Crow Wing,2
27037,MN,Dakota,13
27039,MN,Dodge,0
27041,MN,Douglas,1
27043,MN,Faribault,0
27045,MN,Fillmore,0
27047,MN,Freeborn,1
27049,MN,Goodhue,1
27051,MN,Grant,0
27053,MN,Hennepin,19
27055,MN,Houston,0
27057,MN,Hubbard,1
27059,MN,Isanti,1
27061,MN,Itasca,1
27063,MN,Jackson,0
27065,MN,Kanabec,0
27067,MN,Kandiyohi,1
27069,MN,Kittson,0
27071,MN,Koochiching,0
27073,MN,Lac qui Parle,0
27075,MN,Lake,0
27077,MN,Lake of the Woods,0
27079,MN,Le Sueur,0
27081,MN,Lincoln,0
27083,MN,Lyon,1
27085,MN,McLeod,1
27087,MN,Mahnomen,0
27089,MN,Marshall,0
27091,MN,Martin,1
27093,MN,Meeker,1
27095,MN,Mille Lacs,1
27097,MN,Morrison,1
27099,MN,Mower,1
27101,MN,Murray,0
27103,MN,Nicollet,0
27105,MN,Nobles,1
27107,MN,Norman,0
27109,MN,Olmsted,6
27111,MN,Otter Tail,1
27113,MN,Pennington,1
27115,MN,Pine,1
27117,MN,Pipestone,0
27119,MN,Polk,1
27121,MN,Pope,0
27123,MN,Ramsey,6
27125,MN,Red Lake,0
27127,MN,Redwood,1
27129,MN,Renville,0
27131,MN,Rice,1
27133,MN,Rock,0
27135,MN,Roseau,0
27137,MN,St. Louis,4
27139,MN,Scott,3
27141,MN,Sherburne,1
27143,MN,Sibley,0
27145,MN,Stearns,4
27147,MN,Steele,1
27149,MN,Stevens,0
27151,MN,Swift,0
27153,MN,Todd,0
27155,MN,Traverse,0
27157,MN,Wabasha,0
27159,MN,Wadena,1
27161,MN,Waseca,1
27163,MN,Washington,6
27165,MN,Watonwan,0
27167,MN,Wilkin,0
27169,MN,Winona,1
27171,MN,Wright,4
27173,MN,Yellow Medicine,0
28001,MS,Adams,1
28003,MS,Alcorn,1
28005,MS,Amite,0
28007,MS,Attala,1
28009,MS,Benton,0
28011,MS,Bolivar,1
28013,MS,Calhoun,0
28015,MS,Carroll,0
28017,MS,Chickasaw,0
28019,MS,Choctaw,0
28021,MS,Claiborne,0
28023,MS,Clarke,0
28025,MS,Clay,1
28027,MS,Coahoma,1
28029,MS,Copiah,1
28031,MS,Covington,0
28033,MS,DeSoto,5
28035,MS,Forrest,2
28037,MS,Franklin,0
28039,MS,George,1
28041,MS,Greene,0
28043,MS,Grenada,1
28045,MS,Hancock,1
28047,MS,Harrison,5
28049,MS,Hinds,4
28051,MS,Holmes,0
28053,MS,Humphreys,0
28055,MS,Issaquena,0
28057,MS,Itawamba,1
28059,MS,Jackson,2
28061,MS,Jasper,0
28063,MS,Jefferson,0
28065,MS,Jefferson Davis,0
28067,MS,Jones,1
28069,MS,Kemper,0
28071,MS,Lafayette,1
28073,MS,Lamar,2
28075,MS,Lauderdale,3
28077,MS,Lawrence,0
28079,MS,Leake,1
28081,MS,Lee,3
28083,MS,Leflore,1
28085,MS,Lincoln,1
28087,MS,Lowndes,1
28089,MS,Madison,3
28091,MS,Marion,1
28093,MS,Marshall,1
28095,MS,Monroe,1
28097,MS,Montgomery,0
28099,MS,Neshoba,1
28101,MS,Newton,1
28103,MS,Noxubee,0
28105,MS,Oktibbeha,1
28107,MS,Panola,1
28109,MS,Pearl River,1
28111,MS,Perry,0
28113,MS,Pike,1
28115,MS,Pontotoc,1
28117,MS,Prentiss,1
28119,MS,Quitman,0
28121,MS,Rankin,4
28123,MS,Scott,1
28125,MS,Sharkey,0
28127,MS,Simpson,1
28129,MS,Smith,0
28131,MS,Stone,1
28133,MS,Sunflower,1
28135,MS,Tallahatchie,0
28137,MS,Tate,1
28139,MS,Tippah,0
28141,MS,Tishomingo,0
28143,MS,Tunica,0
28145,MS,Union,1
28147,MS,Walthall,0
28149,MS,Warren,1
28151,MS,Washington,1
28153,MS,Wayne,1
28155,MS,Webster,0
28157,MS,Wilkinson,0
28159,MS,Winston,1
28161,MS,Yalobusha,0
28163,MS,Yazoo,0
29001,MO,Adair,1
29003,MO,Andrew,0
29005,MO,Atchison,0
29007,MO,Audrain,1
29009,MO,Barry,2
29011,MO,Barton,1
29013,MO,Bates,1
29015,MO,Benton,1
29017,MO,Bollinger,0
29019,MO,Boone,4
29021,MO,Buchanan,3
29023,MO,Butler,2
29025,MO,Caldwell,0
29027,MO,Callaway,1
29029,MO,Camden,2
29031,MO,Cape Girardeau,4
29033,MO,Carroll,0
29035,MO,Carter,0
29037,MO,Cass,2
29039,MO,Cedar,0
29041,MO,Chariton,0
29043,MO,Christian,2
29045,MO,Clark,0
29047,MO,Clay,6
29049,MO,Clinton,0
29051,MO,Cole,3
29053,MO,Cooper,1
29055,MO,Crawford,0
29057,MO,Dade,0
29059,MO,Dallas,0
29061,MO,Daviess,0
29063,MO,DeKalb,1
29065,MO,Dent,1
29067,MO,Douglas,1
29069,MO,Dunklin,1
29071,MO,Franklin,3
29073,MO,Gasconade,1
29075,MO,Gentry,0
29077,MO,Greene,9
29079,MO,Grundy,0
29081,MO,Harrison,1
29083,MO,Henry,1
29085,MO,Hickory,0
29087,MO,Holt,0
29089,MO,Howard,0
29091,MO,Howell,1
29093,MO,Iron,0
29095,MO,Jackson,13
29097,MO,Jasper,5
29099,MO,Jefferson,4
29101,MO,Johnson,1
29103,MO,Knox,0
29105,MO,Laclede,1
29107,MO,Lafayette,0
29109,MO,Lawrence,2
29111,MO,Lewis,0
29113,MO,Lincoln,1
29115,MO,Linn,1
29117,MO,Livingston,1
29119,MO,McDonald,1
29121,MO,Macon,0
29123,MO,Madison,1
29125,MO,Maries,0
29127,MO,Marion,1
29129,MO,Mercer,0
29131,MO,Miller,0
29133,MO,Mississippi,0
29135,MO,Moniteau,0
29137,MO,Monroe,0
29139,MO,Montgomery,0
29141,MO,Morgan,1
29143,MO,New Madrid,1
29145,MO,Newton,1
29147,MO,Nodaway,1
29149,MO,Oregon,0
29151,MO,Osage,0
29153,MO,Ozark,0
29155,MO,Pemiscot,0
29157,MO,Perry,1
29159,MO,Pettis,1
29161,MO,Phelps,1
29163,MO,Pike,1
29165,MO,Platte,1
29167,MO,Polk,1
29169,MO,Pulaski,1
29171,MO,Putnam,0
29173,MO,Ralls,0
29175,MO,Randolph,1
29177,MO,Ray,1
29179,MO,Reynolds,0
29181,MO,Ripley,0
29183,MO,St. Charles,7
29185,MO,St. Clair,0
29186,MO,Ste. Genevieve,0
29187,MO,St. Francois,2
29189,MO,St. Louis,19
29195,MO,Saline,1
29197,MO,Schuyler,0
29199,MO,Scotland,0
29201,MO,Scott,0
29203,MO,Shannon,0
29205,MO,Shelby,0
29207,MO,Stoddard,1
29209,MO,Stone,1
29211,MO,Sullivan,0
29213,MO,Taney,1
29215,MO,Texas,1
29217,MO,Vernon,1
29219,MO,Warren,1
29221,MO,Washington,1
29223,MO,Wayne,0
29225,MO,Webster,1
29227,MO,Worth,0
29229,MO,Wright,1
29510,MO,St. Louis,0
30001,MT,Beaverhead,0
30003,MT,Big Horn,0
30005,MT,Blaine,0
30007,MT,Broadwater,0
30009,MT,Carbon,0
30011,MT,Carter,0
30013,MT,Cascade,2
30015,MT,Chouteau,0
30017,MT,Custer,1
30019,MT,Daniels,0
30021,MT,Dawson,0
30023,MT,Deer Lodge,0
30025,MT,Fallon,0
30027,MT,Fergus,0
30029,MT,Flathead,2
30031,MT,Gallatin,2
30033,MT,Garfield,0
30035,MT,Glacier,0
30037,MT,Golden Valley,0
30039,MT,Granite,0
30041,MT,Hill,1
30043,MT,Jefferson,0
30045,MT,Judith Basin,0
30047,MT,Lake,0
30049,MT,Lewis and Clark,2
30051,MT,Liberty,0
30053,MT,Lincoln,0
30055,MT,McCone,0
30057,MT,Madison,0
30059,MT,Meagher,0
30061,MT,Mineral,0
30063,MT,Missoula,3
30065,MT,Musselshell,0
30067,MT,Park,0
30069,MT,Petroleum,0
30071,MT,Phillips,0
30073,MT,Pondera,0
30075,MT,Powder River,0
30077,MT,Powell,0
30079,MT,Prairie,0
30081,MT,Ravalli,0
30083,MT,Richland,0
30085,MT,Roosevelt,0
30087,MT,Rosebud,0
30089,MT,Sanders,0
30091,MT,Sheridan,0
30093,MT,Silver Bow,1
30095,MT,Stillwater,0
30097,MT,Sweet Grass,0
30099,MT,Teton,0
30101,MT,Toole,0
30103,MT,Treasure,0
30105,MT,Valley,0
30107,MT,Wheatland,0
30109,MT,Wibaux,0
30111,MT,Yellowstone,5
31001,NE,Adams,1
31003,NE,Antelope,0
31005,NE,Arthur,0
31007,NE,Banner,0
31009,NE,Blaine,0
31011,NE,Boone,0
31013,NE,Box Butte,0
31015,NE,Boyd,0
31017,NE,Brown,0
31019,NE,Buffalo,1
31021,NE,Burt,0
31023,NE,Butler,0
31025,NE,Cass,0
31027,NE,Cedar,0
31029,NE,Chase,0
31031,NE,Cherry,0
31033,NE,Cheyenne,1
31035,NE,Clay,0
31037,NE,Colfax,0
31039,NE,Cuming,0
31041,NE,Custer,0
31043,NE,Dakota,1
31045,NE,Dawes,1
31047,NE,Dawson,1
31049,NE,Deuel,0
31051,NE,Dixon,0
31053,NE,Dodge,1
31055,NE,Douglas,13
31057,NE,Dundy,0
31059,NE,Fillmore,0
31061,NE,Franklin,0
31063,NE,Frontier,0
31065,NE,Furnas,0
31067,NE,Gage,1
31069,NE,Garden,0
31071,NE,Garfield,0
31073,NE,Gosper,0
31075,NE,Grant,0
31077,NE,Greeley,0
31079,NE,Hall,3
31081,NE,Hamilton,0
31083,NE,Harlan,0
31085,NE,Hayes,0
31087,NE,Hitchcock,0
31089,NE,Holt,0
31091,NE,Hooker,0
31093,NE,Howard,0
31095,NE,Jefferson,1
31097,NE,Johnson,0
31099,NE,Kearney,0
31101,NE,Keith,1
31103,NE,Keya Paha,0
31105,NE,Kimball,0
31107,NE,Knox,0
31109,NE,Lancaster,7
31111,NE,Lincoln,1
31113,NE,Logan,0
31115,NE,Loup,0
31117,NE,McPherson,0
31119,NE,Madison,1
31121,NE,Merrick,0
31123,NE,Morrill,0
31125,NE,Nance,0
31127,NE,Nemaha,0
31129,NE,Nuckolls,0
31131,NE,Otoe,1
31133,NE,Pawnee,0
31135,NE,Perkins,0
31137,NE,Phelps,0
31139,NE,Pierce,0
31141,NE,Platte,1
31143,NE,Polk,0
31145,NE,Red Willow,1
31147,NE,Richardson,0
31149,NE,Rock,0
31151,NE,Saline,1
31153,NE,Sarpy,6
31155,NE,Saunders,0
31157,NE,Scotts Bluff,1
31159,NE,Seward,1
31161,NE,Sheridan,0
31163,NE,Sherman,0
31165,NE,Sioux,0
31167,NE,Stanton,0
31169,NE,Thayer,0
31171,NE,Thomas,0
31173,NE,Thurston,0
31175,NE,Valley,0
31177,NE,Washington,1
31179,NE,Wayne,0
31181,NE,Webster,0
31183,NE,Wheeler,0
31185,NE,York,1
32001,NV,Churchill,1
32003,NV,Clark,26
32005,NV,Douglas,2
32007,NV,Elko,1
32009,NV,Esmeralda,0
32011,NV,Eureka,0
32013,NV,Humboldt,1
32015,NV,Lander,0
32017,NV,Lincoln,0
32019,NV,Lyon,1
32021,NV,Mineral,0
32023,NV,Nye,1
32027,NV,Pershing,0
32029,NV,Storey,0
32031,NV,Washoe,9
32033,NV,White Pine,0
32510,NV,Carson City,2
33001,NH,Belknap,1
33003,NH,Carroll,0
33005,NH,Cheshire,1
33007,NH,Coos,1
33009,NH,Grafton,3
33011,NH,Hillsborough,5
33013,NH,Merrimack,4
33015,NH,Rockingham,7
33017,NH,Strafford,2
33019,NH,Sullivan,1
34001,NJ,Atlantic,3
34003,NJ,Bergen,6
34005,NJ,Burlington,3
34007,NJ,Camden,2
34009,NJ,Cape May,0
34011,NJ,Cumberland,2
34013,NJ,Essex,0
34015,NJ,Gloucester,7
34017,NJ,Hudson,7
34019,NJ,Hunterdon,3
34021,NJ,Mercer,3
34023,NJ,Middlesex,11
34025,NJ,Monmouth,9
34027,NJ,Morris,5
34029,NJ,Ocean,5
34031,NJ,Passaic,2
34033,NJ,Salem,0
34035,NJ,Somerset,3
34037,NJ,Sussex,0
34039,NJ,Union,3
34041,NJ,Warren,2
35001,NM,Bernalillo,15
35003,NM,Catron,0
35005,NM,Chaves,2
35006,NM,Cibola,1
35007,NM,Colfax,0
35009,NM,Curry,1
35011,NM,De Baca,0
35013,NM,DoÃ±a Ana,4
35015,NM,Eddy,2
35017,NM,Grant,1
35019,NM,Guadalupe,0
35021,NM,Harding,0
35023,NM,Hidalgo,0
35025,NM,Lea,1
35027,NM,Lincoln,1
35028,NM,Los Alamos,0
35029,NM,Luna,1
35031,NM,McKinley,1
35033,NM,Mora,0
35035,NM,Otero,1
35037,NM,Quay,0
35039,NM,Rio Arriba,1
35041,NM,Roosevelt,1
35043,NM,Sandoval,2
35045,NM,San Juan,3
35047,NM,San Miguel,1
35049,NM,Santa Fe,3
35051,NM,Sierra,1
35053,NM,Socorro,1
35055,NM,Taos,0
35057,NM,Torrance,0
35059,NM,Union,0
35061,NM,Valencia,2
36001,NY,Albany,5
36003,NY,Allegany,0
36005,NY,Bronx,3
36007,NY,Broome,3
36009,NY,Cattaraugus,2
36011,NY,Cayuga,2
36013,NY,Chautauqua,3
36015,NY,Chemung,2
36017,NY,Chenango,1
36019,NY,Clinton,2
36021,NY,Columbia,1
36023,NY,Cortland,1
36025,NY,Delaware,0
36027,NY,Dutchess,3
36029,NY,Erie,9
36031,NY,Essex,1
36033,NY,Franklin,1
36035,NY,Fulton,0
36037,NY,Genesee,2
36039,NY,Greene,1
36041,NY,Hamilton,0
36043,NY,Herkimer,1
36045,NY,Jefferson,3
36047,NY,Kings,4
36049,NY,Lewis,1
36051,NY,Livingston,1
36053,NY,Madison,1
36055,NY,Monroe,11
36057,NY,Montgomery,1
36059,NY,Nassau,7
36061,NY,New York,1
36063,NY,Niagara,3
36065,NY,Oneida,4
36067,NY,Onondaga,6
36069,NY,Ontario,5
36071,NY,Orange,5
36073,NY,Orleans,1
36075,NY,Oswego,3
36077,NY,Otsego,2
36079,NY,Putnam,0
36081,NY,Queens,5
36083,NY,Rensselaer,1
36085,NY,Richmond,1
36087,NY,Rockland,2
36089,NY,St. Lawrence,3
36091,NY,Saratoga,3
36093,NY,Schenectady,2
36095,NY,Schoharie,1
36097,NY,Schuyler,1
36099,NY,Seneca,1
36101,NY,Steuben,1
36103,NY,Suffolk,12
36105,NY,Sullivan,1
36107,NY,Tioga,0
36109,NY,Tompkins,2
36111,NY,Ulster,3
36113,NY,Warren,2
36115,NY,Washington,0
36117,NY,Wayne,2
36119,NY,Westchester,6
36121,NY,Wyoming,0
36123,NY,Yates,0
37001,NC,Alamance,4
37003,NC,Alexander,1
37005,NC,Alleghany,0
37007,NC,Anson,1
37009,NC,Ashe,1
37011,NC,Avery,0
37013,NC,Beaufort,1
37015,NC,Bertie,0
37017,NC,Bladen,0
37019,NC,Brunswick,3
37021,NC,Buncombe,5
37023,NC,Burke,0
37025,NC,Cabarrus,6
37027,NC,Caldwell,2
37029,NC,Camden,0
37031,NC,Carteret,1
37033,NC,Caswell,0
37035,NC,Catawba,3
37037,NC,Chatham,2
37039,NC,Cherokee,1
37041,NC,Chowan,0
37043,NC,Clay,0
37045,NC,Cleveland,1
37047,NC,Columbus,1
37049,NC,Craven,2
37051,NC,Cumberland,9
37053,NC,Currituck,0
37055,NC,Dare,0
37057,NC,Davidson,3
37059,NC,Davie,1
37061,NC,Duplin,1
37063,NC,Durham,6
37065,NC,Edgecombe,1
37067,NC,Forsyth,9
37069,NC,Franklin,1
37071,NC,Gaston,6
37073,NC,Gates,0
37075,NC,Graham,0
37077,NC,Granville,1
37079,NC,Greene,0
37081,NC,Guilford,8
37083,NC,Halifax,1
37085,NC,Harnett,1
37087,NC,Haywood,1
37089,NC,Henderson,2
37091,NC,Hertford,0
37093,NC,Hoke,1
37095,NC,Hyde,0
37097,NC,Iredell,5
37099,NC,Jackson,1
37101,NC,Johnston,4
37103,NC,Jones,0
37105,NC,Lee,1
37107,NC,Lenoir,1
37109,NC,Lincoln,2
37111,NC,McDowell,1
37113,NC,Macon,1
37115,NC,Madison,0
37117,NC,Martin,1
37119,NC,Mecklenburg,16
37121,NC,Mitchell,1
37123,NC,Montgomery,1
37125,NC,Moore,1
37127,NC,Nash,3
37129,NC,New Hanover,5
37131,NC,Northampton,0
37133,NC,Onslow,4
37135,NC,Orange,1
37137,NC,Pamlico,1
37139,NC,Pasquotank,1
37141,NC,Pender,1
37143,NC,Perquimans,0
37145,NC,Person,1
37147,NC,Pitt,4
37149,NC,Polk,0
37151,NC,Randolph,2
37153,NC,Richmond,1
37155,NC,Robeson,3
37157,NC,Rockingham,3
37159,NC,Rowan,1
37161,NC,Rutherford,1
37163,NC,Sampson,1
37165,NC,Scotland,1
37167,NC,Stanly,2
37169,NC,Stokes,0
37171,NC,Surry,2
37173,NC,Swain,0
37175,NC,Transylvania,0
37177,NC,Tyrrell,0
37179,NC,Union,3
37181,NC,Vance,1
37183,NC,Wake,23
37185,NC,Warren,0
37187,NC,Washington,0
37189,NC,Watauga,1
37191,NC,Wayne,4
37193,NC,Wilkes,1
37195,NC,Wilson,1
37197,NC,Yadkin,0
37199,NC,Yancey,0
38001,ND,Adams,0
38003,ND,Barnes,0
38005,ND,Benson,0
38007,ND,Billings,0
38009,ND,Bottineau,1
38011,ND,Bowman,0
38013,ND,Burke,0
38015,ND,Burleigh,3
38017,ND,Cass,4
38019,ND,Cavalier,0
38021,ND,Dickey,0
38023,ND,Divide,0
38025,ND,Dunn,0
38027,ND,Eddy,0
38029,ND,Emmons,0
38031,ND,Foster,0
38033,ND,Golden Valley,0
38035,ND,Grand Forks,4
38037,ND,Grant,0
38039,ND,Griggs,0
38041,ND,Hettinger,0
38043,ND,Kidder,0
38045,ND,LaMoure,0
38047,ND,Logan,0
38049,ND,McHenry,0
38051,ND,McIntosh,0
38053,ND,McKenzie,0
38055,ND,McLean,0
38057,ND,Mercer,0
38059,ND,Morton,1
38061,ND,Mountrail,0
38063,ND,Nelson,0
38065,ND,Oliver,0
38067,ND,Pembina,0
38069,ND,Pierce,0
38071,ND,Ramsey,0
38073,ND,Ransom,0
38075,ND,Renville,0
38077,ND,Richland,1
38079,ND,Rolette,0
38081,ND,Sargent,0
38083,ND,Sheridan,0
38085,ND,Sioux,0
38087,ND,Slope,0
38089,ND,Stark,1
38091,ND,Steele,0
38093,ND,Stutsman,1
38095,ND,Towner,0
38097,ND,Traill,0
38099,ND,Walsh,0
38101,ND,Ward,1
38103,ND,Wells,0
38105,ND,Williams,1
39001,OH,Adams,1
39003,OH,Allen,4
39005,OH,Ashland,1
39007,OH,Ashtabula,2
39009,OH,Athens,1
39011,OH,Auglaize,1
39013,OH,Belmont,2
39015,OH,Brown,0
39017,OH,Butler,7
39019,OH,Carroll,0
39021,OH,Champaign,1
39023,OH,Clark,3
39025,OH,Clermont,7
39027,OH,Clinton,1
39029,OH,Columbiana,2
39031,OH,Coshocton,1
39033,OH,Crawford,1
39035,OH,Cuyahoga,11
39037,OH,Darke,1
39039,OH,Defiance,2
39041,OH,Delaware,5
39043,OH,Erie,3
39045,OH,Fairfield,5
39047,OH,Fayette,1
39049,OH,Franklin,21
39051,OH,Fulton,1
39053,OH,Gallia,1
39055,OH,Geauga,2
39057,OH,Greene,5
39059,OH,Guernsey,2
39061,OH,Hamilton,14
39063,OH,Hancock,3
39065,OH,Hardin,1
39067,OH,Harrison,0
39069,OH,Henry,1
39071,OH,Highland,1
39073,OH,Hocking,1
39075,OH,Holmes,1
39077,OH,Huron,1
39079,OH,Jackson,1
39081,OH,Jefferson,1
39083,OH,Knox,1
39085,OH,Lake,4
39087,OH,Lawrence,2
39089,OH,Licking,2
39091,OH,Logan,1
39093,OH,Lorain,7
39095,OH,Lucas,10
39097,OH,Madison,1
39099,OH,Mahoning,3
39101,OH,Marion,2
39103,OH,Medina,2
39105,OH,Meigs,0
39107,OH,Mercer,1
39109,OH,Miami,3
39111,OH,Monroe,0
39113,OH,Montgomery,12
39115,OH,Morgan,0
39117,OH,Morrow,0
39119,OH,Muskingum,3
39121,OH,Noble,0
39123,OH,Ottawa,1
39125,OH,Paulding,0
39127,OH,Perry,0
39129,OH,Pickaway,1
39131,OH,Pike,1
39133,OH,Portage,4
39135,OH,Preble,1
39137,OH,Putnam,1
39139,OH,Richland,4
39141,OH,Ross,3
39143,OH,Sandusky,1
39145,OH,Scioto,1
39147,OH,Seneca,1
39149,OH,Shelby,1
39151,OH,Stark,6
39153,OH,Summit,7
39155,OH,Trumbull,4
39157,OH,Tuscarawas,1
39159,OH,Union,2
39161,OH,Van Wert,1
39163,OH,Vinton,0
39165,OH,Warren,6
39167,OH,Washington,1
39169,OH,Wayne,1
39171,OH,Williams,1
39173,OH,Wood,5
39175,OH,Wyandot,1
40001,OK,Adair,1
40003,OK,Alfalfa,0
40005,OK,Atoka,0
40007,OK,Beaver,0
40009,OK,Beckham,1
40011,OK,Blaine,0
40013,OK,Bryan,1
40015,OK,Caddo,1
40017,OK,Canadian,4
40019,OK,Carter,1
40021,OK,Cherokee,1
40023,OK,Choctaw,1
40025,OK,Cimarron,0
40027,OK,Cleveland,7
40029,OK,Coal,0
40031,OK,Comanche,4
40033,OK,Cotton,0
40035,OK,Craig,1
40037,OK,Creek,2
40039,OK,Custer,1
40041,OK,Delaware,1
40043,OK,Dewey,0
40045,OK,Ellis,0
40047,OK,Garfield,1
40049,OK,Garvin,1
40051,OK,Grady,1
40053,OK,Grant,0
40055,OK,Greer,0
40057,OK,Harmon,0
40059,OK,Harper,0
40061,OK,Haskell,1
40063,OK,Hughes,0
40065,OK,Jackson,1
40067,OK,Jefferson,0
40069,OK,Johnston,0
40071,OK,Kay,1
40073,OK,Kingfisher,1
40075,OK,Kiowa,0
40077,OK,Latimer,0
40079,OK,Le Flore,1
40081,OK,Lincoln,1
40083,OK,Logan,1
40085,OK,Love,0
40087,OK,McClain,2
40089,OK,McCurtain,1
40091,OK,McIntosh,1
40093,OK,Major,0
40095,OK,Marshall,1
40097,OK,Mayes,2
40099,OK,Murray,1
40101,OK,Muskogee,1
40103,OK,Noble,0
40105,OK,Nowata,0
40107,OK,Okfuskee,0
40109,OK,Oklahoma,19
40111,OK,Okmulgee,1
40113,OK,Osage,1
40115,OK,Ottawa,1
40117,OK,Pawnee,1
40119,OK,Payne,3
40121,OK,Pittsburg,1
40123,OK,Pontotoc,1
40125,OK,Pottawatomie,1
40127,OK,Pushmataha,0
40129,OK,Roger Mills,0
40131,OK,Rogers,2
40133,OK,Seminole,1
40135,OK,Sequoyah,1
40137,OK,Stephens,1
40139,OK,Texas,1
40141,OK,Tillman,0
40143,OK,Tulsa,16
40145,OK,Wagoner,3
40147,OK,Washington,1
40149,OK,Washita,0
40151,OK,Woods,1
40153,OK,Woodward,1
41001,OR,Baker,1
41003,OR,Benton,3
41005,OR,Clackamas,13
41007,OR,Clatsop,2
41009,OR,Columbia,2
41011,OR,Coos,4
41013,OR,Crook,1
41015,OR,Curry,2
41017,OR,Deschutes,8
41019,OR,Douglas,6
41021,OR,Gilliam,0
41023,OR,Grant,0
41025,OR,Harney,0
41027,OR,Hood River,0
41029,OR,Jackson,9
41031,OR,Jefferson,1
41033,OR,Josephine,3
41035,OR,Klamath,3
41037,OR,Lake,0
41039,OR,Lane,18
41041,OR,Lincoln,3
41043,OR,Linn,7
41045,OR,Malheur,2
41047,OR,Marion,11
41049,OR,Morrow,0
41051,OR,Multnomah,21
41053,OR,Polk,1
41055,OR,Sherman,0
41057,OR,Tillamook,1
41059,OR,Umatilla,4
41061,OR,Union,2
41063,OR,Wallowa,0
41065,OR,Wasco,2
41067,OR,Washington,20
41069,OR,Wheeler,0
41071,OR,Yamhill,3
42001,PA,Adams,0
42003,PA,Allegheny,12
42005,PA,Armstrong,0
42007,PA,Beaver,3
42009,PA,Bedford,0
42011,PA,Berks,7
42013,PA,Blair,3
42015,PA,Bradford,0
42017,PA,Bucks,10
42019,PA,Butler,4
42021,PA,Cambria,2
42023,PA,Cameron,0
42025,PA,Carbon,1
42027,PA,Centre,3
42029,PA,Chester,4
42031,PA,Clarion,1
42033,PA,Clearfield,2
42035,PA,Clinton,1
42037,PA,Columbia,1
42039,PA,Crawford,2
42041,PA,Cumberland,6
42043,PA,Dauphin,4
42045,PA,Delaware,3
42047,PA,Elk,1
42049,PA,Erie,6
42051,PA,Fayette,4
42053,PA,Forest,0
42055,PA,Franklin,3
42057,PA,Fulton,0
42059,PA,Greene,1
42061,PA,Huntingdon,1
42063,PA,Indiana,2
42065,PA,Jefferson,1
42067,PA,Juniata,0
42069,PA,Lackawanna,3
42071,PA,Lancaster,4
42073,PA,Lawrence,1
42075,PA,Lebanon,2
42077,PA,Lehigh,5
42079,PA,Luzerne,4
42081,PA,Lycoming,1
42083,PA,McKean,1
42085,PA,Mercer,2
42087,PA,Mifflin,1
42089,PA,Monroe,3
42091,PA,Montgomery,12
42093,PA,Montour,0
42095,PA,Northampton,2
42097,PA,Northumberland,1
42099,PA,Perry,0
42101,PA,Philadelphia,5
42103,PA,Pike,1
42105,PA,Potter,0
42107,PA,Schuylkill,2
42109,PA,Snyder,0
42111,PA,Somerset,1
42113,PA,Sullivan,0
42115,PA,Susquehanna,0
42117,PA,Tioga,1
42119,PA,Union,1
42121,PA,Venango,1
42123,PA,Warren,1
42125,PA,Washington,2
42127,PA,Wayne,1
42129,PA,Westmoreland,7
42131,PA,Wyoming,1
42133,PA,York,8
44001,RI,Bristol,0
44003,RI,Kent,2
44005,RI,Newport,1
44007,RI,Providence,3
44009,RI,Washington,2
45001,SC,Abbeville,0
45003,SC,Aiken,5
45005,SC,Allendale,0
45007,SC,Anderson,4
45009,SC,Bamberg,0
45011,SC,Barnwell,1
45013,SC,Beaufort,3
45015,SC,Berkeley,5
45017,SC,Calhoun,0
45019,SC,Charleston,8
45021,SC,Cherokee,1
45023,SC,Chester,1
45025,SC,Chesterfield,1
45027,SC,Clarendon,1
45029,SC,Colleton,1
45031,SC,Darlington,2
45033,SC,Dillon,1
45035,SC,Dorchester,1
45037,SC,Edgefield,0
45039,SC,Fairfield,0
45041,SC,Florence,5
45043,SC,Georgetown,1
45045,SC,Greenville,11
45047,SC,Greenwood,2
45049,SC,Hampton,0
45051,SC,Horry,9
45053,SC,Jasper,1
45055,SC,Kershaw,1
45057,SC,Lancaster,2
45059,SC,Laurens,1
45061,SC,Lee,0
45063,SC,Lexington,7
45065,SC,McCormick,0
45067,SC,Marion,1
45069,SC,Marlboro,1
45071,SC,Newberry,1
45073,SC,Oconee,1
45075,SC,Orangeburg,2
45077,SC,Pickens,5
45079,SC,Richland,7
45081,SC,Saluda,0
45083,SC,Spartanburg,6
45085,SC,Sumter,1
45087,SC,Union,1
45089,SC,Williamsburg,0
45091,SC,York,7
46003,SD,Aurora,0
46005,SD,Beadle,1
46007,SD,Bennett,0
46009,SD,Bon Homme,0
46011,SD,Brookings,1
46013,SD,Brown,1
46015,SD,Brule,0
46017,SD,Buffalo,0
46019,SD,Butte,0
46021,SD,Campbell,0
46023,SD,Charles Mix,0
46025,SD,Clark,0
46027,SD,Clay,1
46029,SD,Codington,1
46031,SD,Corson,0
46033,SD,Custer,0
46035,SD,Davison,1
46037,SD,Day,0
46039,SD,Deuel,0
46041,SD,Dewey,0
46043,SD,Douglas,0
46045,SD,Edmunds,0
46047,SD,Fall River,0
46049,SD,Faulk,0
46051,SD,Grant,0
46053,SD,Gregory,0
46055,SD,Haakon,0
46057,SD,Hamlin,0
46059,SD,Hand,0
46061,SD,Hanson,0
46063,SD,Harding,0
46065,SD,Hughes,1
46067,SD,Hutchinson,0
46069,SD,Hyde,0
46071,SD,Jackson,0
46073,SD,Jerauld,0
46075,SD,Jones,0
46077,SD,Kingsbury,0
46079,SD,Lake,0
46081,SD,Lawrence,1
46083,SD,Lincoln,1
46085,SD,Lyman,0
46087,SD,McCook,0
46089,SD,McPherson,0
46091,SD,Marshall,0
46093,SD,Meade,0
46095,SD,Mellette,0
46097,SD,Miner,0
46099,SD,Minnehaha,5
46101,SD,Moody,0
46103,SD,Pennington,3
46105,SD,Perkins,0
46107,SD,Potter,0
46109,SD,Roberts,0
46111,SD,Sanborn,0
46113,SD,Shannon,0
46115,SD,Spink,0
46117,SD,Stanley,0
46119,SD,Sully,0
46121,SD,Todd,0
46123,SD,Tripp,0
46125,SD,Turner,0
46127,SD,Union,0
46129,SD,Walworth,0
46135,SD,Yankton,1
46137,SD,Ziebach,0
47001,TN,Anderson,2
47003,TN,Bedford,1
47005,TN,Benton,1
47007,TN,Bledsoe,0
47009,TN,Blount,2
47011,TN,Bradley,2
47013,TN,Campbell,1
47015,TN,Cannon,0
47017,TN,Carroll,1
47019,TN,Carter,1
47021,TN,Cheatham,1
47023,TN,Chester,0
47025,TN,Claiborne,0
47027,TN,Clay,0
47029,TN,Cocke,1
47031,TN,Coffee,2
47033,TN,Crockett,0
47035,TN,Cumberland,1
47037,TN,Davidson,11
47039,TN,Decatur,0
47041,TN,DeKalb,1
47043,TN,Dickson,1
47045,TN,Dyer,1
47047,TN,Fayette,1
47049,TN,Fentress,1
47051,TN,Franklin,1
47053,TN,Gibson,2
47055,TN,Giles,1
47057,TN,Grainger,0
47059,TN,Greene,1
47061,TN,Grundy,0
47063,TN,Hamblen,2
47065,TN,Hamilton,8
47067,TN,Hancock,0
47069,TN,Hardeman,1
47071,TN,Hardin,1
47073,TN,Hawkins,1
47075,TN,Haywood,1
47077,TN,Henderson,1
47079,TN,Henry,1
47081,TN,Hickman,0
47083,TN,Houston,0
47085,TN,Humphreys,1
47087,TN,Jackson,0
47089,TN,Jefferson,1
47091,TN,Johnson,0
47093,TN,Knox,11
47095,TN,Lake,0
47097,TN,Lauderdale,1
47099,TN,Lawrence,1
47101,TN,Lewis,1
47103,TN,Lincoln,1
47105,TN,Loudon,1
47107,TN,McMinn,1
47109,TN,McNairy,1
47111,TN,Macon,1
47113,TN,Madison,3
47115,TN,Marion,1
47117,TN,Marshall,1
47119,TN,Maury,3
47121,TN,Meigs,0
47123,TN,Monroe,2
47125,TN,Montgomery,4
47127,TN,Moore,0
47129,TN,Morgan,0
47131,TN,Obion,1
47133,TN,Overton,0
47135,TN,Perry,0
47137,TN,Pickett,0
47139,TN,Polk,0
47141,TN,Putnam,3
47143,TN,Rhea,1
47145,TN,Roane,1
47147,TN,Robertson,2
47149,TN,Rutherford,7
47151,TN,Scott,1
47153,TN,Sequatchie,1
47155,TN,Sevier,1
47157,TN,Shelby,14
47159,TN,Smith,1
47161,TN,Stewart,0
47163,TN,Sullivan,3
47165,TN,Sumner,2
47167,TN,Tipton,1
47169,TN,Trousdale,0
47171,TN,Unicoi,1
47173,TN,Union,0
47175,TN,Van Buren,0
47177,TN,Warren,1
47179,TN,Washington,3
47181,TN,Wayne,0
47183,TN,Weakley,1
47185,TN,White,1
47187,TN,Williamson,4
47189,TN,Wilson,2
48001,TX,Anderson,1
48003,TX,Andrews,0
48005,TX,Angelina,2
48007,TX,Aransas,1
48009,TX,Archer,0
48011,TX,Armstrong,0
48013,TX,Atascosa,1
48015,TX,Austin,1
48017,TX,Bailey,0
48019,TX,Bandera,0
48021,TX,Bastrop,2
48023,TX,Baylor,0
48025,TX,Bee,1
48027,TX,Bell,8
48029,TX,Bexar,43
48031,TX,Blanco,0
48033,TX,Borden,0
48035,TX,Bosque,0
48037,TX,Bowie,4
48039,TX,Brazoria,10
48041,TX,Brazos,4
48043,TX,Brewster,0
48045,TX,Briscoe,0
48047,TX,Brooks,0
48049,TX,Brown,1
48051,TX,Burleson,0
48053,TX,Burnet,1
48055,TX,Caldwell,1
48057,TX,Calhoun,1
48059,TX,Callahan,0
48061,TX,Cameron,10
48063,TX,Camp,0
48065,TX,Carson,0
48067,TX,Cass,1
48069,TX,Castro,0
48071,TX,Chambers,1
48073,TX,Cherokee,1
48075,TX,Childress,1
48077,TX,Clay,0
48079,TX,Cochran,0
48081,TX,Coke,0
48083,TX,Coleman,0
48085,TX,Collin,27
48087,TX,Collingsworth,0
48089,TX,Colorado,0
48091,TX,Comal,2
48093,TX,Comanche,0
48095,TX,Concho,0
48097,TX,Cooke,1
48099,TX,Coryell,2
48101,TX,Cottle,0
48103,TX,Crane,0
48105,TX,Crockett,0
48107,TX,Crosby,0
48109,TX,Culberson,0
48111,TX,Dallam,0
48113,TX,Dallas,44
48115,TX,Dawson,0
48117,TX,Deaf Smith,1
48119,TX,Delta,0
48121,TX,Denton,19
48123,TX,DeWitt,0
48125,TX,Dickens,0
48127,TX,Dimmit,0
48129,TX,Donley,0
48131,TX,Duval,0
48133,TX,Eastland,1
48135,TX,Ector,3
48137,TX,Edwards,0
48139,TX,Ellis,4
48141,TX,El Paso,16
48143,TX,Erath,1
48145,TX,Falls,0
48147,TX,Fannin,1
48149,TX,Fayette,0
48151,TX,Fisher,0
48153,TX,Floyd,0
48155,TX,Foard,0
48157,TX,Fort Bend,13
48159,TX,Franklin,0
48161,TX,Freestone,0
48163,TX,Frio,0
48165,TX,Gaines,0
48167,TX,Galveston,7
48169,TX,Garza,0
48171,TX,Gillespie,1
48173,TX,Glasscock,0
48175,TX,Goliad,0
48177,TX,Gonzales,0
48179,TX,Gray,1
48181,TX,Grayson,3
48183,TX,Gregg,5
48185,TX,Grimes,0
48187,TX,Guadalupe,3
48189,TX,Hale,1
48191,TX,Hall,0
48193,TX,Hamilton,0
48195,TX,Hansford,0
48197,TX,Hardeman,0
48199,TX,Hardin,2
48201,TX,Harris,64
48203,TX,Harrison,1
48205,TX,Hartley,0
48207,TX,Haskell,0
48209,TX,Hays,4
48211,TX,Hemphill,0
48213,TX,Henderson,2
48215,TX,Hidalgo,17
48217,TX,Hill,1
48219,TX,Hockley,1
48221,TX,Hood,1
48223,TX,Hopkins,1
48225,TX,Houston,1
48227,TX,Howard,1
48229,TX,Hudspeth,0
48231,TX,Hunt,3
48233,TX,Hutchinson,0
48235,TX,Irion,0
48237,TX,Jack,0
48239,TX,Jackson,0
48241,TX,Jasper,1
48243,TX,Jeff Davis,0
48245,TX,Jefferson,4
48247,TX,Jim Hogg,0
48249,TX,Jim Wells,1
48251,TX,Johnson,2
48253,TX,Jones,0
48255,TX,Karnes,1
48257,TX,Kaufman,3
48259,TX,Kendall,1
48261,TX,Kenedy,0
48263,TX,Kent,0
48265,TX,Kerr,1
48267,TX,Kimble,0
48269,TX,King,0
48271,TX,Kinney,0
48273,TX,Kleberg,1
48275,TX,Knox,0
48277,TX,Lamar,1
48279,TX,Lamb,0
48281,TX,Lampasas,1
48283,TX,La Salle,0
48285,TX,Lavaca,0
48287,TX,Lee,0
48289,TX,Leon,0
48291,TX,Liberty,2
48293,TX,Limestone,1
48295,TX,Lipscomb,0
48297,TX,Live Oak,0
48299,TX,Llano,0
48301,TX,Loving,0
48303,TX,Lubbock,7
48305,TX,Lynn,0
48307,TX,McCulloch,1
48309,TX,McLennan,4
48311,TX,McMullen,0
48313,TX,Madison,0
48315,TX,Marion,0
48317,TX,Martin,0
48319,TX,Mason,0
48321,TX,Matagorda,1
48323,TX,Maverick,1
48325,TX,Medina,2
48327,TX,Menard,0
48329,TX,Midland,3
48331,TX,Milam,1
48333,TX,Mills,0
48335,TX,Mitchell,0
48337,TX,Montague,1
48339,TX,Montgomery,11
48341,TX,Moore,1
48343,TX,Morris,0
48345,TX,Motley,0
48347,TX,Nacogdoches,1
48349,TX,Navarro,1
48351,TX,Newton,0
48353,TX,Nolan,1
48355,TX,Nueces,6
48357,TX,Ochiltree,0
48359,TX,Oldham,0
48361,TX,Orange,1
48363,TX,Palo Pinto,1
48365,TX,Panola,1
48367,TX,Parker,2
48369,TX,Parmer,0
48371,TX,Pecos,1
48373,TX,Polk,1
48375,TX,Potter,4
48377,TX,Presidio,0
48379,TX,Rains,0
48381,TX,Randall,4
48383,TX,Reagan,0
48385,TX,Real,0
48387,TX,Red River,0
48389,TX,Reeves,0
48391,TX,Refugio,0
48393,TX,Roberts,0
48395,TX,Robertson,0
48397,TX,Rockwall,4
48399,TX,Runnels,0
48401,TX,Rusk,1
48403,TX,Sabine,0
48405,TX,San Augustine,0
48407,TX,San Jacinto,0
48409,TX,San Patricio,2
48411,TX,San Saba,0
48413,TX,Schleicher,0
48415,TX,Scurry,0
48417,TX,Shackelford,0
48419,TX,Shelby,1
48421,TX,Sherman,0
48423,TX,Smith,5
48425,TX,Somervell,0
48427,TX,Starr,1
48429,TX,Stephens,0
48431,TX,Sterling,0
48433,TX,Stonewall,0
48435,TX,Sutton,0
48437,TX,Swisher,0
48439,TX,Tarrant,47
48441,TX,Taylor,3
48443,TX,Terrell,0
48445,TX,Terry,0
48447,TX,Throckmorton,0
48449,TX,Titus,2
48451,TX,Tom Green,4
48453,TX,Travis,16
48455,TX,Trinity,0
48457,TX,Tyler,1
48459,TX,Upshur,1
48461,TX,Upton,0
48463,TX,Uvalde,1
48465,TX,Val Verde,1
48467,TX,Van Zandt,1
48469,TX,Victoria,3
48471,TX,Walker,1
48473,TX,Waller,0
48475,TX,Ward,0
48477,TX,Washington,1
48479,TX,Webb,4
48481,TX,Wharton,2
48483,TX,Wheeler,0
48485,TX,Wichita,4
48487,TX,Wilbarger,1
48489,TX,Willacy,0
48491,TX,Williamson,12
48493,TX,Wilson,1
48495,TX,Winkler,0
48497,TX,Wise,1
48499,TX,Wood,1
48501,TX,Yoakum,0
48503,TX,Young,1
48505,TX,Zapata,0
48507,TX,Zavala,0
49001,UT,Beaver,0
49003,UT,Box Elder,1
49005,UT,Cache,4
49007,UT,Carbon,1
49009,UT,Daggett,0
49011,UT,Davis,9
49013,UT,Duchesne,0
49015,UT,Emery,0
49017,UT,Garfield,0
49019,UT,Grand,0
49021,UT,Iron,1
49023,UT,Juab,0
49025,UT,Kane,0
49027,UT,Millard,0
49029,UT,Morgan,0
49031,UT,Piute,0
49033,UT,Rich,0
49035,UT,Salt Lake,29
49037,UT,San Juan,0
49039,UT,Sanpete,1
49041,UT,Sevier,1
49043,UT,Summit,1
49045,UT,Tooele,1
49047,UT,Uintah,1
49049,UT,Utah,14
49051,UT,Wasatch,1
49053,UT,Washington,4
49055,UT,Wayne,0
49057,UT,Weber,6
50001,VT,Addison,0
50003,VT,Bennington,0
50005,VT,Caledonia,0
50007,VT,Chittenden,1
50009,VT,Essex,0
50011,VT,Franklin,1
50013,VT,Grand Isle,0
50015,VT,Lamoille,0
50017,VT,Orange,0
50019,VT,Orleans,0
50021,VT,Rutland,0
50023,VT,Washington,0
50025,VT,Windham,0
50027,VT,Windsor,0
51001,VA,Accomack,1
51003,VA,Albemarle,3
51005,VA,Alleghany,0
51007,VA,Amelia,0
51009,VA,Amherst,1
51011,VA,Appomattox,1
51013,VA,Arlington,1
51015,VA,Augusta,0
51017,VA,Bath,0
51019,VA,Bedford,0
51021,VA,Bland,0
51023,VA,Botetourt,0
51025,VA,Brunswick,0
51027,VA,Buchanan,1
51029,VA,Buckingham,0
51031,VA,Campbell,1
51033,VA,Caroline,0
51035,VA,Carroll,0
51036,VA,Charles City,0
51037,VA,Charlotte,0
51041,VA,Chesterfield,6
51043,VA,Clarke,0
51045,VA,Craig,0
51047,VA,Culpeper,1
51049,VA,Cumberland,0
51051,VA,Dickenson,0
51053,VA,Dinwiddie,0
51057,VA,Essex,1
51059,VA,Fairfax,10
51061,VA,Fauquier,1
51063,VA,Floyd,0
51065,VA,Fluvanna,0
51067,VA,Franklin,1
51069,VA,Frederick,3
51071,VA,Giles,1
51073,VA,Gloucester,1
51075,VA,Goochland,0
51077,VA,Grayson,0
51079,VA,Greene,1
51081,VA,Greensville,0
51083,VA,Halifax,1
51085,VA,Hanover,3
51087,VA,Henrico,8
51089,VA,Henry,0
51091,VA,Highland,0
51093,VA,Isle of Wight,0
51095,VA,James City,0
51097,VA,King and Queen,0
51099,VA,King George,1
51101,VA,King William,0
51103,VA,Lancaster,1
51105,VA,Lee,1
51107,VA,Loudoun,6
51109,VA,Louisa,1
51111,VA,Lunenburg,0
51113,VA,Madison,0
51115,VA,Mathews,0
51117,VA,Mecklenburg,1
51119,VA,Middlesex,0
51121,VA,Montgomery,1
51125,VA,Nelson,0
51127,VA,New Kent,0
51131,VA,Northampton,0
51133,VA,Northumberland,0
51135,VA,Nottoway,1
51137,VA,Orange,1
51139,VA,Page,1
51141,VA,Patrick,1
51143,VA,Pittsylvania,0
51145,VA,Powhatan,1
51147,VA,Prince Edward,1
51149,VA,Prince George,0
51153,VA,Prince William,11
51155,VA,Pulaski,2
51157,VA,Rappahannock,0
51159,VA,Richmond,0
51161,VA,Roanoke,1
51163,VA,Rockbridge,1
51165,VA,Rockingham,1
51167,VA,Russell,1
51169,VA,Scott,0
51171,VA,Shenandoah,1
51173,VA,Smyth,0
51175,VA,Southampton,0
51177,VA,Spotsylvania,4
51179,VA,Stafford,3
51181,VA,Surry,0
51183,VA,Sussex,0
51185,VA,Tazewell,3
51187,VA,Warren,1
51191,VA,Washington,2
51193,VA,Westmoreland,0
51195,VA,Wise,0
51197,VA,Wythe,1
51199,VA,York,2
51510,VA,Alexandria,1
51515,VA,Bedford,1
51520,VA,Bristol,0
51530,VA,Buena Vista,0
51540,VA,Charlottesville,0
51550,VA,Chesapeake,7
51570,VA,Colonial Heights,2
51580,VA,Covington,1
51590,VA,Danville,2
51595,VA,Emporia,1
51600,VA,Fairfax,1
51610,VA,Falls Church,0
51620,VA,Franklin,1
51630,VA,Fredericksburg,1
51640,VA,Galax,1
51650,VA,Hampton,2
51660,VA,Harrisonburg,2
51670,VA,Hopewell,0
51678,VA,Lexington,0
51680,VA,Lynchburg,3
51683,VA,Manassas,1
51685,VA,Manassas Park,0
51690,VA,Martinsville,1
51700,VA,Newport News,4
51710,VA,Norfolk,5
51720,VA,Norton,1
51730,VA,Petersburg,1
51735,VA,Poquoson,0
51740,VA,Portsmouth,1
51750,VA,Radford,0
51760,VA,Richmond,2
51770,VA,Roanoke,5
51775,VA,Salem,1
51790,VA,Staunton,1
51800,VA,Suffolk,2
51810,VA,Virginia Beach,8
51820,VA,Waynesboro,1
51830,VA,Williamsburg,0
51840,VA,Winchester,1
53001,WA,Adams,1
53003,WA,Asotin,3
53005,WA,Benton,5
53007,WA,Chelan,2
53009,WA,Clallam,3
53011,WA,Clark,16
53013,WA,Columbia,0
53015,WA,Cowlitz,4
53017,WA,Douglas,4
53019,WA,Ferry,0
53021,WA,Franklin,1
53023,WA,Garfield,0
53025,WA,Grant,2
53027,WA,Grays Harbor,1
53029,WA,Island,0
53031,WA,Jefferson,0
53033,WA,King,35
53035,WA,Kitsap,5
53037,WA,Kittitas,2
53039,WA,Klickitat,0
53041,WA,Lewis,1
53043,WA,Lincoln,0
53045,WA,Mason,2
53047,WA,Okanogan,1
53049,WA,Pacific,0
53051,WA,Pend Oreille,0
53053,WA,Pierce,20
53055,WA,San Juan,0
53057,WA,Skagit,3
53059,WA,Skamania,0
53061,WA,Snohomish,18
53063,WA,Spokane,11
53065,WA,Stevens,1
53067,WA,Thurston,7
53069,WA,Wahkiakum,0
53071,WA,Walla Walla,3
53073,WA,Whatcom,3
53075,WA,Whitman,1
53077,WA,Yakima,8
54001,WV,Barbour,0
54003,WV,Berkeley,2
54005,WV,Boone,0
54007,WV,Braxton,1
54009,WV,Brooke,1
54011,WV,Cabell,2
54013,WV,Calhoun,0
54015,WV,Clay,0
54017,WV,Doddridge,0
54019,WV,Fayette,1
54021,WV,Gilmer,0
54023,WV,Grant,0
54025,WV,Greenbrier,1
54027,WV,Hampshire,0
54029,WV,Hancock,0
54031,WV,Hardy,1
54033,WV,Harrison,2
54035,WV,Jackson,1
54037,WV,Jefferson,1
54039,WV,Kanawha,4
54041,WV,Lewis,2
54043,WV,Lincoln,0
54045,WV,Logan,1
54047,WV,McDowell,0
54049,WV,Marion,1
54051,WV,Marshall,1
54053,WV,Mason,1
54055,WV,Mercer,1
54057,WV,Mineral,1
54059,WV,Mingo,0
54061,WV,Monongalia,3
54063,WV,Monroe,0
54065,WV,Morgan,0
54067,WV,Nicholas,1
54069,WV,Ohio,1
54071,WV,Pendleton,0
54073,WV,Pleasants,0
54075,WV,Pocahontas,0
54077,WV,Preston,1
54079,WV,Putnam,2
54081,WV,Raleigh,3
54083,WV,Randolph,1
54085,WV,Ritchie,0
54087,WV,Roane,1
54089,WV,Summers,0
54091,WV,Taylor,1
54093,WV,Tucker,0
54095,WV,Tyler,0
54097,WV,Upshur,0
54099,WV,Wayne,1
54101,WV,Webster,0
54103,WV,Wetzel,1
54105,WV,Wirt,0
54107,WV,Wood,3
54109,WV,Wyoming,0
55001,WI,Adams,0
55003,WI,Ashland,1
55005,WI,Barron,1
55007,WI,Bayfield,0
55009,WI,Brown,5
55011,WI,Buffalo,0
55013,WI,Burnett,0
55015,WI,Calumet,2
55017,WI,Chippewa,1
55019,WI,Clark,0
55021,WI,Columbia,2
55023,WI,Crawford,1
55025,WI,Dane,5
55027,WI,Dodge,1
55029,WI,Door,1
55031,WI,Douglas,1
55033,WI,Dunn,1
55035,WI,Eau Claire,3
55037,WI,Florence,0
55039,WI,Fond du Lac,1
55041,WI,Forest,0
55043,WI,Grant,1
55045,WI,Green,1
55047,WI,Green Lake,1
55049,WI,Iowa,1
55051,WI,Iron,0
55053,WI,Jackson,1
55055,WI,Jefferson,2
55057,WI,Juneau,0
55059,WI,Kenosha,4
55061,WI,Kewaunee,0
55063,WI,La Crosse,3
55065,WI,Lafayette,0
55067,WI,Langlade,1
55069,WI,Lincoln,0
55071,WI,Manitowoc,1
55073,WI,Marathon,3
55075,WI,Marinette,1
55077,WI,Marquette,0
55078,WI,Menominee,0
55079,WI,Milwaukee,14
55081,WI,Monroe,2
55083,WI,Oconto,0
55085,WI,Oneida,2
55087,WI,Outagamie,3
55089,WI,Ozaukee,3
55091,WI,Pepin,0
55093,WI,Pierce,0
55095,WI,Polk,1
55097,WI,Portage,1
55099,WI,Price,0
55101,WI,Racine,2
55103,WI,Richland,1
55105,WI,Rock,3
55107,WI,Rusk,1
55109,WI,St. Croix,1
55111,WI,Sauk,1
55113,WI,Sawyer,1
55115,WI,Shawano,1
55117,WI,Sheboygan,3
55119,WI,Taylor,1
55121,WI,Trempealeau,0
55123,WI,Vernon,1
55125,WI,Vilas,0
55127,WI,Walworth,3
55129,WI,Washburn,0
55131,WI,Washington,3
55133,WI,Waukesha,10
55135,WI,Waupaca,0
55137,WI,Waushara,0
55139,WI,Winnebago,2
55141,WI,Wood,1
56001,WY,Albany,1
56003,WY,Big Horn,0
56005,WY,Campbell,1
56007,WY,Carbon,1
56009,WY,Converse,0
56011,WY,Crook,0
56013,WY,Fremont,1
56015,WY,Goshen,0
56017,WY,Hot Springs,0
56019,WY,Johnson,0
56021,WY,Laramie,3
56023,WY,Lincoln,0
56025,WY,Natrona,3
56027,WY,Niobrara,0
56029,WY,Park,1
56031,WY,Platte,0
56033,WY,Sheridan,1
56035,WY,Sublette,0
56037,WY,Sweetwater,1
56039,WY,Teton,0
56041,WY,Uinta,1
56043,WY,Washakie,0
56045,WY,Weston,0
