CountyFIPS,state,county,freshveg_farms12
01001,AL,Autauga,43
01003,AL,Baldwin,50
01005,AL,Barbour,7
01007,AL,Bibb,10
01009,AL,Blount,59
01011,AL,Bullock,8
01013,AL,Butler,23
01015,AL,Calhoun,15
01017,AL,Chambers,8
01019,AL,Cherokee,4
01021,AL,Chilton,45
01023,AL,Choctaw,14
01025,AL,Clarke,16
01027,AL,Clay,8
01029,AL,Cleburne,8
01031,AL,Coffee,16
01033,AL,Colbert,11
01035,AL,Conecuh,12
01037,AL,Coosa,7
01039,AL,Covington,20
01041,AL,Crenshaw,11
01043,AL,Cullman,62
01045,AL,Dale,11
01047,AL,Dallas,26
01049,AL,DeKalb,34
01051,AL,Elmore,26
01053,AL,Escambia,15
01055,AL,Etowah,28
01057,AL,Fayette,22
01059,AL,Franklin,21
01061,AL,Geneva,37
01063,AL,Greene,17
01065,AL,Hale,17
01067,AL,Henry,8
01069,AL,Houston,24
01071,AL,Jackson,24
01073,AL,Jefferson,14
01075,AL,Lamar,22
01077,AL,Lauderdale,33
01079,AL,Lawrence,16
01081,AL,Lee,9
01083,AL,Limestone,10
01085,AL,Lowndes,13
01087,AL,Macon,18
01089,AL,Madison,32
01091,AL,Marengo,15
01093,AL,Marion,15
01095,AL,Marshall,24
01097,AL,Mobile,47
01099,AL,Monroe,6
01101,AL,Montgomery,18
01103,AL,Morgan,30
01105,AL,Perry,20
01107,AL,Pickens,14
01109,AL,Pike,7
01111,AL,Randolph,21
01113,AL,Russell,13
01115,AL,St. Clair,28
01117,AL,Shelby,10
01119,AL,Sumter,19
01121,AL,Talladega,6
01123,AL,Tallapoosa,10
01125,AL,Tuscaloosa,32
01127,AL,Walker,11
01129,AL,Washington,16
01131,AL,Wilcox,22
01133,AL,Winston,9
02020,AK,Anchorage,64
02090,AK,Fairbanks North Star,45
02110,AK,Juneau,12
02122,AK,Kenai Peninsula,32
04001,AZ,Apache,627
04003,AZ,Cochise,18
04005,AZ,Coconino,283
04007,AZ,Gila,2
04009,AZ,Graham,2
04011,AZ,Greenlee,0
04012,AZ,La Paz,3
04013,AZ,Maricopa,72
04015,AZ,Mohave,7
04017,AZ,Navajo,729
04019,AZ,Pima,51
04021,AZ,Pinal,28
04023,AZ,Santa Cruz,11
04025,AZ,Yavapai,57
04027,AZ,Yuma,44
05001,AR,Arkansas,1
05003,AR,Ashley,18
05005,AR,Baxter,1
05007,AR,Benton,22
05009,AR,Boone,6
05011,AR,Bradley,18
05013,AR,Calhoun,6
05015,AR,Carroll,13
05017,AR,Chicot,1
05019,AR,Clark,5
05021,AR,Clay,3
05023,AR,Cleburne,5
05025,AR,Cleveland,3
05027,AR,Columbia,3
05029,AR,Conway,4
05031,AR,Craighead,11
05033,AR,Crawford,9
05035,AR,Crittenden,4
05037,AR,Cross,4
05039,AR,Dallas,2
05041,AR,Desha,3
05043,AR,Drew,10
05045,AR,Faulkner,16
05047,AR,Franklin,1
05049,AR,Fulton,4
05051,AR,Garland,2
05053,AR,Grant,5
05055,AR,Greene,5
05057,AR,Hempstead,12
05059,AR,Hot Spring,18
05061,AR,Howard,6
05063,AR,Independence,4
05065,AR,Izard,4
05067,AR,Jackson,8
05069,AR,Jefferson,9
05071,AR,Johnson,6
05073,AR,Lafayette,3
05075,AR,Lawrence,1
05077,AR,Lee,4
05079,AR,Lincoln,3
05081,AR,Little River,12
05083,AR,Logan,6
05085,AR,Lonoke,12
05087,AR,Madison,16
05089,AR,Marion,7
05091,AR,Miller,10
05093,AR,Mississippi,6
05095,AR,Monroe,0
05097,AR,Montgomery,1
05099,AR,Nevada,8
05101,AR,Newton,9
05103,AR,Ouachita,3
05105,AR,Perry,5
05107,AR,Phillips,7
05109,AR,Pike,2
05111,AR,Poinsett,3
05113,AR,Polk,16
05115,AR,Pope,8
05117,AR,Prairie,2
05119,AR,Pulaski,21
05121,AR,Randolph,3
05123,AR,St. Francis,20
05125,AR,Saline,15
05127,AR,Scott,0
05129,AR,Searcy,5
05131,AR,Sebastian,6
05133,AR,Sevier,0
05135,AR,Sharp,7
05137,AR,Stone,2
05139,AR,Union,9
05141,AR,Van Buren,12
05143,AR,Washington,52
05145,AR,White,27
05147,AR,Woodruff,4
05149,AR,Yell,2
06001,CA,Alameda,38
06003,CA,Alpine,0
06005,CA,Amador,34
06007,CA,Butte,95
06009,CA,Calaveras,35
06011,CA,Colusa,11
06013,CA,Contra Costa,66
06015,CA,Del Norte,25
06017,CA,El Dorado,142
06019,CA,Fresno,434
06021,CA,Glenn,28
06023,CA,Humboldt,171
06025,CA,Imperial,92
06027,CA,Inyo,15
06029,CA,Kern,145
06031,CA,Kings,29
06033,CA,Lake,71
06035,CA,Lassen,4
06037,CA,Los Angeles,168
06039,CA,Madera,38
06041,CA,Marin,39
06043,CA,Mariposa,3
06045,CA,Mendocino,141
06047,CA,Merced,205
06049,CA,Modoc,17
06051,CA,Mono,1
06053,CA,Monterey,209
06055,CA,Napa,57
06057,CA,Nevada,128
06059,CA,Orange,45
06061,CA,Placer,119
06063,CA,Plumas,15
06065,CA,Riverside,154
06067,CA,Sacramento,167
06069,CA,San Benito,61
06071,CA,San Bernardino,112
06073,CA,San Diego,329
06075,CA,San Francisco,0
06077,CA,San Joaquin,147
06079,CA,San Luis Obispo,292
06081,CA,San Mateo,61
06083,CA,Santa Barbara,220
06085,CA,Santa Clara,200
06087,CA,Santa Cruz,90
06089,CA,Shasta,97
06091,CA,Sierra,0
06093,CA,Siskiyou,54
06095,CA,Solano,50
06097,CA,Sonoma,330
06099,CA,Stanislaus,99
06101,CA,Sutter,38
06103,CA,Tehama,75
06105,CA,Trinity,59
06107,CA,Tulare,133
06109,CA,Tuolumne,17
06111,CA,Ventura,105
06113,CA,Yolo,85
06115,CA,Yuba,46
08001,CO,Adams,23
08003,CO,Alamosa,33
08005,CO,Arapahoe,7
08007,CO,Archuleta,5
08009,CO,Baca,0
08011,CO,Bent,1
08013,CO,Boulder,77
08014,CO,Broomfield,1
08015,CO,Chaffee,2
08017,CO,Cheyenne,0
08019,CO,Clear Creek,0
08021,CO,Conejos,5
08023,CO,Costilla,10
08025,CO,Crowley,5
08027,CO,Custer,0
08029,CO,Delta,50
08031,CO,Denver,1
08033,CO,Dolores,9
08035,CO,Douglas,14
08037,CO,Eagle,1
08039,CO,Elbert,5
08041,CO,El Paso,11
08043,CO,Fremont,9
08045,CO,Garfield,7
08047,CO,Gilpin,0
08049,CO,Grand,0
08051,CO,Gunnison,0
08053,CO,Hinsdale,0
08055,CO,Huerfano,3
08057,CO,Jackson,0
08059,CO,Jefferson,13
08061,CO,Kiowa,0
08063,CO,Kit Carson,3
08065,CO,Lake,0
08067,CO,La Plata,17
08069,CO,Larimer,47
08071,CO,Las Animas,5
08073,CO,Lincoln,0
08075,CO,Logan,4
08077,CO,Mesa,45
08079,CO,Mineral,0
08081,CO,Moffat,9
08083,CO,Montezuma,40
08085,CO,Montrose,46
08087,CO,Morgan,12
08089,CO,Otero,19
08091,CO,Ouray,4
08093,CO,Park,0
08095,CO,Phillips,0
08097,CO,Pitkin,2
08099,CO,Prowers,3
08101,CO,Pueblo,17
08103,CO,Rio Blanco,1
08105,CO,Rio Grande,49
08107,CO,Routt,9
08109,CO,Saguache,41
08111,CO,San Juan,0
08113,CO,San Miguel,3
08115,CO,Sedgwick,2
08117,CO,Summit,0
08119,CO,Teller,3
08121,CO,Washington,0
08123,CO,Weld,58
08125,CO,Yuma,6
09001,CT,Fairfield,89
09003,CT,Hartford,207
09005,CT,Litchfield,141
09007,CT,Middlesex,57
09009,CT,New Haven,133
09011,CT,New London,99
09013,CT,Tolland,83
09015,CT,Windham,112
10001,DE,Kent,30
10003,DE,New Castle,29
10005,DE,Sussex,104
12001,FL,Alachua,76
12003,FL,Baker,38
12005,FL,Bay,6
12007,FL,Bradford,15
12009,FL,Brevard,11
12011,FL,Broward,19
12013,FL,Calhoun,9
12015,FL,Charlotte,10
12017,FL,Citrus,7
12019,FL,Clay,13
12021,FL,Collier,25
12023,FL,Columbia,38
12027,FL,DeSoto,11
12029,FL,Dixie,9
12031,FL,Duval,8
12033,FL,Escambia,26
12035,FL,Flagler,7
12037,FL,Franklin,0
12039,FL,Gadsden,19
12041,FL,Gilchrist,22
12043,FL,Glades,3
12045,FL,Gulf,1
12047,FL,Hamilton,10
12049,FL,Hardee,21
12051,FL,Hendry,21
12053,FL,Hernando,13
12055,FL,Highlands,9
12057,FL,Hillsborough,142
12059,FL,Holmes,20
12061,FL,Indian River,17
12063,FL,Jackson,54
12065,FL,Jefferson,40
12067,FL,Lafayette,7
12069,FL,Lake,23
12071,FL,Lee,19
12073,FL,Leon,17
12075,FL,Levy,20
12077,FL,Liberty,0
12079,FL,Madison,18
12081,FL,Manatee,37
12083,FL,Marion,78
12085,FL,Martin,29
12086,FL,Miami-Dade,104
12087,FL,Monroe,0
12089,FL,Nassau,30
12091,FL,Okaloosa,25
12093,FL,Okeechobee,7
12095,FL,Orange,22
12097,FL,Osceola,6
12099,FL,Palm Beach,47
12101,FL,Pasco,15
12103,FL,Pinellas,1
12105,FL,Polk,49
12107,FL,Putnam,18
12109,FL,St. Johns,22
12111,FL,St. Lucie,6
12113,FL,Santa Rosa,23
12115,FL,Sarasota,2
12117,FL,Seminole,20
12119,FL,Sumter,22
12121,FL,Suwannee,35
12123,FL,Taylor,6
12125,FL,Union,11
12127,FL,Volusia,32
12129,FL,Wakulla,17
12131,FL,Walton,32
12133,FL,Washington,15
13001,GA,Appling,12
13003,GA,Atkinson,11
13005,GA,Bacon,6
13007,GA,Baker,4
13009,GA,Baldwin,2
13011,GA,Banks,8
13013,GA,Barrow,5
13015,GA,Bartow,21
13017,GA,Ben Hill,5
13019,GA,Berrien,13
13021,GA,Bibb,2
13023,GA,Bleckley,2
13025,GA,Brantley,6
13027,GA,Brooks,32
13029,GA,Bryan,3
13031,GA,Bulloch,22
13033,GA,Burke,14
13035,GA,Butts,4
13037,GA,Calhoun,6
13039,GA,Camden,5
13043,GA,Candler,3
13045,GA,Carroll,24
13047,GA,Catoosa,12
13049,GA,Charlton,2
13051,GA,Chatham,2
13053,GA,Chattahoochee,0
13055,GA,Chattooga,13
13057,GA,Cherokee,16
13059,GA,Clarke,6
13061,GA,Clay,2
13063,GA,Clayton,0
13065,GA,Clinch,1
13067,GA,Cobb,13
13069,GA,Coffee,10
13071,GA,Colquitt,27
13073,GA,Columbia,5
13075,GA,Cook,11
13077,GA,Coweta,17
13079,GA,Crawford,7
13081,GA,Crisp,17
13083,GA,Dade,3
13085,GA,Dawson,5
13087,GA,Decatur,29
13089,GA,DeKalb,5
13091,GA,Dodge,13
13093,GA,Dooly,10
13095,GA,Dougherty,3
13097,GA,Douglas,8
13099,GA,Early,1
13101,GA,Echols,5
13103,GA,Effingham,14
13105,GA,Elbert,6
13107,GA,Emanuel,7
13109,GA,Evans,7
13111,GA,Fannin,15
13113,GA,Fayette,9
13115,GA,Floyd,22
13117,GA,Forsyth,17
13119,GA,Franklin,11
13121,GA,Fulton,18
13123,GA,Gilmer,3
13125,GA,Glascock,9
13127,GA,Glynn,3
13129,GA,Gordon,11
13131,GA,Grady,22
13133,GA,Greene,6
13135,GA,Gwinnett,16
13137,GA,Habersham,10
13139,GA,Hall,15
13141,GA,Hancock,15
13143,GA,Haralson,5
13145,GA,Harris,12
13147,GA,Hart,11
13149,GA,Heard,10
13151,GA,Henry,30
13153,GA,Houston,12
13155,GA,Irwin,6
13157,GA,Jackson,22
13159,GA,Jasper,4
13161,GA,Jeff Davis,8
13163,GA,Jefferson,12
13165,GA,Jenkins,5
13167,GA,Johnson,8
13169,GA,Jones,6
13171,GA,Lamar,9
13173,GA,Lanier,4
13175,GA,Laurens,22
13177,GA,Lee,7
13179,GA,Liberty,0
13181,GA,Lincoln,0
13183,GA,Long,2
13185,GA,Lowndes,14
13187,GA,Lumpkin,11
13189,GA,McDuffie,10
13191,GA,McIntosh,5
13193,GA,Macon,8
13195,GA,Madison,15
13197,GA,Marion,11
13199,GA,Meriwether,5
13201,GA,Miller,5
13205,GA,Mitchell,22
13207,GA,Monroe,4
13209,GA,Montgomery,9
13211,GA,Morgan,6
13213,GA,Murray,5
13215,GA,Muscogee,0
13217,GA,Newton,11
13219,GA,Oconee,18
13221,GA,Oglethorpe,14
13223,GA,Paulding,6
13225,GA,Peach,2
13227,GA,Pickens,15
13229,GA,Pierce,24
13231,GA,Pike,6
13233,GA,Polk,10
13235,GA,Pulaski,5
13237,GA,Putnam,0
13239,GA,Quitman,0
13241,GA,Rabun,9
13243,GA,Randolph,0
13245,GA,Richmond,10
13247,GA,Rockdale,5
13249,GA,Schley,3
13251,GA,Screven,8
13253,GA,Seminole,2
13255,GA,Spalding,9
13257,GA,Stephens,3
13259,GA,Stewart,0
13261,GA,Sumter,20
13263,GA,Talbot,2
13265,GA,Taliaferro,4
13267,GA,Tattnall,28
13269,GA,Taylor,6
13271,GA,Telfair,7
13273,GA,Terrell,5
13275,GA,Thomas,9
13277,GA,Tift,22
13279,GA,Toombs,26
13281,GA,Towns,4
13283,GA,Treutlen,6
13285,GA,Troup,7
13287,GA,Turner,13
13289,GA,Twiggs,8
13291,GA,Union,10
13293,GA,Upson,6
13295,GA,Walker,9
13297,GA,Walton,12
13299,GA,Ware,5
13301,GA,Warren,3
13303,GA,Washington,19
13305,GA,Wayne,10
13307,GA,Webster,5
13309,GA,Wheeler,3
13311,GA,White,13
13313,GA,Whitfield,5
13315,GA,Wilcox,13
13317,GA,Wilkes,15
13319,GA,Wilkinson,7
13321,GA,Worth,18
15001,HI,Hawaii,323
15003,HI,Honolulu,318
15007,HI,Kauai,98
15009,HI,Maui,221
16001,ID,Ada,64
16003,ID,Adams,6
16005,ID,Bannock,44
16007,ID,Bear Lake,2
16009,ID,Benewah,6
16011,ID,Bingham,96
16013,ID,Blaine,6
16015,ID,Boise,2
16017,ID,Bonner,28
16019,ID,Bonneville,41
16021,ID,Boundary,7
16023,ID,Butte,4
16025,ID,Camas,8
16027,ID,Canyon,107
16029,ID,Caribou,16
16031,ID,Cassia,28
16033,ID,Clark,1
16035,ID,Clearwater,2
16037,ID,Custer,11
16039,ID,Elmore,22
16041,ID,Franklin,6
16043,ID,Fremont,62
16045,ID,Gem,6
16047,ID,Gooding,23
16049,ID,Idaho,13
16051,ID,Jefferson,32
16053,ID,Jerome,21
16055,ID,Kootenai,40
16057,ID,Latah,28
16059,ID,Lemhi,15
16061,ID,Lewis,0
16063,ID,Lincoln,3
16065,ID,Madison,65
16067,ID,Minidoka,32
16069,ID,Nez Perce,18
16071,ID,Oneida,3
16073,ID,Owyhee,9
16075,ID,Payette,22
16077,ID,Power,8
16079,ID,Shoshone,3
16081,ID,Teton,15
16083,ID,Twin Falls,33
16085,ID,Valley,6
16087,ID,Washington,19
17001,IL,Adams,14
17003,IL,Alexander,1
17005,IL,Bond,10
17007,IL,Boone,14
17009,IL,Brown,0
17011,IL,Bureau,9
17013,IL,Calhoun,10
17015,IL,Carroll,9
17017,IL,Cass,7
17019,IL,Champaign,19
17021,IL,Christian,1
17023,IL,Clark,4
17025,IL,Clay,4
17027,IL,Clinton,0
17029,IL,Coles,12
17031,IL,Cook,21
17033,IL,Crawford,5
17035,IL,Cumberland,4
17037,IL,DeKalb,16
17039,IL,De Witt,2
17041,IL,Douglas,28
17043,IL,DuPage,3
17045,IL,Edgar,5
17047,IL,Edwards,3
17049,IL,Effingham,3
17051,IL,Fayette,23
17053,IL,Ford,0
17055,IL,Franklin,13
17057,IL,Fulton,6
17059,IL,Gallatin,0
17061,IL,Greene,2
17063,IL,Grundy,4
17065,IL,Hamilton,5
17067,IL,Hancock,4
17069,IL,Hardin,1
17071,IL,Henderson,2
17073,IL,Henry,22
17075,IL,Iroquois,11
17077,IL,Jackson,23
17079,IL,Jasper,0
17081,IL,Jefferson,10
17083,IL,Jersey,8
17085,IL,Jo Daviess,11
17087,IL,Johnson,9
17089,IL,Kane,26
17091,IL,Kankakee,24
17093,IL,Kendall,18
17095,IL,Knox,5
17097,IL,Lake,31
17099,IL,LaSalle,25
17101,IL,Lawrence,3
17103,IL,Lee,5
17105,IL,Livingston,18
17107,IL,Logan,5
17109,IL,McDonough,5
17111,IL,McHenry,59
17113,IL,McLean,18
17115,IL,Macon,7
17117,IL,Macoupin,10
17119,IL,Madison,32
17121,IL,Marion,7
17123,IL,Marshall,9
17125,IL,Mason,10
17127,IL,Massac,4
17129,IL,Menard,4
17131,IL,Mercer,6
17133,IL,Monroe,9
17135,IL,Montgomery,2
17137,IL,Morgan,7
17139,IL,Moultrie,15
17141,IL,Ogle,11
17143,IL,Peoria,16
17145,IL,Perry,5
17147,IL,Piatt,4
17149,IL,Pike,4
17151,IL,Pope,2
17153,IL,Pulaski,2
17155,IL,Putnam,4
17157,IL,Randolph,6
17159,IL,Richland,5
17161,IL,Rock Island,12
17163,IL,St. Clair,17
17165,IL,Saline,0
17167,IL,Sangamon,20
17169,IL,Schuyler,0
17171,IL,Scott,3
17173,IL,Shelby,2
17175,IL,Stark,5
17177,IL,Stephenson,9
17179,IL,Tazewell,16
17181,IL,Union,27
17183,IL,Vermilion,9
17185,IL,Wabash,0
17187,IL,Warren,0
17189,IL,Washington,8
17191,IL,Wayne,13
17193,IL,White,5
17195,IL,Whiteside,26
17197,IL,Will,29
17199,IL,Williamson,9
17201,IL,Winnebago,39
17203,IL,Woodford,24
18001,IN,Adams,49
18003,IN,Allen,25
18005,IN,Bartholomew,24
18007,IN,Benton,0
18009,IN,Blackford,1
18011,IN,Boone,17
18013,IN,Brown,12
18015,IN,Carroll,10
18017,IN,Cass,10
18019,IN,Clark,26
18021,IN,Clay,3
18023,IN,Clinton,7
18025,IN,Crawford,5
18027,IN,Daviess,70
18029,IN,Dearborn,9
18031,IN,Decatur,7
18033,IN,DeKalb,7
18035,IN,Delaware,21
18037,IN,Dubois,8
18039,IN,Elkhart,79
18041,IN,Fayette,1
18043,IN,Floyd,15
18045,IN,Fountain,3
18047,IN,Franklin,10
18049,IN,Fulton,15
18051,IN,Gibson,11
18053,IN,Grant,3
18055,IN,Greene,8
18057,IN,Hamilton,21
18059,IN,Hancock,18
18061,IN,Harrison,11
18063,IN,Hendricks,17
18065,IN,Henry,10
18067,IN,Howard,9
18069,IN,Huntington,4
18071,IN,Jackson,18
18073,IN,Jasper,18
18075,IN,Jay,2
18077,IN,Jefferson,19
18079,IN,Jennings,9
18081,IN,Johnson,15
18083,IN,Knox,36
18085,IN,Kosciusko,13
18087,IN,LaGrange,79
18089,IN,Lake,23
18091,IN,LaPorte,11
18093,IN,Lawrence,12
18095,IN,Madison,11
18097,IN,Marion,20
18099,IN,Marshall,17
18101,IN,Martin,7
18103,IN,Miami,6
18105,IN,Monroe,20
18107,IN,Montgomery,16
18109,IN,Morgan,10
18111,IN,Newton,3
18113,IN,Noble,14
18115,IN,Ohio,3
18117,IN,Orange,11
18119,IN,Owen,13
18121,IN,Parke,52
18123,IN,Perry,5
18125,IN,Pike,1
18127,IN,Porter,16
18129,IN,Posey,7
18131,IN,Pulaski,4
18133,IN,Putnam,3
18135,IN,Randolph,5
18137,IN,Ripley,20
18139,IN,Rush,5
18141,IN,St. Joseph,27
18143,IN,Scott,4
18145,IN,Shelby,7
18147,IN,Spencer,10
18149,IN,Starke,2
18151,IN,Steuben,4
18153,IN,Sullivan,10
18155,IN,Switzerland,9
18157,IN,Tippecanoe,17
18159,IN,Tipton,2
18161,IN,Union,2
18163,IN,Vanderburgh,10
18165,IN,Vermillion,1
18167,IN,Vigo,13
18169,IN,Wabash,6
18171,IN,Warren,2
18173,IN,Warrick,4
18175,IN,Washington,19
18177,IN,Wayne,36
18179,IN,Wells,9
18181,IN,White,6
18183,IN,Whitley,12
19001,IA,Adair,8
19003,IA,Adams,1
19005,IA,Allamakee,9
19007,IA,Appanoose,3
19009,IA,Audubon,0
19011,IA,Benton,15
19013,IA,Black Hawk,25
19015,IA,Boone,20
19017,IA,Bremer,9
19019,IA,Buchanan,9
19021,IA,Buena Vista,5
19023,IA,Butler,3
19025,IA,Calhoun,4
19027,IA,Carroll,5
19029,IA,Cass,4
19031,IA,Cedar,5
19033,IA,Cerro Gordo,5
19035,IA,Cherokee,2
19037,IA,Chickasaw,18
19039,IA,Clarke,11
19041,IA,Clay,6
19043,IA,Clayton,11
19045,IA,Clinton,7
19047,IA,Crawford,2
19049,IA,Dallas,25
19051,IA,Davis,26
19053,IA,Decatur,6
19055,IA,Delaware,11
19057,IA,Des Moines,5
19059,IA,Dickinson,4
19061,IA,Dubuque,18
19063,IA,Emmet,1
19065,IA,Fayette,12
19067,IA,Floyd,21
19069,IA,Franklin,2
19071,IA,Fremont,7
19073,IA,Greene,8
19075,IA,Grundy,10
19077,IA,Guthrie,2
19079,IA,Hamilton,3
19081,IA,Hancock,7
19083,IA,Hardin,9
19085,IA,Harrison,4
19087,IA,Henry,9
19089,IA,Howard,24
19091,IA,Humboldt,4
19093,IA,Ida,1
19095,IA,Iowa,5
19097,IA,Jackson,17
19099,IA,Jasper,11
19101,IA,Jefferson,13
19103,IA,Johnson,43
19105,IA,Jones,13
19107,IA,Keokuk,7
19109,IA,Kossuth,11
19111,IA,Lee,10
19113,IA,Linn,25
19115,IA,Louisa,1
19117,IA,Lucas,4
19119,IA,Lyon,8
19121,IA,Madison,8
19123,IA,Mahaska,8
19125,IA,Marion,17
19127,IA,Marshall,13
19129,IA,Mills,3
19131,IA,Mitchell,18
19133,IA,Monona,3
19135,IA,Monroe,4
19137,IA,Montgomery,4
19139,IA,Muscatine,14
19141,IA,O'Brien,4
19143,IA,Osceola,3
19145,IA,Page,2
19147,IA,Palo Alto,6
19149,IA,Plymouth,3
19151,IA,Pocahontas,1
19153,IA,Polk,39
19155,IA,Pottawattamie,16
19157,IA,Poweshiek,10
19159,IA,Ringgold,6
19161,IA,Sac,2
19163,IA,Scott,17
19165,IA,Shelby,3
19167,IA,Sioux,12
19169,IA,Story,26
19171,IA,Tama,11
19173,IA,Taylor,0
19175,IA,Union,5
19177,IA,Van Buren,19
19179,IA,Wapello,1
19181,IA,Warren,15
19183,IA,Washington,21
19185,IA,Wayne,3
19187,IA,Webster,12
19189,IA,Winnebago,2
19191,IA,Winneshiek,20
19193,IA,Woodbury,11
19195,IA,Worth,5
19197,IA,Wright,4
20001,KS,Allen,6
20003,KS,Anderson,3
20005,KS,Atchison,7
20007,KS,Barber,0
20009,KS,Barton,6
20011,KS,Bourbon,9
20013,KS,Brown,5
20015,KS,Butler,19
20017,KS,Chase,2
20019,KS,Chautauqua,0
20021,KS,Cherokee,2
20023,KS,Cheyenne,0
20025,KS,Clark,0
20027,KS,Clay,2
20029,KS,Cloud,3
20031,KS,Coffey,0
20033,KS,Comanche,1
20035,KS,Cowley,6
20037,KS,Crawford,6
20039,KS,Decatur,3
20041,KS,Dickinson,3
20043,KS,Doniphan,9
20045,KS,Douglas,39
20047,KS,Edwards,1
20049,KS,Elk,0
20051,KS,Ellis,0
20053,KS,Ellsworth,4
20055,KS,Finney,4
20057,KS,Ford,2
20059,KS,Franklin,5
20061,KS,Geary,5
20063,KS,Gove,0
20065,KS,Graham,0
20067,KS,Grant,2
20069,KS,Gray,1
20071,KS,Greeley,0
20073,KS,Greenwood,3
20075,KS,Hamilton,0
20077,KS,Harper,3
20079,KS,Harvey,5
20081,KS,Haskell,0
20083,KS,Hodgeman,0
20085,KS,Jackson,2
20087,KS,Jefferson,13
20089,KS,Jewell,0
20091,KS,Johnson,17
20093,KS,Kearny,1
20095,KS,Kingman,2
20097,KS,Kiowa,0
20099,KS,Labette,8
20101,KS,Lane,1
20103,KS,Leavenworth,17
20105,KS,Lincoln,1
20107,KS,Linn,5
20109,KS,Logan,0
20111,KS,Lyon,13
20113,KS,McPherson,5
20115,KS,Marion,2
20117,KS,Marshall,0
20119,KS,Meade,2
20121,KS,Miami,11
20123,KS,Mitchell,0
20125,KS,Montgomery,15
20127,KS,Morris,2
20129,KS,Morton,0
20131,KS,Nemaha,3
20133,KS,Neosho,14
20135,KS,Ness,0
20137,KS,Norton,0
20139,KS,Osage,2
20141,KS,Osborne,0
20143,KS,Ottawa,6
20145,KS,Pawnee,2
20147,KS,Phillips,1
20149,KS,Pottawatomie,5
20151,KS,Pratt,2
20153,KS,Rawlins,0
20155,KS,Reno,18
20157,KS,Republic,9
20159,KS,Rice,0
20161,KS,Riley,9
20163,KS,Rooks,0
20165,KS,Rush,0
20167,KS,Russell,2
20169,KS,Saline,3
20171,KS,Scott,0
20173,KS,Sedgwick,13
20175,KS,Seward,0
20177,KS,Shawnee,10
20179,KS,Sheridan,1
20181,KS,Sherman,0
20183,KS,Smith,1
20185,KS,Stafford,2
20187,KS,Stanton,0
20189,KS,Stevens,3
20191,KS,Sumner,3
20193,KS,Thomas,0
20195,KS,Trego,0
20197,KS,Wabaunsee,3
20199,KS,Wallace,1
20201,KS,Washington,7
20203,KS,Wichita,0
20205,KS,Wilson,6
20207,KS,Woodson,5
20209,KS,Wyandotte,14
21001,KY,Adair,23
21003,KY,Allen,61
21005,KY,Anderson,11
21007,KY,Ballard,4
21009,KY,Barren,25
21011,KY,Bath,9
21013,KY,Bell,9
21015,KY,Boone,28
21017,KY,Bourbon,26
21019,KY,Boyd,2
21021,KY,Boyle,11
21023,KY,Bracken,6
21025,KY,Breathitt,16
21027,KY,Breckinridge,26
21029,KY,Bullitt,12
21031,KY,Butler,15
21033,KY,Caldwell,8
21035,KY,Calloway,14
21037,KY,Campbell,28
21039,KY,Carlisle,5
21041,KY,Carroll,10
21043,KY,Carter,30
21045,KY,Casey,45
21047,KY,Christian,72
21049,KY,Clark,22
21051,KY,Clay,22
21053,KY,Clinton,11
21055,KY,Crittenden,19
21057,KY,Cumberland,10
21059,KY,Daviess,30
21061,KY,Edmonson,5
21063,KY,Elliott,15
21065,KY,Estill,11
21067,KY,Fayette,37
21069,KY,Fleming,20
21071,KY,Floyd,6
21073,KY,Franklin,18
21075,KY,Fulton,0
21077,KY,Gallatin,9
21079,KY,Garrard,12
21081,KY,Grant,20
21083,KY,Graves,21
21085,KY,Grayson,30
21087,KY,Green,11
21089,KY,Greenup,28
21091,KY,Hancock,10
21093,KY,Hardin,21
21095,KY,Harlan,4
21097,KY,Harrison,25
21099,KY,Hart,27
21101,KY,Henderson,9
21103,KY,Henry,27
21105,KY,Hickman,0
21107,KY,Hopkins,15
21109,KY,Jackson,30
21111,KY,Jefferson,28
21113,KY,Jessamine,26
21115,KY,Johnson,8
21117,KY,Kenton,16
21119,KY,Knott,0
21121,KY,Knox,12
21123,KY,Larue,17
21125,KY,Laurel,26
21127,KY,Lawrence,20
21129,KY,Lee,8
21131,KY,Leslie,0
21133,KY,Letcher,4
21135,KY,Lewis,10
21137,KY,Lincoln,35
21139,KY,Livingston,5
21141,KY,Logan,26
21143,KY,Lyon,4
21145,KY,McCracken,18
21147,KY,McCreary,8
21149,KY,McLean,5
21151,KY,Madison,36
21153,KY,Magoffin,18
21155,KY,Marion,18
21157,KY,Marshall,16
21159,KY,Martin,5
21161,KY,Mason,17
21163,KY,Meade,13
21165,KY,Menifee,5
21167,KY,Mercer,30
21169,KY,Metcalfe,11
21171,KY,Monroe,15
21173,KY,Montgomery,10
21175,KY,Morgan,21
21177,KY,Muhlenberg,5
21179,KY,Nelson,24
21181,KY,Nicholas,13
21183,KY,Ohio,20
21185,KY,Oldham,32
21187,KY,Owen,18
21189,KY,Owsley,22
21191,KY,Pendleton,13
21193,KY,Perry,6
21195,KY,Pike,3
21197,KY,Powell,14
21199,KY,Pulaski,44
21201,KY,Robertson,1
21203,KY,Rockcastle,10
21205,KY,Rowan,14
21207,KY,Russell,19
21209,KY,Scott,26
21211,KY,Shelby,36
21213,KY,Simpson,4
21215,KY,Spencer,14
21217,KY,Taylor,29
21219,KY,Todd,77
21221,KY,Trigg,28
21223,KY,Trimble,5
21225,KY,Union,2
21227,KY,Warren,35
21229,KY,Washington,17
21231,KY,Wayne,24
21233,KY,Webster,4
21235,KY,Whitley,20
21237,KY,Wolfe,13
21239,KY,Woodford,29
22001,LA,Acadia,7
22003,LA,Allen,4
22005,LA,Ascension,5
22007,LA,Assumption,0
22009,LA,Avoyelles,14
22011,LA,Beauregard,30
22013,LA,Bienville,8
22015,LA,Bossier,15
22017,LA,Caddo,22
22019,LA,Calcasieu,10
22021,LA,Caldwell,7
22023,LA,Cameron,6
22025,LA,Catahoula,2
22027,LA,Claiborne,7
22029,LA,Concordia,4
22031,LA,De Soto,8
22033,LA,East Baton Rouge,16
22035,LA,East Carroll,1
22037,LA,East Feliciana,7
22039,LA,Evangeline,3
22041,LA,Franklin,4
22043,LA,Grant,10
22045,LA,Iberia,9
22047,LA,Iberville,1
22049,LA,Jackson,3
22051,LA,Jefferson,1
22053,LA,Jefferson Davis,4
22055,LA,Lafayette,6
22057,LA,Lafourche,23
22059,LA,La Salle,0
22061,LA,Lincoln,8
22063,LA,Livingston,17
22065,LA,Madison,1
22067,LA,Morehouse,10
22069,LA,Natchitoches,7
22071,LA,Orleans,5
22073,LA,Ouachita,13
22075,LA,Plaquemines,11
22077,LA,Pointe Coupee,7
22079,LA,Rapides,19
22081,LA,Red River,5
22083,LA,Richland,5
22085,LA,Sabine,5
22087,LA,St. Bernard,4
22089,LA,St. Charles,4
22091,LA,St. Helena,18
22093,LA,St. James,11
22095,LA,St. John the Baptist,0
22097,LA,St. Landry,20
22099,LA,St. Martin,14
22101,LA,St. Mary,4
22103,LA,St. Tammany,23
22105,LA,Tangipahoa,54
22107,LA,Tensas,3
22109,LA,Terrebonne,8
22111,LA,Union,2
22113,LA,Vermilion,8
22115,LA,Vernon,23
22117,LA,Washington,33
22119,LA,Webster,9
22121,LA,West Baton Rouge,0
22123,LA,West Carroll,18
22125,LA,West Feliciana,7
22127,LA,Winn,13
23001,ME,Androscoggin,111
23003,ME,Aroostook,179
23005,ME,Cumberland,99
23007,ME,Franklin,41
23009,ME,Hancock,92
23011,ME,Kennebec,90
23013,ME,Knox,62
23015,ME,Lincoln,54
23017,ME,Oxford,57
23019,ME,Penobscot,119
23021,ME,Piscataquis,25
23023,ME,Sagadahoc,33
23025,ME,Somerset,66
23027,ME,Waldo,135
23029,ME,Washington,71
23031,ME,York,140
24001,MD,Allegany,8
24003,MD,Anne Arundel,27
24005,MD,Baltimore,48
24009,MD,Calvert,29
24011,MD,Caroline,37
24013,MD,Carroll,33
24015,MD,Cecil,17
24017,MD,Charles,38
24019,MD,Dorchester,35
24021,MD,Frederick,61
24023,MD,Garrett,39
24025,MD,Harford,25
24027,MD,Howard,17
24029,MD,Kent,5
24031,MD,Montgomery,24
24033,MD,Prince George's,41
24035,MD,Queen Anne's,25
24037,MD,St. Mary's,92
24039,MD,Somerset,9
24041,MD,Talbot,10
24043,MD,Washington,39
24045,MD,Wicomico,34
24047,MD,Worcester,15
25001,MA,Barnstable,46
25003,MA,Berkshire,85
25005,MA,Bristol,121
25007,MA,Dukes,7
25009,MA,Essex,84
25011,MA,Franklin,156
25013,MA,Hampden,92
25015,MA,Hampshire,152
25017,MA,Middlesex,199
25019,MA,Nantucket,7
25021,MA,Norfolk,44
25023,MA,Plymouth,76
25025,MA,Suffolk,8
25027,MA,Worcester,311
26001,MI,Alcona,8
26003,MI,Alger,14
26005,MI,Allegan,81
26007,MI,Alpena,17
26009,MI,Antrim,36
26011,MI,Arenac,12
26013,MI,Baraga,3
26015,MI,Barry,26
26017,MI,Bay,49
26019,MI,Benzie,15
26021,MI,Berrien,140
26023,MI,Branch,39
26025,MI,Calhoun,37
26027,MI,Cass,37
26029,MI,Charlevoix,26
26031,MI,Cheboygan,24
26033,MI,Chippewa,18
26035,MI,Clare,17
26037,MI,Clinton,32
26039,MI,Crawford,4
26041,MI,Delta,22
26043,MI,Dickinson,8
26045,MI,Eaton,26
26047,MI,Emmet,19
26049,MI,Genesee,51
26051,MI,Gladwin,15
26053,MI,Gogebic,1
26055,MI,Grand Traverse,39
26057,MI,Gratiot,17
26059,MI,Hillsdale,39
26061,MI,Houghton,21
26063,MI,Huron,19
26065,MI,Ingham,50
26067,MI,Ionia,29
26069,MI,Iosco,10
26071,MI,Iron,12
26073,MI,Isabella,17
26075,MI,Jackson,38
26077,MI,Kalamazoo,44
26079,MI,Kalkaska,10
26081,MI,Kent,82
26083,MI,Keweenaw,0
26085,MI,Lake,11
26087,MI,Lapeer,70
26089,MI,Leelanau,34
26091,MI,Lenawee,47
26093,MI,Livingston,53
26095,MI,Luce,4
26097,MI,Mackinac,3
26099,MI,Macomb,69
26101,MI,Manistee,23
26103,MI,Marquette,19
26105,MI,Mason,26
26107,MI,Mecosta,42
26109,MI,Menominee,20
26111,MI,Midland,20
26113,MI,Missaukee,20
26115,MI,Monroe,82
26117,MI,Montcalm,58
26119,MI,Montmorency,3
26121,MI,Muskegon,28
26123,MI,Newaygo,42
26125,MI,Oakland,41
26127,MI,Oceana,60
26129,MI,Ogemaw,6
26131,MI,Ontonagon,6
26133,MI,Osceola,20
26135,MI,Oscoda,5
26137,MI,Otsego,14
26139,MI,Ottawa,94
26141,MI,Presque Isle,20
26143,MI,Roscommon,2
26145,MI,Saginaw,44
26147,MI,St. Clair,50
26149,MI,St. Joseph,31
26151,MI,Sanilac,47
26153,MI,Schoolcraft,7
26155,MI,Shiawassee,26
26157,MI,Tuscola,46
26159,MI,Van Buren,97
26161,MI,Washtenaw,107
26163,MI,Wayne,69
26165,MI,Wexford,18
27001,MN,Aitkin,14
27003,MN,Anoka,28
27005,MN,Becker,13
27007,MN,Beltrami,9
27009,MN,Benton,9
27011,MN,Big Stone,2
27013,MN,Blue Earth,11
27015,MN,Brown,5
27017,MN,Carlton,15
27019,MN,Carver,19
27021,MN,Cass,11
27023,MN,Chippewa,8
27025,MN,Chisago,41
27027,MN,Clay,12
27029,MN,Clearwater,9
27031,MN,Cook,3
27033,MN,Cottonwood,4
27035,MN,Crow Wing,16
27037,MN,Dakota,82
27039,MN,Dodge,7
27041,MN,Douglas,19
27043,MN,Faribault,4
27045,MN,Fillmore,25
27047,MN,Freeborn,11
27049,MN,Goodhue,16
27051,MN,Grant,1
27053,MN,Hennepin,101
27055,MN,Houston,10
27057,MN,Hubbard,15
27059,MN,Isanti,28
27061,MN,Itasca,12
27063,MN,Jackson,3
27065,MN,Kanabec,14
27067,MN,Kandiyohi,13
27069,MN,Kittson,2
27071,MN,Koochiching,8
27073,MN,Lac qui Parle,5
27075,MN,Lake,2
27077,MN,Lake of the Woods,3
27079,MN,Le Sueur,19
27081,MN,Lincoln,2
27083,MN,Lyon,6
27085,MN,McLeod,26
27087,MN,Mahnomen,2
27089,MN,Marshall,10
27091,MN,Martin,4
27093,MN,Meeker,17
27095,MN,Mille Lacs,23
27097,MN,Morrison,17
27099,MN,Mower,11
27101,MN,Murray,4
27103,MN,Nicollet,13
27105,MN,Nobles,12
27107,MN,Norman,4
27109,MN,Olmsted,16
27111,MN,Otter Tail,32
27113,MN,Pennington,4
27115,MN,Pine,19
27117,MN,Pipestone,6
27119,MN,Polk,17
27121,MN,Pope,11
27123,MN,Ramsey,86
27125,MN,Red Lake,4
27127,MN,Redwood,8
27129,MN,Renville,9
27131,MN,Rice,26
27133,MN,Rock,6
27135,MN,Roseau,5
27137,MN,St. Louis,33
27139,MN,Scott,34
27141,MN,Sherburne,31
27143,MN,Sibley,7
27145,MN,Stearns,57
27147,MN,Steele,4
27149,MN,Stevens,8
27151,MN,Swift,1
27153,MN,Todd,30
27155,MN,Traverse,2
27157,MN,Wabasha,17
27159,MN,Wadena,9
27161,MN,Waseca,6
27163,MN,Washington,69
27165,MN,Watonwan,3
27167,MN,Wilkin,6
27169,MN,Winona,27
27171,MN,Wright,41
27173,MN,Yellow Medicine,4
28001,MS,Adams,1
28003,MS,Alcorn,7
28005,MS,Amite,11
28007,MS,Attala,5
28009,MS,Benton,10
28011,MS,Bolivar,10
28013,MS,Calhoun,46
28015,MS,Carroll,12
28017,MS,Chickasaw,20
28019,MS,Choctaw,8
28021,MS,Claiborne,10
28023,MS,Clarke,11
28025,MS,Clay,10
28027,MS,Coahoma,2
28029,MS,Copiah,21
28031,MS,Covington,10
28033,MS,DeSoto,19
28035,MS,Forrest,22
28037,MS,Franklin,5
28039,MS,George,50
28041,MS,Greene,18
28043,MS,Grenada,9
28045,MS,Hancock,17
28047,MS,Harrison,20
28049,MS,Hinds,34
28051,MS,Holmes,7
28053,MS,Humphreys,1
28055,MS,Issaquena,0
28057,MS,Itawamba,15
28059,MS,Jackson,13
28061,MS,Jasper,11
28063,MS,Jefferson,14
28065,MS,Jefferson Davis,19
28067,MS,Jones,24
28069,MS,Kemper,22
28071,MS,Lafayette,14
28073,MS,Lamar,13
28075,MS,Lauderdale,22
28077,MS,Lawrence,20
28079,MS,Leake,15
28081,MS,Lee,12
28083,MS,Leflore,5
28085,MS,Lincoln,25
28087,MS,Lowndes,21
28089,MS,Madison,7
28091,MS,Marion,19
28093,MS,Marshall,30
28095,MS,Monroe,18
28097,MS,Montgomery,4
28099,MS,Neshoba,21
28101,MS,Newton,13
28103,MS,Noxubee,14
28105,MS,Oktibbeha,11
28107,MS,Panola,17
28109,MS,Pearl River,28
28111,MS,Perry,21
28113,MS,Pike,14
28115,MS,Pontotoc,18
28117,MS,Prentiss,15
28119,MS,Quitman,7
28121,MS,Rankin,13
28123,MS,Scott,12
28125,MS,Sharkey,0
28127,MS,Simpson,22
28129,MS,Smith,15
28131,MS,Stone,8
28133,MS,Sunflower,6
28135,MS,Tallahatchie,5
28137,MS,Tate,17
28139,MS,Tippah,17
28141,MS,Tishomingo,9
28143,MS,Tunica,0
28145,MS,Union,15
28147,MS,Walthall,10
28149,MS,Warren,3
28151,MS,Washington,2
28153,MS,Wayne,19
28155,MS,Webster,12
28157,MS,Wilkinson,4
28159,MS,Winston,24
28161,MS,Yalobusha,7
28163,MS,Yazoo,8
29001,MO,Adair,5
29003,MO,Andrew,11
29005,MO,Atchison,0
29007,MO,Audrain,23
29009,MO,Barry,10
29011,MO,Barton,25
29013,MO,Bates,12
29015,MO,Benton,8
29017,MO,Bollinger,4
29019,MO,Boone,42
29021,MO,Buchanan,5
29023,MO,Butler,6
29025,MO,Caldwell,3
29027,MO,Callaway,21
29029,MO,Camden,4
29031,MO,Cape Girardeau,5
29033,MO,Carroll,6
29035,MO,Carter,5
29037,MO,Cass,20
29039,MO,Cedar,10
29041,MO,Chariton,9
29043,MO,Christian,9
29045,MO,Clark,2
29047,MO,Clay,12
29049,MO,Clinton,5
29051,MO,Cole,9
29053,MO,Cooper,15
29055,MO,Crawford,6
29057,MO,Dade,7
29059,MO,Dallas,40
29061,MO,Daviess,30
29063,MO,DeKalb,10
29065,MO,Dent,13
29067,MO,Douglas,6
29069,MO,Dunklin,26
29071,MO,Franklin,17
29073,MO,Gasconade,9
29075,MO,Gentry,13
29077,MO,Greene,18
29079,MO,Grundy,11
29081,MO,Harrison,7
29083,MO,Henry,9
29085,MO,Hickory,1
29087,MO,Holt,1
29089,MO,Howard,8
29091,MO,Howell,9
29093,MO,Iron,2
29095,MO,Jackson,28
29097,MO,Jasper,8
29099,MO,Jefferson,20
29101,MO,Johnson,26
29103,MO,Knox,4
29105,MO,Laclede,6
29107,MO,Lafayette,10
29109,MO,Lawrence,21
29111,MO,Lewis,7
29113,MO,Lincoln,11
29115,MO,Linn,7
29117,MO,Livingston,12
29119,MO,McDonald,13
29121,MO,Macon,14
29123,MO,Madison,0
29125,MO,Maries,12
29127,MO,Marion,2
29129,MO,Mercer,4
29131,MO,Miller,0
29133,MO,Mississippi,4
29135,MO,Moniteau,43
29137,MO,Monroe,14
29139,MO,Montgomery,9
29141,MO,Morgan,32
29143,MO,New Madrid,1
29145,MO,Newton,17
29147,MO,Nodaway,8
29149,MO,Oregon,2
29151,MO,Osage,4
29153,MO,Ozark,3
29155,MO,Pemiscot,2
29157,MO,Perry,10
29159,MO,Pettis,4
29161,MO,Phelps,0
29163,MO,Pike,9
29165,MO,Platte,13
29167,MO,Polk,20
29169,MO,Pulaski,5
29171,MO,Putnam,0
29173,MO,Ralls,3
29175,MO,Randolph,12
29177,MO,Ray,6
29179,MO,Reynolds,2
29181,MO,Ripley,0
29183,MO,St. Charles,14
29185,MO,St. Clair,8
29186,MO,Ste. Genevieve,3
29187,MO,St. Francois,9
29189,MO,St. Louis,13
29195,MO,Saline,11
29197,MO,Schuyler,6
29199,MO,Scotland,5
29201,MO,Scott,5
29203,MO,Shannon,2
29205,MO,Shelby,4
29207,MO,Stoddard,6
29209,MO,Stone,11
29211,MO,Sullivan,3
29213,MO,Taney,4
29215,MO,Texas,12
29217,MO,Vernon,50
29219,MO,Warren,12
29221,MO,Washington,4
29223,MO,Wayne,2
29225,MO,Webster,29
29227,MO,Worth,0
29229,MO,Wright,11
30001,MT,Beaverhead,9
30003,MT,Big Horn,2
30005,MT,Blaine,3
30007,MT,Broadwater,6
30009,MT,Carbon,9
30011,MT,Carter,1
30013,MT,Cascade,7
30015,MT,Chouteau,2
30017,MT,Custer,5
30019,MT,Daniels,0
30021,MT,Dawson,1
30023,MT,Deer Lodge,0
30025,MT,Fallon,0
30027,MT,Fergus,2
30029,MT,Flathead,22
30031,MT,Gallatin,34
30033,MT,Garfield,0
30035,MT,Glacier,2
30037,MT,Golden Valley,0
30039,MT,Granite,0
30041,MT,Hill,4
30043,MT,Jefferson,2
30045,MT,Judith Basin,1
30047,MT,Lake,31
30049,MT,Lewis and Clark,15
30051,MT,Liberty,3
30053,MT,Lincoln,8
30055,MT,McCone,1
30057,MT,Madison,10
30059,MT,Meagher,0
30061,MT,Mineral,0
30063,MT,Missoula,28
30065,MT,Musselshell,2
30067,MT,Park,10
30069,MT,Petroleum,0
30071,MT,Phillips,1
30073,MT,Pondera,7
30075,MT,Powder River,0
30077,MT,Powell,0
30079,MT,Prairie,1
30081,MT,Ravalli,45
30083,MT,Richland,3
30085,MT,Roosevelt,0
30087,MT,Rosebud,3
30089,MT,Sanders,11
30091,MT,Sheridan,1
30093,MT,Silver Bow,0
30095,MT,Stillwater,0
30097,MT,Sweet Grass,0
30099,MT,Teton,3
30101,MT,Toole,0
30103,MT,Treasure,0
30105,MT,Valley,0
30107,MT,Wheatland,3
30109,MT,Wibaux,2
30111,MT,Yellowstone,14
31001,NE,Adams,16
31003,NE,Antelope,0
31005,NE,Arthur,0
31007,NE,Banner,0
31009,NE,Blaine,0
31011,NE,Boone,0
31013,NE,Box Butte,2
31015,NE,Boyd,0
31017,NE,Brown,0
31019,NE,Buffalo,10
31021,NE,Burt,2
31023,NE,Butler,6
31025,NE,Cass,10
31027,NE,Cedar,4
31029,NE,Chase,2
31031,NE,Cherry,2
31033,NE,Cheyenne,0
31035,NE,Clay,2
31037,NE,Colfax,0
31039,NE,Cuming,5
31041,NE,Custer,7
31043,NE,Dakota,9
31045,NE,Dawes,2
31047,NE,Dawson,4
31049,NE,Deuel,0
31051,NE,Dixon,2
31053,NE,Dodge,16
31055,NE,Douglas,24
31057,NE,Dundy,3
31059,NE,Fillmore,3
31061,NE,Franklin,0
31063,NE,Frontier,0
31065,NE,Furnas,1
31067,NE,Gage,18
31069,NE,Garden,0
31071,NE,Garfield,0
31073,NE,Gosper,2
31075,NE,Grant,0
31077,NE,Greeley,0
31079,NE,Hall,8
31081,NE,Hamilton,3
31083,NE,Harlan,5
31085,NE,Hayes,1
31087,NE,Hitchcock,5
31089,NE,Holt,8
31091,NE,Hooker,0
31093,NE,Howard,8
31095,NE,Jefferson,0
31097,NE,Johnson,3
31099,NE,Kearney,5
31101,NE,Keith,3
31103,NE,Keya Paha,1
31105,NE,Kimball,0
31107,NE,Knox,3
31109,NE,Lancaster,44
31111,NE,Lincoln,13
31113,NE,Logan,6
31115,NE,Loup,0
31117,NE,McPherson,0
31119,NE,Madison,17
31121,NE,Merrick,3
31123,NE,Morrill,1
31125,NE,Nance,0
31127,NE,Nemaha,9
31129,NE,Nuckolls,2
31131,NE,Otoe,15
31133,NE,Pawnee,8
31135,NE,Perkins,4
31137,NE,Phelps,2
31139,NE,Pierce,4
31141,NE,Platte,7
31143,NE,Polk,1
31145,NE,Red Willow,3
31147,NE,Richardson,6
31149,NE,Rock,0
31151,NE,Saline,2
31153,NE,Sarpy,10
31155,NE,Saunders,22
31157,NE,Scotts Bluff,8
31159,NE,Seward,15
31161,NE,Sheridan,6
31163,NE,Sherman,1
31165,NE,Sioux,5
31167,NE,Stanton,4
31169,NE,Thayer,5
31171,NE,Thomas,0
31173,NE,Thurston,2
31175,NE,Valley,0
31177,NE,Washington,10
31179,NE,Wayne,2
31181,NE,Webster,0
31183,NE,Wheeler,0
31185,NE,York,5
32001,NV,Churchill,24
32003,NV,Clark,23
32005,NV,Douglas,7
32007,NV,Elko,7
32009,NV,Esmeralda,0
32011,NV,Eureka,0
32013,NV,Humboldt,3
32015,NV,Lander,1
32017,NV,Lincoln,19
32019,NV,Lyon,37
32021,NV,Mineral,0
32023,NV,Nye,5
32027,NV,Pershing,0
32029,NV,Storey,0
32031,NV,Washoe,26
32033,NV,White Pine,1
32510,NV,Carson City,0
33001,NH,Belknap,50
33003,NH,Carroll,70
33005,NH,Cheshire,55
33007,NH,Coos,41
33009,NH,Grafton,52
33011,NH,Hillsborough,106
33013,NH,Merrimack,113
33015,NH,Rockingham,110
33017,NH,Strafford,56
33019,NH,Sullivan,26
34001,NJ,Atlantic,83
34003,NJ,Bergen,10
34005,NJ,Burlington,110
34007,NJ,Camden,26
34009,NJ,Cape May,37
34011,NJ,Cumberland,95
34013,NJ,Essex,3
34015,NJ,Gloucester,90
34017,NJ,Hudson,0
34019,NJ,Hunterdon,99
34021,NJ,Mercer,35
34023,NJ,Middlesex,51
34025,NJ,Monmouth,103
34027,NJ,Morris,61
34029,NJ,Ocean,25
34031,NJ,Passaic,21
34033,NJ,Salem,78
34035,NJ,Somerset,34
34037,NJ,Sussex,80
34039,NJ,Union,4
34041,NJ,Warren,58
35001,NM,Bernalillo,140
35003,NM,Catron,9
35005,NM,Chaves,10
35006,NM,Cibola,9
35007,NM,Colfax,0
35009,NM,Curry,11
35011,NM,De Baca,1
35013,NM,DoÃ±a Ana,120
35015,NM,Eddy,6
35017,NM,Grant,19
35019,NM,Guadalupe,20
35021,NM,Harding,0
35023,NM,Hidalgo,7
35025,NM,Lea,5
35027,NM,Lincoln,0
35028,NM,Los Alamos,0
35029,NM,Luna,18
35031,NM,McKinley,93
35033,NM,Mora,14
35035,NM,Otero,52
35037,NM,Quay,3
35039,NM,Rio Arriba,298
35041,NM,Roosevelt,11
35043,NM,Sandoval,191
35045,NM,San Juan,437
35047,NM,San Miguel,23
35049,NM,Santa Fe,157
35051,NM,Sierra,31
35053,NM,Socorro,65
35055,NM,Taos,96
35057,NM,Torrance,3
35059,NM,Union,1
35061,NM,Valencia,71
36001,NY,Albany,62
36003,NY,Allegany,39
36005,NY,Bronx,0
36007,NY,Broome,40
36009,NY,Cattaraugus,42
36011,NY,Cayuga,88
36013,NY,Chautauqua,88
36015,NY,Chemung,24
36017,NY,Chenango,50
36019,NY,Clinton,45
36021,NY,Columbia,61
36023,NY,Cortland,31
36025,NY,Delaware,56
36027,NY,Dutchess,84
36029,NY,Erie,118
36031,NY,Essex,33
36033,NY,Franklin,47
36035,NY,Fulton,15
36037,NY,Genesee,41
36039,NY,Greene,21
36041,NY,Hamilton,4
36043,NY,Herkimer,56
36045,NY,Jefferson,59
36047,NY,Kings,5
36049,NY,Lewis,29
36051,NY,Livingston,56
36053,NY,Madison,64
36055,NY,Monroe,105
36057,NY,Montgomery,62
36059,NY,Nassau,11
36061,NY,New York,0
36063,NY,Niagara,130
36065,NY,Oneida,67
36067,NY,Onondaga,83
36069,NY,Ontario,72
36071,NY,Orange,120
36073,NY,Orleans,72
36075,NY,Oswego,61
36077,NY,Otsego,70
36079,NY,Putnam,12
36081,NY,Queens,3
36083,NY,Rensselaer,56
36085,NY,Richmond,0
36087,NY,Rockland,7
36089,NY,St. Lawrence,121
36091,NY,Saratoga,70
36093,NY,Schenectady,23
36095,NY,Schoharie,57
36097,NY,Schuyler,38
36099,NY,Seneca,50
36101,NY,Steuben,68
36103,NY,Suffolk,151
36105,NY,Sullivan,30
36107,NY,Tioga,27
36109,NY,Tompkins,66
36111,NY,Ulster,82
36113,NY,Warren,14
36115,NY,Washington,67
36117,NY,Wayne,111
36119,NY,Westchester,20
36121,NY,Wyoming,34
36123,NY,Yates,107
37001,NC,Alamance,53
37003,NC,Alexander,11
37005,NC,Alleghany,24
37007,NC,Anson,16
37009,NC,Ashe,66
37011,NC,Avery,27
37013,NC,Beaufort,12
37015,NC,Bertie,5
37017,NC,Bladen,28
37019,NC,Brunswick,20
37021,NC,Buncombe,112
37023,NC,Burke,37
37025,NC,Cabarrus,20
37027,NC,Caldwell,18
37029,NC,Camden,3
37031,NC,Carteret,23
37033,NC,Caswell,37
37035,NC,Catawba,19
37037,NC,Chatham,64
37039,NC,Cherokee,13
37041,NC,Chowan,29
37043,NC,Clay,9
37045,NC,Cleveland,45
37047,NC,Columbus,26
37049,NC,Craven,15
37051,NC,Cumberland,23
37053,NC,Currituck,15
37055,NC,Dare,0
37057,NC,Davidson,113
37059,NC,Davie,24
37061,NC,Duplin,30
37063,NC,Durham,35
37065,NC,Edgecombe,14
37067,NC,Forsyth,61
37069,NC,Franklin,23
37071,NC,Gaston,33
37073,NC,Gates,5
37075,NC,Graham,8
37077,NC,Granville,35
37079,NC,Greene,18
37081,NC,Guilford,51
37083,NC,Halifax,15
37085,NC,Harnett,53
37087,NC,Haywood,47
37089,NC,Henderson,71
37091,NC,Hertford,18
37093,NC,Hoke,1
37095,NC,Hyde,9
37097,NC,Iredell,34
37099,NC,Jackson,14
37101,NC,Johnston,110
37103,NC,Jones,6
37105,NC,Lee,18
37107,NC,Lenoir,9
37109,NC,Lincoln,41
37111,NC,McDowell,26
37113,NC,Macon,21
37115,NC,Madison,99
37117,NC,Martin,10
37119,NC,Mecklenburg,23
37121,NC,Mitchell,26
37123,NC,Montgomery,21
37125,NC,Moore,32
37127,NC,Nash,41
37129,NC,New Hanover,9
37131,NC,Northampton,5
37133,NC,Onslow,14
37135,NC,Orange,77
37137,NC,Pamlico,3
37139,NC,Pasquotank,22
37141,NC,Pender,25
37143,NC,Perquimans,5
37145,NC,Person,32
37147,NC,Pitt,16
37149,NC,Polk,16
37151,NC,Randolph,42
37153,NC,Richmond,19
37155,NC,Robeson,42
37157,NC,Rockingham,71
37159,NC,Rowan,46
37161,NC,Rutherford,45
37163,NC,Sampson,110
37165,NC,Scotland,10
37167,NC,Stanly,13
37169,NC,Stokes,52
37171,NC,Surry,51
37173,NC,Swain,21
37175,NC,Transylvania,26
37177,NC,Tyrrell,6
37179,NC,Union,23
37181,NC,Vance,15
37183,NC,Wake,90
37185,NC,Warren,10
37187,NC,Washington,9
37189,NC,Watauga,57
37191,NC,Wayne,29
37193,NC,Wilkes,29
37195,NC,Wilson,31
37197,NC,Yadkin,27
37199,NC,Yancey,50
38001,ND,Adams,0
38003,ND,Barnes,7
38005,ND,Benson,4
38007,ND,Billings,1
38009,ND,Bottineau,2
38011,ND,Bowman,0
38013,ND,Burke,2
38015,ND,Burleigh,10
38017,ND,Cass,6
38019,ND,Cavalier,3
38021,ND,Dickey,4
38023,ND,Divide,0
38025,ND,Dunn,2
38027,ND,Eddy,1
38029,ND,Emmons,1
38031,ND,Foster,3
38033,ND,Golden Valley,0
38035,ND,Grand Forks,14
38037,ND,Grant,2
38039,ND,Griggs,0
38041,ND,Hettinger,0
38043,ND,Kidder,12
38045,ND,LaMoure,2
38047,ND,Logan,0
38049,ND,McHenry,4
38051,ND,McIntosh,3
38053,ND,McKenzie,1
38055,ND,McLean,6
38057,ND,Mercer,1
38059,ND,Morton,10
38061,ND,Mountrail,0
38063,ND,Nelson,0
38065,ND,Oliver,1
38067,ND,Pembina,25
38069,ND,Pierce,0
38071,ND,Ramsey,1
38073,ND,Ransom,1
38075,ND,Renville,0
38077,ND,Richland,4
38079,ND,Rolette,8
38081,ND,Sargent,3
38083,ND,Sheridan,0
38085,ND,Sioux,0
38087,ND,Slope,0
38089,ND,Stark,5
38091,ND,Steele,2
38093,ND,Stutsman,2
38095,ND,Towner,7
38097,ND,Traill,7
38099,ND,Walsh,34
38101,ND,Ward,10
38103,ND,Wells,0
38105,ND,Williams,2
39001,OH,Adams,10
39003,OH,Allen,6
39005,OH,Ashland,49
39007,OH,Ashtabula,70
39009,OH,Athens,23
39011,OH,Auglaize,2
39013,OH,Belmont,29
39015,OH,Brown,25
39017,OH,Butler,21
39019,OH,Carroll,17
39021,OH,Champaign,23
39023,OH,Clark,17
39025,OH,Clermont,29
39027,OH,Clinton,13
39029,OH,Columbiana,31
39031,OH,Coshocton,21
39033,OH,Crawford,9
39035,OH,Cuyahoga,28
39037,OH,Darke,19
39039,OH,Defiance,6
39041,OH,Delaware,32
39043,OH,Erie,26
39045,OH,Fairfield,31
39047,OH,Fayette,6
39049,OH,Franklin,28
39051,OH,Fulton,22
39053,OH,Gallia,29
39055,OH,Geauga,94
39057,OH,Greene,32
39059,OH,Guernsey,17
39061,OH,Hamilton,30
39063,OH,Hancock,8
39065,OH,Hardin,18
39067,OH,Harrison,9
39069,OH,Henry,13
39071,OH,Highland,41
39073,OH,Hocking,10
39075,OH,Holmes,80
39077,OH,Huron,30
39079,OH,Jackson,24
39081,OH,Jefferson,10
39083,OH,Knox,40
39085,OH,Lake,28
39087,OH,Lawrence,34
39089,OH,Licking,51
39091,OH,Logan,12
39093,OH,Lorain,51
39095,OH,Lucas,33
39097,OH,Madison,19
39099,OH,Mahoning,45
39101,OH,Marion,6
39103,OH,Medina,66
39105,OH,Meigs,50
39107,OH,Mercer,8
39109,OH,Miami,17
39111,OH,Monroe,20
39113,OH,Montgomery,24
39115,OH,Morgan,6
39117,OH,Morrow,25
39119,OH,Muskingum,23
39121,OH,Noble,10
39123,OH,Ottawa,18
39125,OH,Paulding,3
39127,OH,Perry,19
39129,OH,Pickaway,19
39131,OH,Pike,41
39133,OH,Portage,50
39135,OH,Preble,21
39137,OH,Putnam,4
39139,OH,Richland,47
39141,OH,Ross,20
39143,OH,Sandusky,24
39145,OH,Scioto,24
39147,OH,Seneca,8
39149,OH,Shelby,7
39151,OH,Stark,66
39153,OH,Summit,42
39155,OH,Trumbull,47
39157,OH,Tuscarawas,15
39159,OH,Union,27
39161,OH,Van Wert,3
39163,OH,Vinton,6
39165,OH,Warren,53
39167,OH,Washington,24
39169,OH,Wayne,124
39171,OH,Williams,10
39173,OH,Wood,20
39175,OH,Wyandot,5
40001,OK,Adair,7
40003,OK,Alfalfa,0
40005,OK,Atoka,12
40007,OK,Beaver,1
40009,OK,Beckham,0
40011,OK,Blaine,2
40013,OK,Bryan,4
40015,OK,Caddo,11
40017,OK,Canadian,12
40019,OK,Carter,1
40021,OK,Cherokee,12
40023,OK,Choctaw,1
40025,OK,Cimarron,1
40027,OK,Cleveland,16
40029,OK,Coal,4
40031,OK,Comanche,1
40033,OK,Cotton,3
40035,OK,Craig,9
40037,OK,Creek,11
40039,OK,Custer,5
40041,OK,Delaware,6
40043,OK,Dewey,0
40045,OK,Ellis,2
40047,OK,Garfield,2
40049,OK,Garvin,11
40051,OK,Grady,20
40053,OK,Grant,0
40055,OK,Greer,0
40057,OK,Harmon,0
40059,OK,Harper,0
40061,OK,Haskell,0
40063,OK,Hughes,15
40065,OK,Jackson,2
40067,OK,Jefferson,4
40069,OK,Johnston,6
40071,OK,Kay,3
40073,OK,Kingfisher,3
40075,OK,Kiowa,0
40077,OK,Latimer,5
40079,OK,Le Flore,9
40081,OK,Lincoln,8
40083,OK,Logan,14
40085,OK,Love,10
40087,OK,McClain,17
40089,OK,McCurtain,12
40091,OK,McIntosh,4
40093,OK,Major,8
40095,OK,Marshall,6
40097,OK,Mayes,2
40099,OK,Murray,2
40101,OK,Muskogee,8
40103,OK,Noble,0
40105,OK,Nowata,1
40107,OK,Okfuskee,6
40109,OK,Oklahoma,31
40111,OK,Okmulgee,15
40113,OK,Osage,8
40115,OK,Ottawa,3
40117,OK,Pawnee,3
40119,OK,Payne,23
40121,OK,Pittsburg,6
40123,OK,Pontotoc,7
40125,OK,Pottawatomie,15
40127,OK,Pushmataha,7
40129,OK,Roger Mills,0
40131,OK,Rogers,10
40133,OK,Seminole,9
40135,OK,Sequoyah,1
40137,OK,Stephens,4
40139,OK,Texas,2
40141,OK,Tillman,2
40143,OK,Tulsa,18
40145,OK,Wagoner,14
40147,OK,Washington,0
40149,OK,Washita,1
40151,OK,Woods,0
40153,OK,Woodward,7
41001,OR,Baker,12
41003,OR,Benton,65
41005,OR,Clackamas,150
41007,OR,Clatsop,6
41009,OR,Columbia,19
41011,OR,Coos,13
41013,OR,Crook,9
41015,OR,Curry,16
41017,OR,Deschutes,30
41019,OR,Douglas,64
41021,OR,Gilliam,0
41023,OR,Grant,3
41025,OR,Harney,8
41027,OR,Hood River,26
41029,OR,Jackson,122
41031,OR,Jefferson,13
41033,OR,Josephine,91
41035,OR,Klamath,59
41037,OR,Lake,6
41039,OR,Lane,165
41041,OR,Lincoln,18
41043,OR,Linn,74
41045,OR,Malheur,75
41047,OR,Marion,129
41049,OR,Morrow,12
41051,OR,Multnomah,79
41053,OR,Polk,44
41055,OR,Sherman,0
41057,OR,Tillamook,18
41059,OR,Umatilla,48
41061,OR,Union,11
41063,OR,Wallowa,12
41065,OR,Wasco,15
41067,OR,Washington,148
41069,OR,Wheeler,2
41071,OR,Yamhill,67
42001,PA,Adams,77
42003,PA,Allegheny,25
42005,PA,Armstrong,28
42007,PA,Beaver,30
42009,PA,Bedford,41
42011,PA,Berks,157
42013,PA,Blair,33
42015,PA,Bradford,31
42017,PA,Bucks,80
42019,PA,Butler,57
42021,PA,Cambria,31
42023,PA,Cameron,1
42025,PA,Carbon,11
42027,PA,Centre,85
42029,PA,Chester,140
42031,PA,Clarion,18
42033,PA,Clearfield,19
42035,PA,Clinton,44
42037,PA,Columbia,56
42039,PA,Crawford,63
42041,PA,Cumberland,105
42043,PA,Dauphin,33
42045,PA,Delaware,5
42047,PA,Elk,23
42049,PA,Erie,63
42051,PA,Fayette,29
42053,PA,Forest,12
42055,PA,Franklin,114
42057,PA,Fulton,9
42059,PA,Greene,8
42061,PA,Huntingdon,27
42063,PA,Indiana,61
42065,PA,Jefferson,28
42067,PA,Juniata,19
42069,PA,Lackawanna,27
42071,PA,Lancaster,802
42073,PA,Lawrence,28
42075,PA,Lebanon,68
42077,PA,Lehigh,46
42079,PA,Luzerne,60
42081,PA,Lycoming,28
42083,PA,McKean,13
42085,PA,Mercer,79
42087,PA,Mifflin,44
42089,PA,Monroe,31
42091,PA,Montgomery,52
42093,PA,Montour,30
42095,PA,Northampton,51
42097,PA,Northumberland,80
42099,PA,Perry,34
42101,PA,Philadelphia,3
42103,PA,Pike,4
42105,PA,Potter,24
42107,PA,Schuylkill,64
42109,PA,Snyder,121
42111,PA,Somerset,65
42113,PA,Sullivan,5
42115,PA,Susquehanna,30
42117,PA,Tioga,33
42119,PA,Union,33
42121,PA,Venango,23
42123,PA,Warren,13
42125,PA,Washington,53
42127,PA,Wayne,45
42129,PA,Westmoreland,75
42131,PA,Wyoming,29
42133,PA,York,159
44001,RI,Bristol,14
44003,RI,Kent,12
44005,RI,Newport,59
44007,RI,Providence,83
44009,RI,Washington,74
45001,SC,Abbeville,20
45003,SC,Aiken,60
45005,SC,Allendale,14
45007,SC,Anderson,72
45009,SC,Bamberg,36
45011,SC,Barnwell,41
45013,SC,Beaufort,33
45015,SC,Berkeley,32
45017,SC,Calhoun,17
45019,SC,Charleston,38
45021,SC,Cherokee,25
45023,SC,Chester,29
45025,SC,Chesterfield,38
45027,SC,Clarendon,30
45029,SC,Colleton,28
45031,SC,Darlington,18
45033,SC,Dillon,8
45035,SC,Dorchester,19
45037,SC,Edgefield,15
45039,SC,Fairfield,7
45041,SC,Florence,27
45043,SC,Georgetown,9
45045,SC,Greenville,75
45047,SC,Greenwood,23
45049,SC,Hampton,17
45051,SC,Horry,43
45053,SC,Jasper,14
45055,SC,Kershaw,14
45057,SC,Lancaster,21
45059,SC,Laurens,43
45061,SC,Lee,6
45063,SC,Lexington,65
45065,SC,McCormick,5
45067,SC,Marion,15
45069,SC,Marlboro,5
45071,SC,Newberry,14
45073,SC,Oconee,44
45075,SC,Orangeburg,75
45077,SC,Pickens,36
45079,SC,Richland,28
45081,SC,Saluda,14
45083,SC,Spartanburg,59
45085,SC,Sumter,17
45087,SC,Union,12
45089,SC,Williamsburg,52
45091,SC,York,45
46003,SD,Aurora,0
46005,SD,Beadle,3
46007,SD,Bennett,0
46009,SD,Bon Homme,2
46011,SD,Brookings,9
46013,SD,Brown,4
46015,SD,Brule,0
46017,SD,Buffalo,0
46019,SD,Butte,2
46021,SD,Campbell,2
46023,SD,Charles Mix,1
46025,SD,Clark,1
46027,SD,Clay,11
46029,SD,Codington,8
46031,SD,Corson,0
46033,SD,Custer,2
46035,SD,Davison,2
46037,SD,Day,3
46039,SD,Deuel,5
46041,SD,Dewey,0
46043,SD,Douglas,0
46045,SD,Edmunds,4
46047,SD,Fall River,6
46049,SD,Faulk,1
46051,SD,Grant,1
46053,SD,Gregory,1
46055,SD,Haakon,0
46057,SD,Hamlin,0
46059,SD,Hand,0
46061,SD,Hanson,1
46063,SD,Harding,0
46065,SD,Hughes,4
46067,SD,Hutchinson,4
46069,SD,Hyde,0
46071,SD,Jackson,0
46073,SD,Jerauld,0
46075,SD,Jones,0
46077,SD,Kingsbury,3
46079,SD,Lake,4
46081,SD,Lawrence,5
46083,SD,Lincoln,5
46085,SD,Lyman,4
46087,SD,McCook,3
46089,SD,McPherson,0
46091,SD,Marshall,7
46093,SD,Meade,1
46095,SD,Mellette,6
46097,SD,Miner,6
46099,SD,Minnehaha,13
46101,SD,Moody,3
46103,SD,Pennington,11
46105,SD,Perkins,0
46107,SD,Potter,0
46109,SD,Roberts,1
46111,SD,Sanborn,8
46113,SD,Shannon,0
46115,SD,Spink,3
46117,SD,Stanley,0
46119,SD,Sully,0
46121,SD,Todd,0
46123,SD,Tripp,0
46125,SD,Turner,7
46127,SD,Union,7
46129,SD,Walworth,0
46135,SD,Yankton,0
46137,SD,Ziebach,0
47001,TN,Anderson,7
47003,TN,Bedford,7
47005,TN,Benton,10
47007,TN,Bledsoe,12
47009,TN,Blount,33
47011,TN,Bradley,15
47013,TN,Campbell,11
47015,TN,Cannon,7
47017,TN,Carroll,7
47019,TN,Carter,12
47021,TN,Cheatham,10
47023,TN,Chester,6
47025,TN,Claiborne,14
47027,TN,Clay,4
47029,TN,Cocke,20
47031,TN,Coffee,14
47033,TN,Crockett,2
47035,TN,Cumberland,24
47037,TN,Davidson,13
47039,TN,Decatur,3
47041,TN,DeKalb,18
47043,TN,Dickson,23
47045,TN,Dyer,9
47047,TN,Fayette,9
47049,TN,Fentress,17
47051,TN,Franklin,9
47053,TN,Gibson,15
47055,TN,Giles,10
47057,TN,Grainger,42
47059,TN,Greene,36
47061,TN,Grundy,16
47063,TN,Hamblen,9
47065,TN,Hamilton,11
47067,TN,Hancock,14
47069,TN,Hardeman,14
47071,TN,Hardin,6
47073,TN,Hawkins,27
47075,TN,Haywood,9
47077,TN,Henderson,10
47079,TN,Henry,9
47081,TN,Hickman,12
47083,TN,Houston,6
47085,TN,Humphreys,9
47087,TN,Jackson,6
47089,TN,Jefferson,25
47091,TN,Johnson,20
47093,TN,Knox,25
47095,TN,Lake,0
47097,TN,Lauderdale,17
47099,TN,Lawrence,84
47101,TN,Lewis,3
47103,TN,Lincoln,23
47105,TN,Loudon,8
47107,TN,McMinn,21
47109,TN,McNairy,12
47111,TN,Macon,8
47113,TN,Madison,11
47115,TN,Marion,2
47117,TN,Marshall,10
47119,TN,Maury,10
47121,TN,Meigs,1
47123,TN,Monroe,15
47125,TN,Montgomery,14
47127,TN,Moore,1
47129,TN,Morgan,11
47131,TN,Obion,4
47133,TN,Overton,24
47135,TN,Perry,4
47137,TN,Pickett,7
47139,TN,Polk,15
47141,TN,Putnam,14
47143,TN,Rhea,12
47145,TN,Roane,14
47147,TN,Robertson,20
47149,TN,Rutherford,29
47151,TN,Scott,3
47153,TN,Sequatchie,1
47155,TN,Sevier,17
47157,TN,Shelby,17
47159,TN,Smith,9
47161,TN,Stewart,3
47163,TN,Sullivan,17
47165,TN,Sumner,17
47167,TN,Tipton,13
47169,TN,Trousdale,1
47171,TN,Unicoi,4
47173,TN,Union,14
47175,TN,Van Buren,1
47177,TN,Warren,17
47179,TN,Washington,33
47181,TN,Wayne,5
47183,TN,Weakley,13
47185,TN,White,8
47187,TN,Williamson,21
47189,TN,Wilson,24
48001,TX,Anderson,31
48003,TX,Andrews,0
48005,TX,Angelina,32
48007,TX,Aransas,0
48009,TX,Archer,0
48011,TX,Armstrong,0
48013,TX,Atascosa,20
48015,TX,Austin,11
48017,TX,Bailey,4
48019,TX,Bandera,8
48021,TX,Bastrop,23
48023,TX,Baylor,0
48025,TX,Bee,5
48027,TX,Bell,25
48029,TX,Bexar,15
48031,TX,Blanco,5
48033,TX,Borden,0
48035,TX,Bosque,4
48037,TX,Bowie,14
48039,TX,Brazoria,25
48041,TX,Brazos,11
48043,TX,Brewster,1
48045,TX,Briscoe,2
48047,TX,Brooks,1
48049,TX,Brown,3
48051,TX,Burleson,6
48053,TX,Burnet,13
48055,TX,Caldwell,18
48057,TX,Calhoun,2
48059,TX,Callahan,8
48061,TX,Cameron,43
48063,TX,Camp,12
48065,TX,Carson,0
48067,TX,Cass,21
48069,TX,Castro,6
48071,TX,Chambers,2
48073,TX,Cherokee,54
48075,TX,Childress,0
48077,TX,Clay,5
48079,TX,Cochran,2
48081,TX,Coke,1
48083,TX,Coleman,2
48085,TX,Collin,34
48087,TX,Collingsworth,0
48089,TX,Colorado,4
48091,TX,Comal,6
48093,TX,Comanche,22
48095,TX,Concho,0
48097,TX,Cooke,9
48099,TX,Coryell,4
48101,TX,Cottle,2
48103,TX,Crane,0
48105,TX,Crockett,0
48107,TX,Crosby,0
48109,TX,Culberson,2
48111,TX,Dallam,4
48113,TX,Dallas,12
48115,TX,Dawson,0
48117,TX,Deaf Smith,0
48119,TX,Delta,4
48121,TX,Denton,21
48123,TX,DeWitt,7
48125,TX,Dickens,0
48127,TX,Dimmit,3
48129,TX,Donley,3
48131,TX,Duval,2
48133,TX,Eastland,4
48135,TX,Ector,4
48137,TX,Edwards,0
48139,TX,Ellis,8
48141,TX,El Paso,3
48143,TX,Erath,5
48145,TX,Falls,12
48147,TX,Fannin,11
48149,TX,Fayette,10
48151,TX,Fisher,2
48153,TX,Floyd,4
48155,TX,Foard,0
48157,TX,Fort Bend,17
48159,TX,Franklin,10
48161,TX,Freestone,16
48163,TX,Frio,35
48165,TX,Gaines,6
48167,TX,Galveston,9
48169,TX,Garza,0
48171,TX,Gillespie,32
48173,TX,Glasscock,5
48175,TX,Goliad,3
48177,TX,Gonzales,8
48179,TX,Gray,0
48181,TX,Grayson,10
48183,TX,Gregg,1
48185,TX,Grimes,7
48187,TX,Guadalupe,19
48189,TX,Hale,8
48191,TX,Hall,0
48193,TX,Hamilton,2
48195,TX,Hansford,1
48197,TX,Hardeman,1
48199,TX,Hardin,6
48201,TX,Harris,28
48203,TX,Harrison,26
48205,TX,Hartley,2
48207,TX,Haskell,0
48209,TX,Hays,17
48211,TX,Hemphill,0
48213,TX,Henderson,42
48215,TX,Hidalgo,94
48217,TX,Hill,10
48219,TX,Hockley,2
48221,TX,Hood,7
48223,TX,Hopkins,2
48225,TX,Houston,17
48227,TX,Howard,1
48229,TX,Hudspeth,2
48231,TX,Hunt,34
48233,TX,Hutchinson,0
48235,TX,Irion,1
48237,TX,Jack,0
48239,TX,Jackson,0
48241,TX,Jasper,33
48243,TX,Jeff Davis,0
48245,TX,Jefferson,14
48247,TX,Jim Hogg,0
48249,TX,Jim Wells,6
48251,TX,Johnson,14
48253,TX,Jones,4
48255,TX,Karnes,2
48257,TX,Kaufman,22
48259,TX,Kendall,6
48261,TX,Kenedy,0
48263,TX,Kent,0
48265,TX,Kerr,2
48267,TX,Kimble,0
48269,TX,King,0
48271,TX,Kinney,1
48273,TX,Kleberg,3
48275,TX,Knox,0
48277,TX,Lamar,8
48279,TX,Lamb,16
48281,TX,Lampasas,6
48283,TX,La Salle,11
48285,TX,Lavaca,9
48287,TX,Lee,14
48289,TX,Leon,13
48291,TX,Liberty,9
48293,TX,Limestone,15
48295,TX,Lipscomb,0
48297,TX,Live Oak,1
48299,TX,Llano,1
48301,TX,Loving,0
48303,TX,Lubbock,19
48305,TX,Lynn,0
48307,TX,McCulloch,2
48309,TX,McLennan,11
48311,TX,McMullen,0
48313,TX,Madison,13
48315,TX,Marion,2
48317,TX,Martin,1
48319,TX,Mason,2
48321,TX,Matagorda,10
48323,TX,Maverick,5
48325,TX,Medina,35
48327,TX,Menard,2
48329,TX,Midland,6
48331,TX,Milam,21
48333,TX,Mills,3
48335,TX,Mitchell,0
48337,TX,Montague,5
48339,TX,Montgomery,26
48341,TX,Moore,0
48343,TX,Morris,6
48345,TX,Motley,0
48347,TX,Nacogdoches,14
48349,TX,Navarro,18
48351,TX,Newton,9
48353,TX,Nolan,1
48355,TX,Nueces,4
48357,TX,Ochiltree,1
48359,TX,Oldham,0
48361,TX,Orange,6
48363,TX,Palo Pinto,7
48365,TX,Panola,14
48367,TX,Parker,35
48369,TX,Parmer,12
48371,TX,Pecos,6
48373,TX,Polk,12
48375,TX,Potter,1
48377,TX,Presidio,1
48379,TX,Rains,9
48381,TX,Randall,3
48383,TX,Reagan,0
48385,TX,Real,0
48387,TX,Red River,7
48389,TX,Reeves,1
48391,TX,Refugio,1
48393,TX,Roberts,0
48395,TX,Robertson,19
48397,TX,Rockwall,2
48399,TX,Runnels,1
48401,TX,Rusk,26
48403,TX,Sabine,3
48405,TX,San Augustine,3
48407,TX,San Jacinto,11
48409,TX,San Patricio,5
48411,TX,San Saba,3
48413,TX,Schleicher,2
48415,TX,Scurry,2
48417,TX,Shackelford,0
48419,TX,Shelby,18
48421,TX,Sherman,2
48423,TX,Smith,82
48425,TX,Somervell,3
48427,TX,Starr,13
48429,TX,Stephens,1
48431,TX,Sterling,0
48433,TX,Stonewall,0
48435,TX,Sutton,0
48437,TX,Swisher,1
48439,TX,Tarrant,13
48441,TX,Taylor,2
48443,TX,Terrell,0
48445,TX,Terry,13
48447,TX,Throckmorton,0
48449,TX,Titus,4
48451,TX,Tom Green,7
48453,TX,Travis,23
48455,TX,Trinity,6
48457,TX,Tyler,21
48459,TX,Upshur,11
48461,TX,Upton,2
48463,TX,Uvalde,12
48465,TX,Val Verde,0
48467,TX,Van Zandt,46
48469,TX,Victoria,14
48471,TX,Walker,17
48473,TX,Waller,24
48475,TX,Ward,0
48477,TX,Washington,16
48479,TX,Webb,0
48481,TX,Wharton,8
48483,TX,Wheeler,1
48485,TX,Wichita,1
48487,TX,Wilbarger,0
48489,TX,Willacy,7
48491,TX,Williamson,21
48493,TX,Wilson,18
48495,TX,Winkler,0
48497,TX,Wise,21
48499,TX,Wood,32
48501,TX,Yoakum,23
48503,TX,Young,0
48505,TX,Zapata,1
48507,TX,Zavala,12
49001,UT,Beaver,0
49003,UT,Box Elder,59
49005,UT,Cache,40
49007,UT,Carbon,9
49009,UT,Daggett,0
49011,UT,Davis,60
49013,UT,Duchesne,17
49015,UT,Emery,9
49017,UT,Garfield,17
49019,UT,Grand,17
49021,UT,Iron,16
49023,UT,Juab,0
49025,UT,Kane,11
49027,UT,Millard,5
49029,UT,Morgan,3
49031,UT,Piute,3
49033,UT,Rich,0
49035,UT,Salt Lake,81
49037,UT,San Juan,47
49039,UT,Sanpete,24
49041,UT,Sevier,17
49043,UT,Summit,8
49045,UT,Tooele,12
49047,UT,Uintah,43
49049,UT,Utah,146
49051,UT,Wasatch,12
49053,UT,Washington,29
49055,UT,Wayne,2
49057,UT,Weber,63
50001,VT,Addison,65
50003,VT,Bennington,32
50005,VT,Caledonia,61
50007,VT,Chittenden,98
50009,VT,Essex,9
50011,VT,Franklin,31
50013,VT,Grand Isle,13
50015,VT,Lamoille,46
50017,VT,Orange,75
50019,VT,Orleans,52
50021,VT,Rutland,59
50023,VT,Washington,97
50025,VT,Windham,71
50027,VT,Windsor,68
51001,VA,Accomack,18
51003,VA,Albemarle,29
51005,VA,Alleghany,3
51007,VA,Amelia,3
51009,VA,Amherst,4
51011,VA,Appomattox,17
51013,VA,Arlington,0
51015,VA,Augusta,47
51017,VA,Bath,3
51019,VA,Bedford,22
51021,VA,Bland,2
51023,VA,Botetourt,5
51025,VA,Brunswick,19
51027,VA,Buchanan,3
51029,VA,Buckingham,5
51031,VA,Campbell,17
51033,VA,Caroline,11
51035,VA,Carroll,33
51036,VA,Charles City,6
51037,VA,Charlotte,28
51041,VA,Chesterfield,5
51043,VA,Clarke,13
51045,VA,Craig,7
51047,VA,Culpeper,32
51049,VA,Cumberland,5
51051,VA,Dickenson,3
51053,VA,Dinwiddie,19
51057,VA,Essex,3
51059,VA,Fairfax,6
51061,VA,Fauquier,32
51063,VA,Floyd,27
51065,VA,Fluvanna,11
51067,VA,Franklin,32
51069,VA,Frederick,16
51071,VA,Giles,21
51073,VA,Gloucester,4
51075,VA,Goochland,10
51077,VA,Grayson,9
51079,VA,Greene,8
51081,VA,Greensville,10
51083,VA,Halifax,49
51085,VA,Hanover,50
51087,VA,Henrico,4
51089,VA,Henry,14
51091,VA,Highland,6
51093,VA,Isle of Wight,15
51095,VA,James City,9
51097,VA,King and Queen,5
51099,VA,King George,12
51101,VA,King William,6
51103,VA,Lancaster,5
51105,VA,Lee,34
51107,VA,Loudoun,45
51109,VA,Louisa,33
51111,VA,Lunenburg,8
51113,VA,Madison,25
51115,VA,Mathews,3
51117,VA,Mecklenburg,4
51119,VA,Middlesex,4
51121,VA,Montgomery,20
51125,VA,Nelson,30
51127,VA,New Kent,7
51131,VA,Northampton,24
51133,VA,Northumberland,4
51135,VA,Nottoway,14
51137,VA,Orange,19
51139,VA,Page,10
51141,VA,Patrick,20
51143,VA,Pittsylvania,50
51145,VA,Powhatan,12
51147,VA,Prince Edward,4
51149,VA,Prince George,7
51153,VA,Prince William,28
51155,VA,Pulaski,1
51157,VA,Rappahannock,10
51159,VA,Richmond,6
51161,VA,Roanoke,14
51163,VA,Rockbridge,16
51165,VA,Rockingham,104
51167,VA,Russell,15
51169,VA,Scott,32
51171,VA,Shenandoah,30
51173,VA,Smyth,13
51175,VA,Southampton,23
51177,VA,Spotsylvania,11
51179,VA,Stafford,6
51181,VA,Surry,13
51183,VA,Sussex,4
51185,VA,Tazewell,17
51187,VA,Warren,11
51191,VA,Washington,64
51193,VA,Westmoreland,25
51195,VA,Wise,7
51197,VA,Wythe,9
51199,VA,York,5
51550,VA,Chesapeake,17
51650,VA,Hampton,0
51700,VA,Newport News,0
51800,VA,Suffolk,11
51810,VA,Virginia Beach,15
53001,WA,Adams,30
53003,WA,Asotin,5
53005,WA,Benton,49
53007,WA,Chelan,34
53009,WA,Clallam,40
53011,WA,Clark,162
53013,WA,Columbia,5
53015,WA,Cowlitz,26
53017,WA,Douglas,15
53019,WA,Ferry,6
53021,WA,Franklin,75
53023,WA,Garfield,1
53025,WA,Grant,72
53027,WA,Grays Harbor,31
53029,WA,Island,57
53031,WA,Jefferson,24
53033,WA,King,238
53035,WA,Kitsap,138
53037,WA,Kittitas,36
53039,WA,Klickitat,48
53041,WA,Lewis,51
53043,WA,Lincoln,5
53045,WA,Mason,28
53047,WA,Okanogan,89
53049,WA,Pacific,7
53051,WA,Pend Oreille,11
53053,WA,Pierce,164
53055,WA,San Juan,39
53057,WA,Skagit,119
53059,WA,Skamania,14
53061,WA,Snohomish,114
53063,WA,Spokane,117
53065,WA,Stevens,76
53067,WA,Thurston,111
53069,WA,Wahkiakum,4
53071,WA,Walla Walla,57
53073,WA,Whatcom,100
53075,WA,Whitman,13
53077,WA,Yakima,188
54001,WV,Barbour,14
54003,WV,Berkeley,38
54005,WV,Boone,1
54007,WV,Braxton,11
54009,WV,Brooke,1
54011,WV,Cabell,23
54013,WV,Calhoun,13
54015,WV,Clay,2
54017,WV,Doddridge,16
54019,WV,Fayette,9
54021,WV,Gilmer,2
54023,WV,Grant,6
54025,WV,Greenbrier,35
54027,WV,Hampshire,35
54029,WV,Hancock,1
54031,WV,Hardy,6
54033,WV,Harrison,19
54035,WV,Jackson,14
54037,WV,Jefferson,27
54039,WV,Kanawha,8
54041,WV,Lewis,15
54043,WV,Lincoln,5
54045,WV,Logan,0
54047,WV,McDowell,2
54049,WV,Marion,13
54051,WV,Marshall,33
54053,WV,Mason,25
54055,WV,Mercer,9
54057,WV,Mineral,14
54059,WV,Mingo,0
54061,WV,Monongalia,13
54063,WV,Monroe,27
54065,WV,Morgan,11
54067,WV,Nicholas,17
54069,WV,Ohio,4
54071,WV,Pendleton,2
54073,WV,Pleasants,7
54075,WV,Pocahontas,20
54077,WV,Preston,41
54079,WV,Putnam,23
54081,WV,Raleigh,6
54083,WV,Randolph,11
54085,WV,Ritchie,13
54087,WV,Roane,13
54089,WV,Summers,21
54091,WV,Taylor,3
54093,WV,Tucker,4
54095,WV,Tyler,12
54097,WV,Upshur,21
54099,WV,Wayne,3
54101,WV,Webster,9
54103,WV,Wetzel,11
54105,WV,Wirt,0
54107,WV,Wood,18
54109,WV,Wyoming,1
55001,WI,Adams,7
55003,WI,Ashland,7
55005,WI,Barron,21
55007,WI,Bayfield,25
55009,WI,Brown,36
55011,WI,Buffalo,13
55013,WI,Burnett,11
55015,WI,Calumet,19
55017,WI,Chippewa,31
55019,WI,Clark,66
55021,WI,Columbia,68
55023,WI,Crawford,15
55025,WI,Dane,124
55027,WI,Dodge,48
55029,WI,Door,30
55031,WI,Douglas,5
55033,WI,Dunn,33
55035,WI,Eau Claire,37
55037,WI,Florence,0
55039,WI,Fond du Lac,23
55041,WI,Forest,2
55043,WI,Grant,28
55045,WI,Green,18
55047,WI,Green Lake,39
55049,WI,Iowa,22
55051,WI,Iron,3
55053,WI,Jackson,19
55055,WI,Jefferson,30
55057,WI,Juneau,18
55059,WI,Kenosha,16
55061,WI,Kewaunee,9
55063,WI,La Crosse,22
55065,WI,Lafayette,11
55067,WI,Langlade,28
55069,WI,Lincoln,9
55071,WI,Manitowoc,19
55073,WI,Marathon,33
55075,WI,Marinette,24
55077,WI,Marquette,19
55078,WI,Menominee,0
55079,WI,Milwaukee,36
55081,WI,Monroe,46
55083,WI,Oconto,25
55085,WI,Oneida,11
55087,WI,Outagamie,21
55089,WI,Ozaukee,37
55091,WI,Pepin,8
55093,WI,Pierce,33
55095,WI,Polk,31
55097,WI,Portage,31
55099,WI,Price,7
55101,WI,Racine,48
55103,WI,Richland,26
55105,WI,Rock,44
55107,WI,Rusk,8
55109,WI,St. Croix,24
55111,WI,Sauk,34
55113,WI,Sawyer,5
55115,WI,Shawano,17
55117,WI,Sheboygan,31
55119,WI,Taylor,10
55121,WI,Trempealeau,15
55123,WI,Vernon,146
55125,WI,Vilas,2
55127,WI,Walworth,38
55129,WI,Washburn,15
55131,WI,Washington,21
55133,WI,Waukesha,36
55135,WI,Waupaca,20
55137,WI,Waushara,29
55139,WI,Winnebago,14
55141,WI,Wood,17
56001,WY,Albany,3
56003,WY,Big Horn,3
56005,WY,Campbell,0
56007,WY,Carbon,1
56009,WY,Converse,2
56011,WY,Crook,1
56013,WY,Fremont,11
56015,WY,Goshen,3
56017,WY,Hot Springs,1
56019,WY,Johnson,0
56021,WY,Laramie,8
56023,WY,Lincoln,2
56025,WY,Natrona,3
56027,WY,Niobrara,1
56029,WY,Park,5
56031,WY,Platte,1
56033,WY,Sheridan,5
56035,WY,Sublette,1
56037,WY,Sweetwater,0
56039,WY,Teton,0
56041,WY,Uinta,0
56043,WY,Washakie,2
56045,WY,Weston,0
