CountyFIPS,state,county,specs16
01001,AL,Autauga,1
01003,AL,Baldwin,27
01005,AL,Barbour,2
01007,AL,Bibb,0
01009,AL,Blount,0
01011,AL,Bullock,0
01013,AL,Butler,0
01015,AL,Calhoun,1
01017,AL,Chambers,1
01019,AL,Cherokee,0
01021,AL,Chilton,3
01023,AL,Choctaw,0
01025,AL,Clarke,1
01027,AL,Clay,0
01029,AL,Cleburne,0
01031,AL,Coffee,0
01033,AL,Colbert,4
01035,AL,Conecuh,0
01037,AL,Coosa,0
01039,AL,Covington,3
01041,AL,Crenshaw,1
01043,AL,Cullman,4
01045,AL,Dale,1
01047,AL,Dallas,0
01049,AL,DeKalb,3
01051,AL,Elmore,0
01053,AL,Escambia,0
01055,AL,Etowah,6
01057,AL,Fayette,0
01059,AL,Franklin,1
01061,AL,Geneva,1
01063,AL,Greene,0
01065,AL,Hale,0
01067,AL,Henry,2
01069,AL,Houston,6
01071,AL,Jackson,2
01073,AL,Jefferson,40
01075,AL,Lamar,0
01077,AL,Lauderdale,4
01079,AL,Lawrence,1
01081,AL,Lee,2
01083,AL,Limestone,2
01085,AL,Lowndes,0
01087,AL,Macon,0
01089,AL,Madison,23
01091,AL,Marengo,1
01093,AL,Marion,2
01095,AL,Marshall,4
01097,AL,Mobile,25
01099,AL,Monroe,0
01101,AL,Montgomery,13
01103,AL,Morgan,4
01105,AL,Perry,0
01107,AL,Pickens,0
01109,AL,Pike,0
01111,AL,Randolph,2
01113,AL,Russell,0
01115,AL,St. Clair,1
01117,AL,Shelby,9
01119,AL,Sumter,0
01121,AL,Talladega,0
01123,AL,Tallapoosa,0
01125,AL,Tuscaloosa,4
01127,AL,Walker,0
01129,AL,Washington,0
01131,AL,Wilcox,0
01133,AL,Winston,0
02013,AK,Aleutians East,0
02016,AK,Aleutians West,1
02020,AK,Anchorage,20
02050,AK,Bethel,0
02060,AK,Bristol Bay,0
02068,AK,Denali,0
02070,AK,Dillingham,0
02090,AK,Fairbanks North Star,6
02100,AK,Haines,0
02105,AK,Hoonah-Angoon,1
02110,AK,Juneau,3
02122,AK,Kenai Peninsula,9
02130,AK,Ketchikan Gateway,6
02150,AK,Kodiak Island,1
02164,AK,Lake and Peninsula,0
02170,AK,Matanuska-Susitna,5
02180,AK,Nome,0
02185,AK,North Slope,0
02188,AK,Northwest Arctic,0
02195,AK,Petersburg,2
02198,AK,Prince of Wales-Hyder,0
02220,AK,Sitka,0
02230,AK,Skagway,2
02240,AK,Southeast Fairbanks,0
02261,AK,Valdez-Cordova,2
02270,AK,Wade Hampton,0
02275,AK,Wrangell,0
02282,AK,Yakutat,0
02290,AK,Yukon-Koyukuk,0
04001,AZ,Apache,0
04003,AZ,Cochise,9
04005,AZ,Coconino,12
04007,AZ,Gila,1
04009,AZ,Graham,2
04011,AZ,Greenlee,0
04012,AZ,La Paz,1
04013,AZ,Maricopa,213
04015,AZ,Mohave,11
04017,AZ,Navajo,3
04019,AZ,Pima,69
04021,AZ,Pinal,11
04023,AZ,Santa Cruz,5
04025,AZ,Yavapai,13
04027,AZ,Yuma,5
05001,AR,Arkansas,0
05003,AR,Ashley,0
05005,AR,Baxter,2
05007,AR,Benton,18
05009,AR,Boone,3
05011,AR,Bradley,0
05013,AR,Calhoun,0
05015,AR,Carroll,5
05017,AR,Chicot,0
05019,AR,Clark,0
05021,AR,Clay,0
05023,AR,Cleburne,0
05025,AR,Cleveland,0
05027,AR,Columbia,0
05029,AR,Conway,0
05031,AR,Craighead,3
05033,AR,Crawford,5
05035,AR,Crittenden,2
05037,AR,Cross,1
05039,AR,Dallas,2
05041,AR,Desha,0
05043,AR,Drew,1
05045,AR,Faulkner,4
05047,AR,Franklin,1
05049,AR,Fulton,0
05051,AR,Garland,7
05053,AR,Grant,0
05055,AR,Greene,2
05057,AR,Hempstead,1
05059,AR,Hot Spring,0
05061,AR,Howard,2
05063,AR,Independence,2
05065,AR,Izard,1
05067,AR,Jackson,0
05069,AR,Jefferson,2
05071,AR,Johnson,0
05073,AR,Lafayette,2
05075,AR,Lawrence,1
05077,AR,Lee,0
05079,AR,Lincoln,0
05081,AR,Little River,0
05083,AR,Logan,0
05085,AR,Lonoke,2
05087,AR,Madison,1
05089,AR,Marion,0
05091,AR,Miller,1
05093,AR,Mississippi,1
05095,AR,Monroe,0
05097,AR,Montgomery,0
05099,AR,Nevada,0
05101,AR,Newton,1
05103,AR,Ouachita,0
05105,AR,Perry,0
05107,AR,Phillips,1
05109,AR,Pike,0
05111,AR,Poinsett,0
05113,AR,Polk,0
05115,AR,Pope,3
05117,AR,Prairie,0
05119,AR,Pulaski,34
05121,AR,Randolph,0
05123,AR,St. Francis,0
05125,AR,Saline,2
05127,AR,Scott,0
05129,AR,Searcy,1
05131,AR,Sebastian,9
05133,AR,Sevier,0
05135,AR,Sharp,0
05137,AR,Stone,0
05139,AR,Union,3
05141,AR,Van Buren,1
05143,AR,Washington,13
05145,AR,White,0
05147,AR,Woodruff,0
05149,AR,Yell,0
06001,CA,Alameda,133
06003,CA,Alpine,0
06005,CA,Amador,5
06007,CA,Butte,13
06009,CA,Calaveras,3
06011,CA,Colusa,5
06013,CA,Contra Costa,76
06015,CA,Del Norte,2
06017,CA,El Dorado,12
06019,CA,Fresno,73
06021,CA,Glenn,5
06023,CA,Humboldt,13
06025,CA,Imperial,7
06027,CA,Inyo,2
06029,CA,Kern,40
06031,CA,Kings,5
06033,CA,Lake,1
06035,CA,Lassen,3
06037,CA,Los Angeles,787
06039,CA,Madera,10
06041,CA,Marin,15
06043,CA,Mariposa,0
06045,CA,Mendocino,12
06047,CA,Merced,18
06049,CA,Modoc,0
06051,CA,Mono,1
06053,CA,Monterey,44
06055,CA,Napa,14
06057,CA,Nevada,12
06059,CA,Orange,215
06061,CA,Placer,22
06063,CA,Plumas,3
06065,CA,Riverside,120
06067,CA,Sacramento,84
06069,CA,San Benito,1
06071,CA,San Bernardino,95
06073,CA,San Diego,227
06075,CA,San Francisco,178
06077,CA,San Joaquin,52
06079,CA,San Luis Obispo,35
06081,CA,San Mateo,53
06083,CA,Santa Barbara,37
06085,CA,Santa Clara,132
06087,CA,Santa Cruz,30
06089,CA,Shasta,13
06091,CA,Sierra,0
06093,CA,Siskiyou,3
06095,CA,Solano,32
06097,CA,Sonoma,69
06099,CA,Stanislaus,45
06101,CA,Sutter,10
06103,CA,Tehama,5
06105,CA,Trinity,1
06107,CA,Tulare,34
06109,CA,Tuolumne,6
06111,CA,Ventura,61
06113,CA,Yolo,18
06115,CA,Yuba,8
08001,CO,Adams,26
08003,CO,Alamosa,1
08005,CO,Arapahoe,42
08007,CO,Archuleta,2
08009,CO,Baca,0
08011,CO,Bent,1
08013,CO,Boulder,25
08014,CO,Broomfield,6
08015,CO,Chaffee,2
08017,CO,Cheyenne,0
08019,CO,Clear Creek,1
08021,CO,Conejos,0
08023,CO,Costilla,0
08025,CO,Crowley,0
08027,CO,Custer,0
08029,CO,Delta,5
08031,CO,Denver,50
08033,CO,Dolores,0
08035,CO,Douglas,20
08037,CO,Eagle,10
08039,CO,Elbert,2
08041,CO,El Paso,43
08043,CO,Fremont,2
08045,CO,Garfield,6
08047,CO,Gilpin,0
08049,CO,Grand,1
08051,CO,Gunnison,2
08053,CO,Hinsdale,0
08055,CO,Huerfano,0
08057,CO,Jackson,0
08059,CO,Jefferson,34
08061,CO,Kiowa,0
08063,CO,Kit Carson,0
08065,CO,Lake,0
08067,CO,La Plata,9
08069,CO,Larimer,35
08071,CO,Las Animas,1
08073,CO,Lincoln,0
08075,CO,Logan,2
08077,CO,Mesa,18
08079,CO,Mineral,0
08081,CO,Moffat,0
08083,CO,Montezuma,2
08085,CO,Montrose,4
08087,CO,Morgan,2
08089,CO,Otero,1
08091,CO,Ouray,1
08093,CO,Park,0
08095,CO,Phillips,1
08097,CO,Pitkin,3
08099,CO,Prowers,0
08101,CO,Pueblo,14
08103,CO,Rio Blanco,1
08105,CO,Rio Grande,1
08107,CO,Routt,6
08109,CO,Saguache,0
08111,CO,San Juan,0
08113,CO,San Miguel,2
08115,CO,Sedgwick,0
08117,CO,Summit,7
08119,CO,Teller,2
08121,CO,Washington,1
08123,CO,Weld,8
08125,CO,Yuma,1
09001,CT,Fairfield,94
09003,CT,Hartford,67
09005,CT,Litchfield,13
09007,CT,Middlesex,12
09009,CT,New Haven,62
09011,CT,New London,25
09013,CT,Tolland,7
09015,CT,Windham,6
10001,DE,Kent,7
10003,DE,New Castle,41
10005,DE,Sussex,29
11001,DC,District of Columbia,62
12001,FL,Alachua,12
12003,FL,Baker,1
12005,FL,Bay,18
12007,FL,Bradford,1
12009,FL,Brevard,35
12011,FL,Broward,152
12013,FL,Calhoun,0
12015,FL,Charlotte,9
12017,FL,Citrus,7
12019,FL,Clay,10
12021,FL,Collier,27
12023,FL,Columbia,3
12027,FL,DeSoto,0
12029,FL,Dixie,0
12031,FL,Duval,94
12033,FL,Escambia,24
12035,FL,Flagler,6
12037,FL,Franklin,2
12039,FL,Gadsden,1
12041,FL,Gilchrist,0
12043,FL,Glades,0
12045,FL,Gulf,1
12047,FL,Hamilton,0
12049,FL,Hardee,0
12051,FL,Hendry,3
12053,FL,Hernando,3
12055,FL,Highlands,3
12057,FL,Hillsborough,114
12059,FL,Holmes,1
12061,FL,Indian River,13
12063,FL,Jackson,3
12065,FL,Jefferson,2
12067,FL,Lafayette,0
12069,FL,Lake,19
12071,FL,Lee,56
12073,FL,Leon,24
12075,FL,Levy,0
12077,FL,Liberty,0
12079,FL,Madison,0
12081,FL,Manatee,22
12083,FL,Marion,12
12085,FL,Martin,10
12086,FL,Miami-Dade,268
12087,FL,Monroe,21
12089,FL,Nassau,5
12091,FL,Okaloosa,12
12093,FL,Okeechobee,0
12095,FL,Orange,114
12097,FL,Osceola,14
12099,FL,Palm Beach,148
12101,FL,Pasco,29
12103,FL,Pinellas,93
12105,FL,Polk,26
12107,FL,Putnam,4
12109,FL,St. Johns,37
12111,FL,St. Lucie,14
12113,FL,Santa Rosa,4
12115,FL,Sarasota,41
12117,FL,Seminole,26
12119,FL,Sumter,4
12121,FL,Suwannee,1
12123,FL,Taylor,2
12125,FL,Union,0
12127,FL,Volusia,29
12129,FL,Wakulla,5
12131,FL,Walton,14
12133,FL,Washington,2
13001,GA,Appling,0
13003,GA,Atkinson,1
13005,GA,Bacon,0
13007,GA,Baker,0
13009,GA,Baldwin,1
13011,GA,Banks,0
13013,GA,Barrow,2
13015,GA,Bartow,1
13017,GA,Ben Hill,3
13019,GA,Berrien,1
13021,GA,Bibb,9
13023,GA,Bleckley,1
13025,GA,Brantley,0
13027,GA,Brooks,0
13029,GA,Bryan,0
13031,GA,Bulloch,2
13033,GA,Burke,1
13035,GA,Butts,0
13037,GA,Calhoun,0
13039,GA,Camden,2
13043,GA,Candler,2
13045,GA,Carroll,4
13047,GA,Catoosa,2
13049,GA,Charlton,0
13051,GA,Chatham,33
13053,GA,Chattahoochee,1
13055,GA,Chattooga,0
13057,GA,Cherokee,14
13059,GA,Clarke,3
13061,GA,Clay,0
13063,GA,Clayton,10
13065,GA,Clinch,1
13067,GA,Cobb,31
13069,GA,Coffee,3
13071,GA,Colquitt,4
13073,GA,Columbia,1
13075,GA,Cook,0
13077,GA,Coweta,5
13079,GA,Crawford,0
13081,GA,Crisp,0
13083,GA,Dade,0
13085,GA,Dawson,0
13087,GA,Decatur,1
13089,GA,DeKalb,55
13091,GA,Dodge,0
13093,GA,Dooly,0
13095,GA,Dougherty,6
13097,GA,Douglas,2
13099,GA,Early,0
13101,GA,Echols,0
13103,GA,Effingham,0
13105,GA,Elbert,0
13107,GA,Emanuel,2
13109,GA,Evans,1
13111,GA,Fannin,1
13113,GA,Fayette,5
13115,GA,Floyd,2
13117,GA,Forsyth,9
13119,GA,Franklin,0
13121,GA,Fulton,75
13123,GA,Gilmer,1
13125,GA,Glascock,0
13127,GA,Glynn,8
13129,GA,Gordon,3
13131,GA,Grady,2
13133,GA,Greene,1
13135,GA,Gwinnett,52
13137,GA,Habersham,2
13139,GA,Hall,11
13141,GA,Hancock,0
13143,GA,Haralson,1
13145,GA,Harris,0
13147,GA,Hart,0
13149,GA,Heard,0
13151,GA,Henry,5
13153,GA,Houston,4
13155,GA,Irwin,0
13157,GA,Jackson,3
13159,GA,Jasper,0
13161,GA,Jeff Davis,0
13163,GA,Jefferson,0
13165,GA,Jenkins,0
13167,GA,Johnson,0
13169,GA,Jones,2
13171,GA,Lamar,1
13173,GA,Lanier,1
13175,GA,Laurens,4
13177,GA,Lee,0
13179,GA,Liberty,2
13181,GA,Lincoln,0
13183,GA,Long,1
13185,GA,Lowndes,13
13187,GA,Lumpkin,2
13189,GA,McDuffie,1
13191,GA,McIntosh,0
13193,GA,Macon,1
13195,GA,Madison,0
13197,GA,Marion,0
13199,GA,Meriwether,0
13201,GA,Miller,1
13205,GA,Mitchell,0
13207,GA,Monroe,0
13209,GA,Montgomery,0
13211,GA,Morgan,2
13213,GA,Murray,0
13215,GA,Muscogee,7
13217,GA,Newton,4
13219,GA,Oconee,1
13221,GA,Oglethorpe,0
13223,GA,Paulding,4
13225,GA,Peach,1
13227,GA,Pickens,1
13229,GA,Pierce,1
13231,GA,Pike,0
13233,GA,Polk,0
13235,GA,Pulaski,1
13237,GA,Putnam,0
13239,GA,Quitman,0
13241,GA,Rabun,0
13243,GA,Randolph,0
13245,GA,Richmond,15
13247,GA,Rockdale,3
13249,GA,Schley,0
13251,GA,Screven,0
13253,GA,Seminole,0
13255,GA,Spalding,0
13257,GA,Stephens,0
13259,GA,Stewart,0
13261,GA,Sumter,3
13263,GA,Talbot,0
13265,GA,Taliaferro,0
13267,GA,Tattnall,1
13269,GA,Taylor,0
13271,GA,Telfair,0
13273,GA,Terrell,1
13275,GA,Thomas,2
13277,GA,Tift,2
13279,GA,Toombs,0
13281,GA,Towns,1
13283,GA,Treutlen,0
13285,GA,Troup,1
13287,GA,Turner,2
13289,GA,Twiggs,0
13291,GA,Union,1
13293,GA,Upson,1
13295,GA,Walker,0
13297,GA,Walton,0
13299,GA,Ware,1
13301,GA,Warren,1
13303,GA,Washington,1
13305,GA,Wayne,1
13307,GA,Webster,0
13309,GA,Wheeler,0
13311,GA,White,2
13313,GA,Whitfield,4
13315,GA,Wilcox,0
13317,GA,Wilkes,0
13319,GA,Wilkinson,0
13321,GA,Worth,1
15001,HI,Hawaii,10
15003,HI,Honolulu,113
15005,HI,Kalawao,0
15007,HI,Kauai,4
15009,HI,Maui,12
16001,ID,Ada,42
16003,ID,Adams,0
16005,ID,Bannock,5
16007,ID,Bear Lake,0
16009,ID,Benewah,0
16011,ID,Bingham,5
16013,ID,Blaine,0
16015,ID,Boise,0
16017,ID,Bonner,2
16019,ID,Bonneville,7
16021,ID,Boundary,1
16023,ID,Butte,0
16025,ID,Camas,0
16027,ID,Canyon,18
16029,ID,Caribou,1
16031,ID,Cassia,1
16033,ID,Clark,0
16035,ID,Clearwater,0
16037,ID,Custer,0
16039,ID,Elmore,2
16041,ID,Franklin,0
16043,ID,Fremont,0
16045,ID,Gem,2
16047,ID,Gooding,0
16049,ID,Idaho,3
16051,ID,Jefferson,0
16053,ID,Jerome,2
16055,ID,Kootenai,7
16057,ID,Latah,7
16059,ID,Lemhi,0
16061,ID,Lewis,1
16063,ID,Lincoln,0
16065,ID,Madison,3
16067,ID,Minidoka,1
16069,ID,Nez Perce,0
16071,ID,Oneida,0
16073,ID,Owyhee,0
16075,ID,Payette,2
16077,ID,Power,0
16079,ID,Shoshone,0
16081,ID,Teton,1
16083,ID,Twin Falls,5
16085,ID,Valley,1
16087,ID,Washington,1
17001,IL,Adams,3
17003,IL,Alexander,0
17005,IL,Bond,1
17007,IL,Boone,2
17009,IL,Brown,0
17011,IL,Bureau,0
17013,IL,Calhoun,0
17015,IL,Carroll,1
17017,IL,Cass,0
17019,IL,Champaign,14
17021,IL,Christian,0
17023,IL,Clark,2
17025,IL,Clay,2
17027,IL,Clinton,3
17029,IL,Coles,2
17031,IL,Cook,423
17033,IL,Crawford,1
17035,IL,Cumberland,0
17037,IL,DeKalb,2
17039,IL,De Witt,0
17041,IL,Douglas,3
17043,IL,DuPage,84
17045,IL,Edgar,0
17047,IL,Edwards,0
17049,IL,Effingham,2
17051,IL,Fayette,0
17053,IL,Ford,0
17055,IL,Franklin,0
17057,IL,Fulton,1
17059,IL,Gallatin,0
17061,IL,Greene,3
17063,IL,Grundy,3
17065,IL,Hamilton,2
17067,IL,Hancock,1
17069,IL,Hardin,0
17071,IL,Henderson,0
17073,IL,Henry,3
17075,IL,Iroquois,0
17077,IL,Jackson,2
17079,IL,Jasper,0
17081,IL,Jefferson,1
17083,IL,Jersey,1
17085,IL,Jo Daviess,0
17087,IL,Johnson,0
17089,IL,Kane,39
17091,IL,Kankakee,5
17093,IL,Kendall,7
17095,IL,Knox,1
17097,IL,Lake,46
17099,IL,LaSalle,6
17101,IL,Lawrence,0
17103,IL,Lee,1
17105,IL,Livingston,0
17107,IL,Logan,3
17109,IL,McDonough,1
17111,IL,McHenry,19
17113,IL,McLean,6
17115,IL,Macon,6
17117,IL,Macoupin,3
17119,IL,Madison,17
17121,IL,Marion,1
17123,IL,Marshall,1
17125,IL,Mason,1
17127,IL,Massac,0
17129,IL,Menard,1
17131,IL,Mercer,1
17133,IL,Monroe,2
17135,IL,Montgomery,2
17137,IL,Morgan,2
17139,IL,Moultrie,1
17141,IL,Ogle,3
17143,IL,Peoria,9
17145,IL,Perry,0
17147,IL,Piatt,0
17149,IL,Pike,0
17151,IL,Pope,0
17153,IL,Pulaski,0
17155,IL,Putnam,1
17157,IL,Randolph,1
17159,IL,Richland,0
17161,IL,Rock Island,8
17163,IL,St. Clair,17
17165,IL,Saline,0
17167,IL,Sangamon,13
17169,IL,Schuyler,1
17171,IL,Scott,0
17173,IL,Shelby,1
17175,IL,Stark,1
17177,IL,Stephenson,1
17179,IL,Tazewell,6
17181,IL,Union,3
17183,IL,Vermilion,3
17185,IL,Wabash,1
17187,IL,Warren,1
17189,IL,Washington,0
17191,IL,Wayne,1
17193,IL,White,0
17195,IL,Whiteside,4
17197,IL,Will,27
17199,IL,Williamson,2
17201,IL,Winnebago,16
17203,IL,Woodford,0
18001,IN,Adams,3
18003,IN,Allen,25
18005,IN,Bartholomew,6
18007,IN,Benton,0
18009,IN,Blackford,0
18011,IN,Boone,4
18013,IN,Brown,5
18015,IN,Carroll,1
18017,IN,Cass,1
18019,IN,Clark,5
18021,IN,Clay,1
18023,IN,Clinton,2
18025,IN,Crawford,0
18027,IN,Daviess,0
18029,IN,Dearborn,1
18031,IN,Decatur,2
18033,IN,DeKalb,1
18035,IN,Delaware,6
18037,IN,Dubois,6
18039,IN,Elkhart,15
18041,IN,Fayette,1
18043,IN,Floyd,4
18045,IN,Fountain,0
18047,IN,Franklin,1
18049,IN,Fulton,0
18051,IN,Gibson,0
18053,IN,Grant,4
18055,IN,Greene,0
18057,IN,Hamilton,12
18059,IN,Hancock,2
18061,IN,Harrison,2
18063,IN,Hendricks,4
18065,IN,Henry,2
18067,IN,Howard,6
18069,IN,Huntington,5
18071,IN,Jackson,4
18073,IN,Jasper,1
18075,IN,Jay,2
18077,IN,Jefferson,2
18079,IN,Jennings,0
18081,IN,Johnson,6
18083,IN,Knox,3
18085,IN,Kosciusko,5
18087,IN,LaGrange,4
18089,IN,Lake,29
18091,IN,LaPorte,7
18093,IN,Lawrence,2
18095,IN,Madison,3
18097,IN,Marion,52
18099,IN,Marshall,3
18101,IN,Martin,0
18103,IN,Miami,1
18105,IN,Monroe,8
18107,IN,Montgomery,3
18109,IN,Morgan,2
18111,IN,Newton,1
18113,IN,Noble,1
18115,IN,Ohio,0
18117,IN,Orange,0
18119,IN,Owen,1
18121,IN,Parke,1
18123,IN,Perry,1
18125,IN,Pike,0
18127,IN,Porter,6
18129,IN,Posey,0
18131,IN,Pulaski,0
18133,IN,Putnam,2
18135,IN,Randolph,3
18137,IN,Ripley,5
18139,IN,Rush,1
18141,IN,St. Joseph,18
18143,IN,Scott,0
18145,IN,Shelby,0
18147,IN,Spencer,0
18149,IN,Starke,2
18151,IN,Steuben,2
18153,IN,Sullivan,1
18155,IN,Switzerland,0
18157,IN,Tippecanoe,10
18159,IN,Tipton,0
18161,IN,Union,0
18163,IN,Vanderburgh,12
18165,IN,Vermillion,2
18167,IN,Vigo,2
18169,IN,Wabash,1
18171,IN,Warren,0
18173,IN,Warrick,3
18175,IN,Washington,0
18177,IN,Wayne,3
18179,IN,Wells,1
18181,IN,White,1
18183,IN,Whitley,1
19001,IA,Adair,0
19003,IA,Adams,0
19005,IA,Allamakee,1
19007,IA,Appanoose,2
19009,IA,Audubon,0
19011,IA,Benton,0
19013,IA,Black Hawk,11
19015,IA,Boone,1
19017,IA,Bremer,2
19019,IA,Buchanan,1
19021,IA,Buena Vista,2
19023,IA,Butler,3
19025,IA,Calhoun,1
19027,IA,Carroll,2
19029,IA,Cass,1
19031,IA,Cedar,1
19033,IA,Cerro Gordo,4
19035,IA,Cherokee,0
19037,IA,Chickasaw,0
19039,IA,Clarke,0
19041,IA,Clay,2
19043,IA,Clayton,2
19045,IA,Clinton,2
19047,IA,Crawford,0
19049,IA,Dallas,6
19051,IA,Davis,1
19053,IA,Decatur,0
19055,IA,Delaware,0
19057,IA,Des Moines,2
19059,IA,Dickinson,2
19061,IA,Dubuque,7
19063,IA,Emmet,0
19065,IA,Fayette,0
19067,IA,Floyd,0
19069,IA,Franklin,0
19071,IA,Fremont,0
19073,IA,Greene,0
19075,IA,Grundy,1
19077,IA,Guthrie,0
19079,IA,Hamilton,1
19081,IA,Hancock,0
19083,IA,Hardin,1
19085,IA,Harrison,1
19087,IA,Henry,1
19089,IA,Howard,1
19091,IA,Humboldt,0
19093,IA,Ida,0
19095,IA,Iowa,3
19097,IA,Jackson,1
19099,IA,Jasper,0
19101,IA,Jefferson,1
19103,IA,Johnson,8
19105,IA,Jones,0
19107,IA,Keokuk,0
19109,IA,Kossuth,0
19111,IA,Lee,3
19113,IA,Linn,18
19115,IA,Louisa,1
19117,IA,Lucas,0
19119,IA,Lyon,0
19121,IA,Madison,0
19123,IA,Mahaska,3
19125,IA,Marion,2
19127,IA,Marshall,2
19129,IA,Mills,0
19131,IA,Mitchell,2
19133,IA,Monona,0
19135,IA,Monroe,0
19137,IA,Montgomery,0
19139,IA,Muscatine,1
19141,IA,O'Brien,1
19143,IA,Osceola,1
19145,IA,Page,0
19147,IA,Palo Alto,0
19149,IA,Plymouth,2
19151,IA,Pocahontas,0
19153,IA,Polk,27
19155,IA,Pottawattamie,3
19157,IA,Poweshiek,1
19159,IA,Ringgold,0
19161,IA,Sac,0
19163,IA,Scott,9
19165,IA,Shelby,1
19167,IA,Sioux,1
19169,IA,Story,2
19171,IA,Tama,1
19173,IA,Taylor,0
19175,IA,Union,0
19177,IA,Van Buren,0
19179,IA,Wapello,2
19181,IA,Warren,2
19183,IA,Washington,1
19185,IA,Wayne,0
19187,IA,Webster,2
19189,IA,Winnebago,0
19191,IA,Winneshiek,0
19193,IA,Woodbury,8
19195,IA,Worth,0
19197,IA,Wright,4
20001,KS,Allen,1
20003,KS,Anderson,1
20005,KS,Atchison,0
20007,KS,Barber,0
20009,KS,Barton,1
20011,KS,Bourbon,0
20013,KS,Brown,0
20015,KS,Butler,6
20017,KS,Chase,0
20019,KS,Chautauqua,0
20021,KS,Cherokee,1
20023,KS,Cheyenne,0
20025,KS,Clark,0
20027,KS,Clay,1
20029,KS,Cloud,1
20031,KS,Coffey,0
20033,KS,Comanche,0
20035,KS,Cowley,2
20037,KS,Crawford,3
20039,KS,Decatur,0
20041,KS,Dickinson,2
20043,KS,Doniphan,1
20045,KS,Douglas,8
20047,KS,Edwards,1
20049,KS,Elk,0
20051,KS,Ellis,3
20053,KS,Ellsworth,0
20055,KS,Finney,5
20057,KS,Ford,1
20059,KS,Franklin,1
20061,KS,Geary,2
20063,KS,Gove,0
20065,KS,Graham,1
20067,KS,Grant,0
20069,KS,Gray,0
20071,KS,Greeley,0
20073,KS,Greenwood,0
20075,KS,Hamilton,0
20077,KS,Harper,1
20079,KS,Harvey,3
20081,KS,Haskell,0
20083,KS,Hodgeman,0
20085,KS,Jackson,0
20087,KS,Jefferson,2
20089,KS,Jewell,0
20091,KS,Johnson,33
20093,KS,Kearny,0
20095,KS,Kingman,0
20097,KS,Kiowa,0
20099,KS,Labette,2
20101,KS,Lane,0
20103,KS,Leavenworth,3
20105,KS,Lincoln,0
20107,KS,Linn,2
20109,KS,Logan,2
20111,KS,Lyon,4
20113,KS,McPherson,2
20115,KS,Marion,0
20117,KS,Marshall,1
20119,KS,Meade,0
20121,KS,Miami,2
20123,KS,Mitchell,1
20125,KS,Montgomery,1
20127,KS,Morris,1
20129,KS,Morton,0
20131,KS,Nemaha,1
20133,KS,Neosho,0
20135,KS,Ness,0
20137,KS,Norton,0
20139,KS,Osage,0
20141,KS,Osborne,1
20143,KS,Ottawa,0
20145,KS,Pawnee,1
20147,KS,Phillips,1
20149,KS,Pottawatomie,2
20151,KS,Pratt,1
20153,KS,Rawlins,0
20155,KS,Reno,3
20157,KS,Republic,0
20159,KS,Rice,0
20161,KS,Riley,2
20163,KS,Rooks,0
20165,KS,Rush,0
20167,KS,Russell,1
20169,KS,Saline,4
20171,KS,Scott,2
20173,KS,Sedgwick,31
20175,KS,Seward,1
20177,KS,Shawnee,16
20179,KS,Sheridan,0
20181,KS,Sherman,1
20183,KS,Smith,1
20185,KS,Stafford,0
20187,KS,Stanton,0
20189,KS,Stevens,0
20191,KS,Sumner,1
20193,KS,Thomas,2
20195,KS,Trego,0
20197,KS,Wabaunsee,0
20199,KS,Wallace,0
20201,KS,Washington,1
20203,KS,Wichita,0
20205,KS,Wilson,0
20207,KS,Woodson,0
20209,KS,Wyandotte,9
21001,KY,Adair,1
21003,KY,Allen,0
21005,KY,Anderson,0
21007,KY,Ballard,0
21009,KY,Barren,1
21011,KY,Bath,0
21013,KY,Bell,1
21015,KY,Boone,6
21017,KY,Bourbon,1
21019,KY,Boyd,4
21021,KY,Boyle,0
21023,KY,Bracken,0
21025,KY,Breathitt,0
21027,KY,Breckinridge,0
21029,KY,Bullitt,1
21031,KY,Butler,0
21033,KY,Caldwell,1
21035,KY,Calloway,1
21037,KY,Campbell,4
21039,KY,Carlisle,0
21041,KY,Carroll,0
21043,KY,Carter,0
21045,KY,Casey,1
21047,KY,Christian,2
21049,KY,Clark,1
21051,KY,Clay,0
21053,KY,Clinton,0
21055,KY,Crittenden,1
21057,KY,Cumberland,0
21059,KY,Daviess,4
21061,KY,Edmonson,0
21063,KY,Elliott,0
21065,KY,Estill,0
21067,KY,Fayette,14
21069,KY,Fleming,0
21071,KY,Floyd,0
21073,KY,Franklin,1
21075,KY,Fulton,0
21077,KY,Gallatin,1
21079,KY,Garrard,1
21081,KY,Grant,0
21083,KY,Graves,3
21085,KY,Grayson,2
21087,KY,Green,0
21089,KY,Greenup,1
21091,KY,Hancock,0
21093,KY,Hardin,6
21095,KY,Harlan,0
21097,KY,Harrison,0
21099,KY,Hart,2
21101,KY,Henderson,0
21103,KY,Henry,0
21105,KY,Hickman,0
21107,KY,Hopkins,0
21109,KY,Jackson,0
21111,KY,Jefferson,51
21113,KY,Jessamine,3
21115,KY,Johnson,0
21117,KY,Kenton,7
21119,KY,Knott,0
21121,KY,Knox,0
21123,KY,Larue,0
21125,KY,Laurel,2
21127,KY,Lawrence,0
21129,KY,Lee,0
21131,KY,Leslie,0
21133,KY,Letcher,0
21135,KY,Lewis,0
21137,KY,Lincoln,0
21139,KY,Livingston,2
21141,KY,Logan,1
21143,KY,Lyon,0
21145,KY,McCracken,4
21147,KY,McCreary,0
21149,KY,McLean,0
21151,KY,Madison,4
21153,KY,Magoffin,1
21155,KY,Marion,0
21157,KY,Marshall,1
21159,KY,Martin,0
21161,KY,Mason,0
21163,KY,Meade,0
21165,KY,Menifee,0
21167,KY,Mercer,0
21169,KY,Metcalfe,1
21171,KY,Monroe,1
21173,KY,Montgomery,1
21175,KY,Morgan,0
21177,KY,Muhlenberg,0
21179,KY,Nelson,4
21181,KY,Nicholas,0
21183,KY,Ohio,0
21185,KY,Oldham,3
21187,KY,Owen,0
21189,KY,Owsley,0
21191,KY,Pendleton,0
21193,KY,Perry,0
21195,KY,Pike,2
21197,KY,Powell,0
21199,KY,Pulaski,2
21201,KY,Robertson,0
21203,KY,Rockcastle,0
21205,KY,Rowan,2
21207,KY,Russell,1
21209,KY,Scott,0
21211,KY,Shelby,1
21213,KY,Simpson,0
21215,KY,Spencer,0
21217,KY,Taylor,1
21219,KY,Todd,0
21221,KY,Trigg,0
21223,KY,Trimble,0
21225,KY,Union,1
21227,KY,Warren,5
21229,KY,Washington,0
21231,KY,Wayne,1
21233,KY,Webster,1
21235,KY,Whitley,1
21237,KY,Wolfe,0
21239,KY,Woodford,0
22001,LA,Acadia,7
22003,LA,Allen,1
22005,LA,Ascension,6
22007,LA,Assumption,1
22009,LA,Avoyelles,6
22011,LA,Beauregard,1
22013,LA,Bienville,0
22015,LA,Bossier,6
22017,LA,Caddo,4
22019,LA,Calcasieu,12
22021,LA,Caldwell,0
22023,LA,Cameron,0
22025,LA,Catahoula,0
22027,LA,Claiborne,0
22029,LA,Concordia,1
22031,LA,De Soto,1
22033,LA,East Baton Rouge,46
22035,LA,East Carroll,1
22037,LA,East Feliciana,1
22039,LA,Evangeline,3
22041,LA,Franklin,1
22043,LA,Grant,0
22045,LA,Iberia,6
22047,LA,Iberville,3
22049,LA,Jackson,0
22051,LA,Jefferson,36
22053,LA,Jefferson Davis,4
22055,LA,Lafayette,16
22057,LA,Lafourche,10
22059,LA,La Salle,2
22061,LA,Lincoln,1
22063,LA,Livingston,7
22065,LA,Madison,0
22067,LA,Morehouse,0
22069,LA,Natchitoches,0
22071,LA,Orleans,35
22073,LA,Ouachita,16
22075,LA,Plaquemines,2
22077,LA,Pointe Coupee,0
22079,LA,Rapides,6
22081,LA,Red River,0
22083,LA,Richland,1
22085,LA,Sabine,1
22087,LA,St. Bernard,3
22089,LA,St. Charles,2
22091,LA,St. Helena,0
22093,LA,St. James,1
22095,LA,St. John the Baptist,4
22097,LA,St. Landry,4
22099,LA,St. Martin,4
22101,LA,St. Mary,3
22103,LA,St. Tammany,9
22105,LA,Tangipahoa,11
22107,LA,Tensas,0
22109,LA,Terrebonne,11
22111,LA,Union,0
22113,LA,Vermilion,6
22115,LA,Vernon,2
22117,LA,Washington,0
22119,LA,Webster,2
22121,LA,West Baton Rouge,3
22123,LA,West Carroll,0
22125,LA,West Feliciana,1
22127,LA,Winn,0
23001,ME,Androscoggin,6
23003,ME,Aroostook,1
23005,ME,Cumberland,43
23007,ME,Franklin,2
23009,ME,Hancock,13
23011,ME,Kennebec,6
23013,ME,Knox,12
23015,ME,Lincoln,12
23017,ME,Oxford,3
23019,ME,Penobscot,3
23021,ME,Piscataquis,3
23023,ME,Sagadahoc,3
23025,ME,Somerset,1
23027,ME,Waldo,7
23029,ME,Washington,0
23031,ME,York,31
24001,MD,Allegany,4
24003,MD,Anne Arundel,37
24005,MD,Baltimore,64
24009,MD,Calvert,5
24011,MD,Caroline,2
24013,MD,Carroll,9
24015,MD,Cecil,3
24017,MD,Charles,3
24019,MD,Dorchester,1
24021,MD,Frederick,11
24023,MD,Garrett,6
24025,MD,Harford,12
24027,MD,Howard,19
24029,MD,Kent,3
24031,MD,Montgomery,64
24033,MD,Prince George's,51
24035,MD,Queen Anne's,6
24037,MD,St. Mary's,6
24039,MD,Somerset,3
24041,MD,Talbot,11
24043,MD,Washington,12
24045,MD,Wicomico,8
24047,MD,Worcester,23
24510,MD,Baltimore,57
25001,MA,Barnstable,51
25003,MA,Berkshire,10
25005,MA,Bristol,42
25007,MA,Dukes,13
25009,MA,Essex,68
25011,MA,Franklin,6
25013,MA,Hampden,28
25015,MA,Hampshire,12
25017,MA,Middlesex,138
25019,MA,Nantucket,8
25021,MA,Norfolk,57
25023,MA,Plymouth,52
25025,MA,Suffolk,80
25027,MA,Worcester,44
26001,MI,Alcona,0
26003,MI,Alger,1
26005,MI,Allegan,3
26007,MI,Alpena,4
26009,MI,Antrim,3
26011,MI,Arenac,2
26013,MI,Baraga,0
26015,MI,Barry,3
26017,MI,Bay,7
26019,MI,Benzie,2
26021,MI,Berrien,10
26023,MI,Branch,2
26025,MI,Calhoun,6
26027,MI,Cass,4
26029,MI,Charlevoix,6
26031,MI,Cheboygan,5
26033,MI,Chippewa,4
26035,MI,Clare,3
26037,MI,Clinton,4
26039,MI,Crawford,0
26041,MI,Delta,7
26043,MI,Dickinson,3
26045,MI,Eaton,11
26047,MI,Emmet,9
26049,MI,Genesee,17
26051,MI,Gladwin,3
26053,MI,Gogebic,0
26055,MI,Grand Traverse,19
26057,MI,Gratiot,5
26059,MI,Hillsdale,5
26061,MI,Houghton,1
26063,MI,Huron,3
26065,MI,Ingham,10
26067,MI,Ionia,5
26069,MI,Iosco,1
26071,MI,Iron,1
26073,MI,Isabella,3
26075,MI,Jackson,11
26077,MI,Kalamazoo,23
26079,MI,Kalkaska,1
26081,MI,Kent,74
26083,MI,Keweenaw,0
26085,MI,Lake,1
26087,MI,Lapeer,6
26089,MI,Leelanau,8
26091,MI,Lenawee,7
26093,MI,Livingston,12
26095,MI,Luce,1
26097,MI,Mackinac,5
26099,MI,Macomb,93
26101,MI,Manistee,2
26103,MI,Marquette,3
26105,MI,Mason,2
26107,MI,Mecosta,1
26109,MI,Menominee,1
26111,MI,Midland,5
26113,MI,Missaukee,2
26115,MI,Monroe,10
26117,MI,Montcalm,4
26119,MI,Montmorency,0
26121,MI,Muskegon,19
26123,MI,Newaygo,3
26125,MI,Oakland,130
26127,MI,Oceana,6
26129,MI,Ogemaw,1
26131,MI,Ontonagon,0
26133,MI,Osceola,0
26135,MI,Oscoda,0
26137,MI,Otsego,2
26139,MI,Ottawa,25
26141,MI,Presque Isle,1
26143,MI,Roscommon,2
26145,MI,Saginaw,24
26147,MI,St. Clair,10
26149,MI,St. Joseph,6
26151,MI,Sanilac,2
26153,MI,Schoolcraft,0
26155,MI,Shiawassee,0
26157,MI,Tuscola,3
26159,MI,Van Buren,5
26161,MI,Washtenaw,31
26163,MI,Wayne,193
26165,MI,Wexford,5
27001,MN,Aitkin,2
27003,MN,Anoka,19
27005,MN,Becker,3
27007,MN,Beltrami,5
27009,MN,Benton,4
27011,MN,Big Stone,2
27013,MN,Blue Earth,8
27015,MN,Brown,2
27017,MN,Carlton,3
27019,MN,Carver,5
27021,MN,Cass,2
27023,MN,Chippewa,1
27025,MN,Chisago,1
27027,MN,Clay,3
27029,MN,Clearwater,1
27031,MN,Cook,2
27033,MN,Cottonwood,0
27035,MN,Crow Wing,5
27037,MN,Dakota,36
27039,MN,Dodge,0
27041,MN,Douglas,9
27043,MN,Faribault,1
27045,MN,Fillmore,1
27047,MN,Freeborn,4
27049,MN,Goodhue,8
27051,MN,Grant,1
27053,MN,Hennepin,106
27055,MN,Houston,1
27057,MN,Hubbard,3
27059,MN,Isanti,3
27061,MN,Itasca,4
27063,MN,Jackson,2
27065,MN,Kanabec,1
27067,MN,Kandiyohi,5
27069,MN,Kittson,1
27071,MN,Koochiching,1
27073,MN,Lac qui Parle,1
27075,MN,Lake,1
27077,MN,Lake of the Woods,1
27079,MN,Le Sueur,4
27081,MN,Lincoln,1
27083,MN,Lyon,2
27085,MN,McLeod,4
27087,MN,Mahnomen,0
27089,MN,Marshall,0
27091,MN,Martin,1
27093,MN,Meeker,1
27095,MN,Mille Lacs,1
27097,MN,Morrison,3
27099,MN,Mower,2
27101,MN,Murray,0
27103,MN,Nicollet,2
27105,MN,Nobles,3
27107,MN,Norman,0
27109,MN,Olmsted,14
27111,MN,Otter Tail,7
27113,MN,Pennington,2
27115,MN,Pine,0
27117,MN,Pipestone,3
27119,MN,Polk,1
27121,MN,Pope,2
27123,MN,Ramsey,43
27125,MN,Red Lake,0
27127,MN,Redwood,0
27129,MN,Renville,1
27131,MN,Rice,8
27133,MN,Rock,0
27135,MN,Roseau,1
27137,MN,St. Louis,19
27139,MN,Scott,10
27141,MN,Sherburne,7
27143,MN,Sibley,2
27145,MN,Stearns,13
27147,MN,Steele,4
27149,MN,Stevens,0
27151,MN,Swift,0
27153,MN,Todd,2
27155,MN,Traverse,0
27157,MN,Wabasha,1
27159,MN,Wadena,1
27161,MN,Waseca,2
27163,MN,Washington,22
27165,MN,Watonwan,1
27167,MN,Wilkin,0
27169,MN,Winona,5
27171,MN,Wright,21
27173,MN,Yellow Medicine,1
28001,MS,Adams,1
28003,MS,Alcorn,1
28005,MS,Amite,0
28007,MS,Attala,0
28009,MS,Benton,0
28011,MS,Bolivar,0
28013,MS,Calhoun,0
28015,MS,Carroll,0
28017,MS,Chickasaw,0
28019,MS,Choctaw,0
28021,MS,Claiborne,0
28023,MS,Clarke,0
28025,MS,Clay,1
28027,MS,Coahoma,0
28029,MS,Copiah,0
28031,MS,Covington,0
28033,MS,DeSoto,8
28035,MS,Forrest,7
28037,MS,Franklin,0
28039,MS,George,0
28041,MS,Greene,1
28043,MS,Grenada,1
28045,MS,Hancock,2
28047,MS,Harrison,10
28049,MS,Hinds,4
28051,MS,Holmes,1
28053,MS,Humphreys,0
28055,MS,Issaquena,0
28057,MS,Itawamba,0
28059,MS,Jackson,5
28061,MS,Jasper,0
28063,MS,Jefferson,0
28065,MS,Jefferson Davis,0
28067,MS,Jones,2
28069,MS,Kemper,0
28071,MS,Lafayette,5
28073,MS,Lamar,2
28075,MS,Lauderdale,4
28077,MS,Lawrence,0
28079,MS,Leake,0
28081,MS,Lee,8
28083,MS,Leflore,1
28085,MS,Lincoln,1
28087,MS,Lowndes,6
28089,MS,Madison,10
28091,MS,Marion,2
28093,MS,Marshall,0
28095,MS,Monroe,0
28097,MS,Montgomery,0
28099,MS,Neshoba,0
28101,MS,Newton,1
28103,MS,Noxubee,1
28105,MS,Oktibbeha,2
28107,MS,Panola,2
28109,MS,Pearl River,1
28111,MS,Perry,0
28113,MS,Pike,1
28115,MS,Pontotoc,2
28117,MS,Prentiss,0
28119,MS,Quitman,0
28121,MS,Rankin,12
28123,MS,Scott,1
28125,MS,Sharkey,0
28127,MS,Simpson,1
28129,MS,Smith,0
28131,MS,Stone,0
28133,MS,Sunflower,1
28135,MS,Tallahatchie,0
28137,MS,Tate,0
28139,MS,Tippah,0
28141,MS,Tishomingo,1
28143,MS,Tunica,1
28145,MS,Union,2
28147,MS,Walthall,0
28149,MS,Warren,1
28151,MS,Washington,0
28153,MS,Wayne,0
28155,MS,Webster,0
28157,MS,Wilkinson,1
28159,MS,Winston,1
28161,MS,Yalobusha,0
28163,MS,Yazoo,2
29001,MO,Adair,1
29003,MO,Andrew,0
29005,MO,Atchison,0
29007,MO,Audrain,1
29009,MO,Barry,1
29011,MO,Barton,1
29013,MO,Bates,1
29015,MO,Benton,1
29017,MO,Bollinger,0
29019,MO,Boone,7
29021,MO,Buchanan,4
29023,MO,Butler,2
29025,MO,Caldwell,1
29027,MO,Callaway,0
29029,MO,Camden,4
29031,MO,Cape Girardeau,5
29033,MO,Carroll,1
29035,MO,Carter,0
29037,MO,Cass,6
29039,MO,Cedar,0
29041,MO,Chariton,0
29043,MO,Christian,7
29045,MO,Clark,0
29047,MO,Clay,8
29049,MO,Clinton,1
29051,MO,Cole,3
29053,MO,Cooper,1
29055,MO,Crawford,1
29057,MO,Dade,0
29059,MO,Dallas,3
29061,MO,Daviess,0
29063,MO,DeKalb,0
29065,MO,Dent,1
29067,MO,Douglas,0
29069,MO,Dunklin,0
29071,MO,Franklin,5
29073,MO,Gasconade,1
29075,MO,Gentry,1
29077,MO,Greene,17
29079,MO,Grundy,0
29081,MO,Harrison,1
29083,MO,Henry,0
29085,MO,Hickory,0
29087,MO,Holt,0
29089,MO,Howard,0
29091,MO,Howell,3
29093,MO,Iron,0
29095,MO,Jackson,41
29097,MO,Jasper,10
29099,MO,Jefferson,9
29101,MO,Johnson,4
29103,MO,Knox,0
29105,MO,Laclede,3
29107,MO,Lafayette,1
29109,MO,Lawrence,0
29111,MO,Lewis,0
29113,MO,Lincoln,3
29115,MO,Linn,1
29117,MO,Livingston,3
29119,MO,McDonald,0
29121,MO,Macon,1
29123,MO,Madison,1
29125,MO,Maries,0
29127,MO,Marion,1
29129,MO,Mercer,0
29131,MO,Miller,1
29133,MO,Mississippi,2
29135,MO,Moniteau,0
29137,MO,Monroe,0
29139,MO,Montgomery,0
29141,MO,Morgan,2
29143,MO,New Madrid,0
29145,MO,Newton,3
29147,MO,Nodaway,1
29149,MO,Oregon,0
29151,MO,Osage,0
29153,MO,Ozark,0
29155,MO,Pemiscot,1
29157,MO,Perry,1
29159,MO,Pettis,3
29161,MO,Phelps,3
29163,MO,Pike,0
29165,MO,Platte,5
29167,MO,Polk,0
29169,MO,Pulaski,3
29171,MO,Putnam,0
29173,MO,Ralls,0
29175,MO,Randolph,0
29177,MO,Ray,0
29179,MO,Reynolds,0
29181,MO,Ripley,1
29183,MO,St. Charles,22
29185,MO,St. Clair,1
29186,MO,Ste. Genevieve,1
29187,MO,St. Francois,2
29189,MO,St. Louis,74
29195,MO,Saline,3
29197,MO,Schuyler,0
29199,MO,Scotland,0
29201,MO,Scott,1
29203,MO,Shannon,0
29205,MO,Shelby,0
29207,MO,Stoddard,0
29209,MO,Stone,1
29211,MO,Sullivan,0
29213,MO,Taney,12
29215,MO,Texas,0
29217,MO,Vernon,1
29219,MO,Warren,2
29221,MO,Washington,3
29223,MO,Wayne,0
29225,MO,Webster,1
29227,MO,Worth,0
29229,MO,Wright,2
29510,MO,St. Louis,24
30001,MT,Beaverhead,0
30003,MT,Big Horn,0
30005,MT,Blaine,0
30007,MT,Broadwater,0
30009,MT,Carbon,2
30011,MT,Carter,0
30013,MT,Cascade,8
30015,MT,Chouteau,0
30017,MT,Custer,1
30019,MT,Daniels,0
30021,MT,Dawson,0
30023,MT,Deer Lodge,0
30025,MT,Fallon,0
30027,MT,Fergus,1
30029,MT,Flathead,8
30031,MT,Gallatin,9
30033,MT,Garfield,0
30035,MT,Glacier,1
30037,MT,Golden Valley,0
30039,MT,Granite,1
30041,MT,Hill,1
30043,MT,Jefferson,1
30045,MT,Judith Basin,0
30047,MT,Lake,2
30049,MT,Lewis and Clark,4
30051,MT,Liberty,0
30053,MT,Lincoln,0
30055,MT,McCone,0
30057,MT,Madison,2
30059,MT,Meagher,1
30061,MT,Mineral,1
30063,MT,Missoula,14
30065,MT,Musselshell,1
30067,MT,Park,1
30069,MT,Petroleum,0
30071,MT,Phillips,0
30073,MT,Pondera,1
30075,MT,Powder River,0
30077,MT,Powell,0
30079,MT,Prairie,0
30081,MT,Ravalli,4
30083,MT,Richland,0
30085,MT,Roosevelt,0
30087,MT,Rosebud,0
30089,MT,Sanders,0
30091,MT,Sheridan,0
30093,MT,Silver Bow,4
30095,MT,Stillwater,0
30097,MT,Sweet Grass,0
30099,MT,Teton,0
30101,MT,Toole,0
30103,MT,Treasure,0
30105,MT,Valley,0
30107,MT,Wheatland,0
30109,MT,Wibaux,0
30111,MT,Yellowstone,14
31001,NE,Adams,3
31003,NE,Antelope,0
31005,NE,Arthur,0
31007,NE,Banner,0
31009,NE,Blaine,0
31011,NE,Boone,1
31013,NE,Box Butte,1
31015,NE,Boyd,0
31017,NE,Brown,1
31019,NE,Buffalo,3
31021,NE,Burt,0
31023,NE,Butler,0
31025,NE,Cass,2
31027,NE,Cedar,1
31029,NE,Chase,0
31031,NE,Cherry,0
31033,NE,Cheyenne,1
31035,NE,Clay,1
31037,NE,Colfax,3
31039,NE,Cuming,0
31041,NE,Custer,1
31043,NE,Dakota,2
31045,NE,Dawes,0
31047,NE,Dawson,1
31049,NE,Deuel,0
31051,NE,Dixon,0
31053,NE,Dodge,2
31055,NE,Douglas,45
31057,NE,Dundy,0
31059,NE,Fillmore,1
31061,NE,Franklin,1
31063,NE,Frontier,0
31065,NE,Furnas,0
31067,NE,Gage,2
31069,NE,Garden,0
31071,NE,Garfield,0
31073,NE,Gosper,0
31075,NE,Grant,0
31077,NE,Greeley,0
31079,NE,Hall,6
31081,NE,Hamilton,1
31083,NE,Harlan,0
31085,NE,Hayes,0
31087,NE,Hitchcock,0
31089,NE,Holt,1
31091,NE,Hooker,0
31093,NE,Howard,0
31095,NE,Jefferson,1
31097,NE,Johnson,0
31099,NE,Kearney,0
31101,NE,Keith,1
31103,NE,Keya Paha,0
31105,NE,Kimball,0
31107,NE,Knox,0
31109,NE,Lancaster,20
31111,NE,Lincoln,4
31113,NE,Logan,0
31115,NE,Loup,0
31117,NE,McPherson,0
31119,NE,Madison,5
31121,NE,Merrick,0
31123,NE,Morrill,1
31125,NE,Nance,0
31127,NE,Nemaha,1
31129,NE,Nuckolls,0
31131,NE,Otoe,0
31133,NE,Pawnee,0
31135,NE,Perkins,0
31137,NE,Phelps,0
31139,NE,Pierce,0
31141,NE,Platte,2
31143,NE,Polk,2
31145,NE,Red Willow,2
31147,NE,Richardson,0
31149,NE,Rock,0
31151,NE,Saline,4
31153,NE,Sarpy,11
31155,NE,Saunders,3
31157,NE,Scotts Bluff,2
31159,NE,Seward,2
31161,NE,Sheridan,0
31163,NE,Sherman,0
31165,NE,Sioux,0
31167,NE,Stanton,0
31169,NE,Thayer,1
31171,NE,Thomas,0
31173,NE,Thurston,0
31175,NE,Valley,1
31177,NE,Washington,1
31179,NE,Wayne,1
31181,NE,Webster,0
31183,NE,Wheeler,0
31185,NE,York,2
32001,NV,Churchill,1
32003,NV,Clark,111
32005,NV,Douglas,4
32007,NV,Elko,3
32009,NV,Esmeralda,0
32011,NV,Eureka,0
32013,NV,Humboldt,2
32015,NV,Lander,0
32017,NV,Lincoln,0
32019,NV,Lyon,0
32021,NV,Mineral,0
32023,NV,Nye,0
32027,NV,Pershing,0
32029,NV,Storey,1
32031,NV,Washoe,27
32033,NV,White Pine,0
32510,NV,Carson City,7
33001,NH,Belknap,5
33003,NH,Carroll,9
33005,NH,Cheshire,2
33007,NH,Coos,0
33009,NH,Grafton,7
33011,NH,Hillsborough,25
33013,NH,Merrimack,14
33015,NH,Rockingham,34
33017,NH,Strafford,8
33019,NH,Sullivan,1
34001,NJ,Atlantic,31
34003,NJ,Bergen,166
34005,NJ,Burlington,47
34007,NJ,Camden,48
34009,NJ,Cape May,54
34011,NJ,Cumberland,17
34013,NJ,Essex,96
34015,NJ,Gloucester,35
34017,NJ,Hudson,85
34019,NJ,Hunterdon,13
34021,NJ,Mercer,39
34023,NJ,Middlesex,95
34025,NJ,Monmouth,83
34027,NJ,Morris,53
34029,NJ,Ocean,85
34031,NJ,Passaic,65
34033,NJ,Salem,11
34035,NJ,Somerset,43
34037,NJ,Sussex,8
34039,NJ,Union,64
34041,NJ,Warren,9
35001,NM,Bernalillo,49
35003,NM,Catron,0
35005,NM,Chaves,5
35006,NM,Cibola,0
35007,NM,Colfax,1
35009,NM,Curry,2
35011,NM,De Baca,0
35013,NM,DoÃ±a Ana,7
35015,NM,Eddy,4
35017,NM,Grant,0
35019,NM,Guadalupe,0
35021,NM,Harding,0
35023,NM,Hidalgo,0
35025,NM,Lea,8
35027,NM,Lincoln,2
35028,NM,Los Alamos,0
35029,NM,Luna,1
35031,NM,McKinley,1
35033,NM,Mora,0
35035,NM,Otero,1
35037,NM,Quay,0
35039,NM,Rio Arriba,2
35041,NM,Roosevelt,0
35043,NM,Sandoval,6
35045,NM,San Juan,9
35047,NM,San Miguel,1
35049,NM,Santa Fe,17
35051,NM,Sierra,1
35053,NM,Socorro,1
35055,NM,Taos,2
35057,NM,Torrance,0
35059,NM,Union,0
35061,NM,Valencia,2
36001,NY,Albany,29
36003,NY,Allegany,1
36005,NY,Bronx,225
36007,NY,Broome,9
36009,NY,Cattaraugus,6
36011,NY,Cayuga,4
36013,NY,Chautauqua,8
36015,NY,Chemung,9
36017,NY,Chenango,2
36019,NY,Clinton,4
36021,NY,Columbia,3
36023,NY,Cortland,3
36025,NY,Delaware,3
36027,NY,Dutchess,28
36029,NY,Erie,87
36031,NY,Essex,5
36033,NY,Franklin,1
36035,NY,Fulton,4
36037,NY,Genesee,2
36039,NY,Greene,2
36041,NY,Hamilton,0
36043,NY,Herkimer,3
36045,NY,Jefferson,8
36047,NY,Kings,637
36049,NY,Lewis,2
36051,NY,Livingston,1
36053,NY,Madison,4
36055,NY,Monroe,48
36057,NY,Montgomery,2
36059,NY,Nassau,239
36061,NY,New York,437
36063,NY,Niagara,17
36065,NY,Oneida,15
36067,NY,Onondaga,31
36069,NY,Ontario,10
36071,NY,Orange,42
36073,NY,Orleans,2
36075,NY,Oswego,6
36077,NY,Otsego,5
36079,NY,Putnam,8
36081,NY,Queens,404
36083,NY,Rensselaer,9
36085,NY,Richmond,63
36087,NY,Rockland,48
36089,NY,St. Lawrence,3
36091,NY,Saratoga,22
36093,NY,Schenectady,6
36095,NY,Schoharie,0
36097,NY,Schuyler,2
36099,NY,Seneca,4
36101,NY,Steuben,7
36103,NY,Suffolk,239
36105,NY,Sullivan,8
36107,NY,Tioga,4
36109,NY,Tompkins,10
36111,NY,Ulster,21
36113,NY,Warren,9
36115,NY,Washington,5
36117,NY,Wayne,3
36119,NY,Westchester,148
36121,NY,Wyoming,1
36123,NY,Yates,2
37001,NC,Alamance,8
37003,NC,Alexander,1
37005,NC,Alleghany,1
37007,NC,Anson,3
37009,NC,Ashe,3
37011,NC,Avery,0
37013,NC,Beaufort,4
37015,NC,Bertie,2
37017,NC,Bladen,0
37019,NC,Brunswick,14
37021,NC,Buncombe,26
37023,NC,Burke,5
37025,NC,Cabarrus,16
37027,NC,Caldwell,0
37029,NC,Camden,0
37031,NC,Carteret,9
37033,NC,Caswell,0
37035,NC,Catawba,9
37037,NC,Chatham,1
37039,NC,Cherokee,2
37041,NC,Chowan,1
37043,NC,Clay,0
37045,NC,Cleveland,5
37047,NC,Columbus,1
37049,NC,Craven,3
37051,NC,Cumberland,12
37053,NC,Currituck,5
37055,NC,Dare,12
37057,NC,Davidson,5
37059,NC,Davie,0
37061,NC,Duplin,4
37063,NC,Durham,18
37065,NC,Edgecombe,3
37067,NC,Forsyth,20
37069,NC,Franklin,0
37071,NC,Gaston,8
37073,NC,Gates,1
37075,NC,Graham,0
37077,NC,Granville,1
37079,NC,Greene,2
37081,NC,Guilford,32
37083,NC,Halifax,5
37085,NC,Harnett,1
37087,NC,Haywood,3
37089,NC,Henderson,7
37091,NC,Hertford,3
37093,NC,Hoke,0
37095,NC,Hyde,6
37097,NC,Iredell,9
37099,NC,Jackson,4
37101,NC,Johnston,6
37103,NC,Jones,0
37105,NC,Lee,2
37107,NC,Lenoir,1
37109,NC,Lincoln,4
37111,NC,McDowell,3
37113,NC,Macon,4
37115,NC,Madison,3
37117,NC,Martin,0
37119,NC,Mecklenburg,66
37121,NC,Mitchell,0
37123,NC,Montgomery,0
37125,NC,Moore,4
37127,NC,Nash,1
37129,NC,New Hanover,26
37131,NC,Northampton,0
37133,NC,Onslow,11
37135,NC,Orange,12
37137,NC,Pamlico,0
37139,NC,Pasquotank,4
37141,NC,Pender,3
37143,NC,Perquimans,0
37145,NC,Person,2
37147,NC,Pitt,6
37149,NC,Polk,1
37151,NC,Randolph,9
37153,NC,Richmond,4
37155,NC,Robeson,1
37157,NC,Rockingham,3
37159,NC,Rowan,5
37161,NC,Rutherford,1
37163,NC,Sampson,1
37165,NC,Scotland,1
37167,NC,Stanly,1
37169,NC,Stokes,0
37171,NC,Surry,7
37173,NC,Swain,0
37175,NC,Transylvania,3
37177,NC,Tyrrell,0
37179,NC,Union,6
37181,NC,Vance,2
37183,NC,Wake,58
37185,NC,Warren,1
37187,NC,Washington,1
37189,NC,Watauga,7
37191,NC,Wayne,7
37193,NC,Wilkes,2
37195,NC,Wilson,3
37197,NC,Yadkin,2
37199,NC,Yancey,0
38001,ND,Adams,2
38003,ND,Barnes,0
38005,ND,Benson,0
38007,ND,Billings,0
38009,ND,Bottineau,0
38011,ND,Bowman,1
38013,ND,Burke,0
38015,ND,Burleigh,5
38017,ND,Cass,9
38019,ND,Cavalier,1
38021,ND,Dickey,0
38023,ND,Divide,0
38025,ND,Dunn,1
38027,ND,Eddy,0
38029,ND,Emmons,1
38031,ND,Foster,1
38033,ND,Golden Valley,0
38035,ND,Grand Forks,7
38037,ND,Grant,1
38039,ND,Griggs,0
38041,ND,Hettinger,0
38043,ND,Kidder,0
38045,ND,LaMoure,0
38047,ND,Logan,1
38049,ND,McHenry,1
38051,ND,McIntosh,0
38053,ND,McKenzie,0
38055,ND,McLean,0
38057,ND,Mercer,2
38059,ND,Morton,4
38061,ND,Mountrail,0
38063,ND,Nelson,0
38065,ND,Oliver,0
38067,ND,Pembina,0
38069,ND,Pierce,0
38071,ND,Ramsey,0
38073,ND,Ransom,0
38075,ND,Renville,0
38077,ND,Richland,1
38079,ND,Rolette,0
38081,ND,Sargent,0
38083,ND,Sheridan,0
38085,ND,Sioux,0
38087,ND,Slope,0
38089,ND,Stark,3
38091,ND,Steele,0
38093,ND,Stutsman,2
38095,ND,Towner,1
38097,ND,Traill,0
38099,ND,Walsh,1
38101,ND,Ward,7
38103,ND,Wells,0
38105,ND,Williams,0
39001,OH,Adams,1
39003,OH,Allen,3
39005,OH,Ashland,0
39007,OH,Ashtabula,5
39009,OH,Athens,2
39011,OH,Auglaize,4
39013,OH,Belmont,2
39015,OH,Brown,0
39017,OH,Butler,21
39019,OH,Carroll,4
39021,OH,Champaign,2
39023,OH,Clark,8
39025,OH,Clermont,10
39027,OH,Clinton,3
39029,OH,Columbiana,6
39031,OH,Coshocton,1
39033,OH,Crawford,2
39035,OH,Cuyahoga,115
39037,OH,Darke,3
39039,OH,Defiance,4
39041,OH,Delaware,13
39043,OH,Erie,5
39045,OH,Fairfield,3
39047,OH,Fayette,3
39049,OH,Franklin,68
39051,OH,Fulton,5
39053,OH,Gallia,2
39055,OH,Geauga,10
39057,OH,Greene,3
39059,OH,Guernsey,0
39061,OH,Hamilton,80
39063,OH,Hancock,5
39065,OH,Hardin,1
39067,OH,Harrison,0
39069,OH,Henry,0
39071,OH,Highland,0
39073,OH,Hocking,2
39075,OH,Holmes,7
39077,OH,Huron,2
39079,OH,Jackson,2
39081,OH,Jefferson,3
39083,OH,Knox,3
39085,OH,Lake,14
39087,OH,Lawrence,0
39089,OH,Licking,4
39091,OH,Logan,5
39093,OH,Lorain,10
39095,OH,Lucas,24
39097,OH,Madison,2
39099,OH,Mahoning,13
39101,OH,Marion,1
39103,OH,Medina,5
39105,OH,Meigs,0
39107,OH,Mercer,4
39109,OH,Miami,3
39111,OH,Monroe,1
39113,OH,Montgomery,31
39115,OH,Morgan,0
39117,OH,Morrow,0
39119,OH,Muskingum,3
39121,OH,Noble,0
39123,OH,Ottawa,5
39125,OH,Paulding,2
39127,OH,Perry,2
39129,OH,Pickaway,1
39131,OH,Pike,0
39133,OH,Portage,9
39135,OH,Preble,1
39137,OH,Putnam,3
39139,OH,Richland,6
39141,OH,Ross,1
39143,OH,Sandusky,3
39145,OH,Scioto,1
39147,OH,Seneca,0
39149,OH,Shelby,2
39151,OH,Stark,23
39153,OH,Summit,28
39155,OH,Trumbull,8
39157,OH,Tuscarawas,6
39159,OH,Union,1
39161,OH,Van Wert,1
39163,OH,Vinton,0
39165,OH,Warren,11
39167,OH,Washington,7
39169,OH,Wayne,8
39171,OH,Williams,1
39173,OH,Wood,5
39175,OH,Wyandot,2
40001,OK,Adair,0
40003,OK,Alfalfa,0
40005,OK,Atoka,0
40007,OK,Beaver,0
40009,OK,Beckham,3
40011,OK,Blaine,1
40013,OK,Bryan,0
40015,OK,Caddo,1
40017,OK,Canadian,3
40019,OK,Carter,3
40021,OK,Cherokee,0
40023,OK,Choctaw,0
40025,OK,Cimarron,0
40027,OK,Cleveland,8
40029,OK,Coal,0
40031,OK,Comanche,9
40033,OK,Cotton,0
40035,OK,Craig,1
40037,OK,Creek,2
40039,OK,Custer,3
40041,OK,Delaware,2
40043,OK,Dewey,0
40045,OK,Ellis,0
40047,OK,Garfield,6
40049,OK,Garvin,0
40051,OK,Grady,1
40053,OK,Grant,0
40055,OK,Greer,0
40057,OK,Harmon,0
40059,OK,Harper,0
40061,OK,Haskell,0
40063,OK,Hughes,0
40065,OK,Jackson,3
40067,OK,Jefferson,0
40069,OK,Johnston,0
40071,OK,Kay,2
40073,OK,Kingfisher,0
40075,OK,Kiowa,0
40077,OK,Latimer,0
40079,OK,Le Flore,3
40081,OK,Lincoln,0
40083,OK,Logan,2
40085,OK,Love,0
40087,OK,McClain,1
40089,OK,McCurtain,0
40091,OK,McIntosh,1
40093,OK,Major,0
40095,OK,Marshall,0
40097,OK,Mayes,0
40099,OK,Murray,0
40101,OK,Muskogee,5
40103,OK,Noble,0
40105,OK,Nowata,0
40107,OK,Okfuskee,0
40109,OK,Oklahoma,47
40111,OK,Okmulgee,0
40113,OK,Osage,2
40115,OK,Ottawa,2
40117,OK,Pawnee,0
40119,OK,Payne,5
40121,OK,Pittsburg,2
40123,OK,Pontotoc,2
40125,OK,Pottawatomie,7
40127,OK,Pushmataha,0
40129,OK,Roger Mills,0
40131,OK,Rogers,2
40133,OK,Seminole,0
40135,OK,Sequoyah,0
40137,OK,Stephens,3
40139,OK,Texas,0
40141,OK,Tillman,0
40143,OK,Tulsa,32
40145,OK,Wagoner,3
40147,OK,Washington,3
40149,OK,Washita,1
40151,OK,Woods,1
40153,OK,Woodward,2
41001,OR,Baker,2
41003,OR,Benton,3
41005,OR,Clackamas,27
41007,OR,Clatsop,11
41009,OR,Columbia,3
41011,OR,Coos,9
41013,OR,Crook,3
41015,OR,Curry,3
41017,OR,Deschutes,22
41019,OR,Douglas,7
41021,OR,Gilliam,0
41023,OR,Grant,1
41025,OR,Harney,0
41027,OR,Hood River,6
41029,OR,Jackson,20
41031,OR,Jefferson,1
41033,OR,Josephine,5
41035,OR,Klamath,5
41037,OR,Lake,1
41039,OR,Lane,32
41041,OR,Lincoln,10
41043,OR,Linn,6
41045,OR,Malheur,2
41047,OR,Marion,35
41049,OR,Morrow,0
41051,OR,Multnomah,96
41053,OR,Polk,1
41055,OR,Sherman,0
41057,OR,Tillamook,4
41059,OR,Umatilla,4
41061,OR,Union,0
41063,OR,Wallowa,0
41065,OR,Wasco,2
41067,OR,Washington,42
41069,OR,Wheeler,0
41071,OR,Yamhill,7
42001,PA,Adams,14
42003,PA,Allegheny,79
42005,PA,Armstrong,4
42007,PA,Beaver,5
42009,PA,Bedford,5
42011,PA,Berks,48
42013,PA,Blair,16
42015,PA,Bradford,5
42017,PA,Bucks,75
42019,PA,Butler,13
42021,PA,Cambria,7
42023,PA,Cameron,0
42025,PA,Carbon,6
42027,PA,Centre,12
42029,PA,Chester,37
42031,PA,Clarion,2
42033,PA,Clearfield,5
42035,PA,Clinton,0
42037,PA,Columbia,6
42039,PA,Crawford,7
42041,PA,Cumberland,16
42043,PA,Dauphin,19
42045,PA,Delaware,70
42047,PA,Elk,2
42049,PA,Erie,8
42051,PA,Fayette,8
42053,PA,Forest,0
42055,PA,Franklin,9
42057,PA,Fulton,1
42059,PA,Greene,0
42061,PA,Huntingdon,3
42063,PA,Indiana,3
42065,PA,Jefferson,5
42067,PA,Juniata,1
42069,PA,Lackawanna,20
42071,PA,Lancaster,81
42073,PA,Lawrence,4
42075,PA,Lebanon,12
42077,PA,Lehigh,37
42079,PA,Luzerne,30
42081,PA,Lycoming,10
42083,PA,McKean,0
42085,PA,Mercer,10
42087,PA,Mifflin,5
42089,PA,Monroe,12
42091,PA,Montgomery,83
42093,PA,Montour,1
42095,PA,Northampton,21
42097,PA,Northumberland,8
42099,PA,Perry,4
42101,PA,Philadelphia,182
42103,PA,Pike,1
42105,PA,Potter,0
42107,PA,Schuylkill,14
42109,PA,Snyder,6
42111,PA,Somerset,7
42113,PA,Sullivan,0
42115,PA,Susquehanna,2
42117,PA,Tioga,4
42119,PA,Union,5
42121,PA,Venango,6
42123,PA,Warren,1
42125,PA,Washington,10
42127,PA,Wayne,2
42129,PA,Westmoreland,24
42131,PA,Wyoming,1
42133,PA,York,29
44001,RI,Bristol,3
44003,RI,Kent,9
44005,RI,Newport,14
44007,RI,Providence,59
44009,RI,Washington,12
45001,SC,Abbeville,0
45003,SC,Aiken,7
45005,SC,Allendale,1
45007,SC,Anderson,6
45009,SC,Bamberg,1
45011,SC,Barnwell,0
45013,SC,Beaufort,14
45015,SC,Berkeley,6
45017,SC,Calhoun,2
45019,SC,Charleston,50
45021,SC,Cherokee,3
45023,SC,Chester,0
45025,SC,Chesterfield,2
45027,SC,Clarendon,1
45029,SC,Colleton,2
45031,SC,Darlington,8
45033,SC,Dillon,2
45035,SC,Dorchester,3
45037,SC,Edgefield,1
45039,SC,Fairfield,1
45041,SC,Florence,15
45043,SC,Georgetown,7
45045,SC,Greenville,25
45047,SC,Greenwood,5
45049,SC,Hampton,0
45051,SC,Horry,21
45053,SC,Jasper,2
45055,SC,Kershaw,1
45057,SC,Lancaster,3
45059,SC,Laurens,1
45061,SC,Lee,0
45063,SC,Lexington,15
45065,SC,McCormick,0
45067,SC,Marion,1
45069,SC,Marlboro,2
45071,SC,Newberry,0
45073,SC,Oconee,3
45075,SC,Orangeburg,3
45077,SC,Pickens,2
45079,SC,Richland,22
45081,SC,Saluda,1
45083,SC,Spartanburg,20
45085,SC,Sumter,7
45087,SC,Union,0
45089,SC,Williamsburg,1
45091,SC,York,7
46003,SD,Aurora,0
46005,SD,Beadle,0
46007,SD,Bennett,1
46009,SD,Bon Homme,1
46011,SD,Brookings,2
46013,SD,Brown,6
46015,SD,Brule,0
46017,SD,Buffalo,0
46019,SD,Butte,1
46021,SD,Campbell,0
46023,SD,Charles Mix,1
46025,SD,Clark,2
46027,SD,Clay,0
46029,SD,Codington,7
46031,SD,Corson,0
46033,SD,Custer,0
46035,SD,Davison,6
46037,SD,Day,1
46039,SD,Deuel,0
46041,SD,Dewey,0
46043,SD,Douglas,1
46045,SD,Edmunds,0
46047,SD,Fall River,0
46049,SD,Faulk,0
46051,SD,Grant,0
46053,SD,Gregory,1
46055,SD,Haakon,0
46057,SD,Hamlin,1
46059,SD,Hand,0
46061,SD,Hanson,1
46063,SD,Harding,0
46065,SD,Hughes,2
46067,SD,Hutchinson,1
46069,SD,Hyde,0
46071,SD,Jackson,0
46073,SD,Jerauld,0
46075,SD,Jones,0
46077,SD,Kingsbury,0
46079,SD,Lake,0
46081,SD,Lawrence,3
46083,SD,Lincoln,3
46085,SD,Lyman,1
46087,SD,McCook,1
46089,SD,McPherson,1
46091,SD,Marshall,0
46093,SD,Meade,1
46095,SD,Mellette,0
46097,SD,Miner,0
46099,SD,Minnehaha,21
46101,SD,Moody,0
46103,SD,Pennington,9
46105,SD,Perkins,0
46107,SD,Potter,0
46109,SD,Roberts,2
46111,SD,Sanborn,0
46113,SD,Shannon,0
46115,SD,Spink,1
46117,SD,Stanley,0
46119,SD,Sully,1
46121,SD,Todd,0
46123,SD,Tripp,1
46125,SD,Turner,0
46127,SD,Union,0
46129,SD,Walworth,2
46135,SD,Yankton,4
46137,SD,Ziebach,0
47001,TN,Anderson,6
47003,TN,Bedford,2
47005,TN,Benton,1
47007,TN,Bledsoe,0
47009,TN,Blount,10
47011,TN,Bradley,3
47013,TN,Campbell,0
47015,TN,Cannon,0
47017,TN,Carroll,0
47019,TN,Carter,0
47021,TN,Cheatham,0
47023,TN,Chester,0
47025,TN,Claiborne,0
47027,TN,Clay,0
47029,TN,Cocke,2
47031,TN,Coffee,2
47033,TN,Crockett,0
47035,TN,Cumberland,1
47037,TN,Davidson,43
47039,TN,Decatur,0
47041,TN,DeKalb,2
47043,TN,Dickson,1
47045,TN,Dyer,2
47047,TN,Fayette,1
47049,TN,Fentress,0
47051,TN,Franklin,0
47053,TN,Gibson,0
47055,TN,Giles,1
47057,TN,Grainger,1
47059,TN,Greene,2
47061,TN,Grundy,0
47063,TN,Hamblen,2
47065,TN,Hamilton,19
47067,TN,Hancock,0
47069,TN,Hardeman,0
47071,TN,Hardin,1
47073,TN,Hawkins,2
47075,TN,Haywood,0
47077,TN,Henderson,0
47079,TN,Henry,1
47081,TN,Hickman,0
47083,TN,Houston,0
47085,TN,Humphreys,0
47087,TN,Jackson,0
47089,TN,Jefferson,1
47091,TN,Johnson,0
47093,TN,Knox,24
47095,TN,Lake,0
47097,TN,Lauderdale,0
47099,TN,Lawrence,3
47101,TN,Lewis,0
47103,TN,Lincoln,1
47105,TN,Loudon,1
47107,TN,McMinn,1
47109,TN,McNairy,1
47111,TN,Macon,0
47113,TN,Madison,5
47115,TN,Marion,1
47117,TN,Marshall,0
47119,TN,Maury,4
47121,TN,Meigs,0
47123,TN,Monroe,0
47125,TN,Montgomery,7
47127,TN,Moore,0
47129,TN,Morgan,0
47131,TN,Obion,2
47133,TN,Overton,1
47135,TN,Perry,0
47137,TN,Pickett,0
47139,TN,Polk,0
47141,TN,Putnam,5
47143,TN,Rhea,0
47145,TN,Roane,0
47147,TN,Robertson,1
47149,TN,Rutherford,9
47151,TN,Scott,0
47153,TN,Sequatchie,0
47155,TN,Sevier,18
47157,TN,Shelby,53
47159,TN,Smith,1
47161,TN,Stewart,0
47163,TN,Sullivan,6
47165,TN,Sumner,4
47167,TN,Tipton,1
47169,TN,Trousdale,0
47171,TN,Unicoi,0
47173,TN,Union,0
47175,TN,Van Buren,0
47177,TN,Warren,1
47179,TN,Washington,6
47181,TN,Wayne,0
47183,TN,Weakley,1
47185,TN,White,1
47187,TN,Williamson,16
47189,TN,Wilson,6
48001,TX,Anderson,1
48003,TX,Andrews,0
48005,TX,Angelina,4
48007,TX,Aransas,1
48009,TX,Archer,1
48011,TX,Armstrong,0
48013,TX,Atascosa,2
48015,TX,Austin,4
48017,TX,Bailey,0
48019,TX,Bandera,2
48021,TX,Bastrop,4
48023,TX,Baylor,0
48025,TX,Bee,1
48027,TX,Bell,12
48029,TX,Bexar,81
48031,TX,Blanco,1
48033,TX,Borden,0
48035,TX,Bosque,0
48037,TX,Bowie,4
48039,TX,Brazoria,12
48041,TX,Brazos,8
48043,TX,Brewster,0
48045,TX,Briscoe,0
48047,TX,Brooks,0
48049,TX,Brown,2
48051,TX,Burleson,0
48053,TX,Burnet,0
48055,TX,Caldwell,1
48057,TX,Calhoun,2
48059,TX,Callahan,1
48061,TX,Cameron,17
48063,TX,Camp,0
48065,TX,Carson,1
48067,TX,Cass,0
48069,TX,Castro,0
48071,TX,Chambers,1
48073,TX,Cherokee,0
48075,TX,Childress,0
48077,TX,Clay,0
48079,TX,Cochran,0
48081,TX,Coke,0
48083,TX,Coleman,0
48085,TX,Collin,42
48087,TX,Collingsworth,0
48089,TX,Colorado,2
48091,TX,Comal,10
48093,TX,Comanche,0
48095,TX,Concho,1
48097,TX,Cooke,1
48099,TX,Coryell,0
48101,TX,Cottle,0
48103,TX,Crane,0
48105,TX,Crockett,0
48107,TX,Crosby,0
48109,TX,Culberson,0
48111,TX,Dallam,0
48113,TX,Dallas,101
48115,TX,Dawson,0
48117,TX,Deaf Smith,0
48119,TX,Delta,0
48121,TX,Denton,28
48123,TX,DeWitt,4
48125,TX,Dickens,0
48127,TX,Dimmit,0
48129,TX,Donley,0
48131,TX,Duval,0
48133,TX,Eastland,2
48135,TX,Ector,5
48137,TX,Edwards,0
48139,TX,Ellis,1
48141,TX,El Paso,32
48143,TX,Erath,4
48145,TX,Falls,1
48147,TX,Fannin,2
48149,TX,Fayette,4
48151,TX,Fisher,0
48153,TX,Floyd,0
48155,TX,Foard,0
48157,TX,Fort Bend,22
48159,TX,Franklin,0
48161,TX,Freestone,1
48163,TX,Frio,0
48165,TX,Gaines,3
48167,TX,Galveston,15
48169,TX,Garza,0
48171,TX,Gillespie,8
48173,TX,Glasscock,0
48175,TX,Goliad,0
48177,TX,Gonzales,0
48179,TX,Gray,0
48181,TX,Grayson,2
48183,TX,Gregg,5
48185,TX,Grimes,0
48187,TX,Guadalupe,4
48189,TX,Hale,1
48191,TX,Hall,0
48193,TX,Hamilton,2
48195,TX,Hansford,0
48197,TX,Hardeman,1
48199,TX,Hardin,2
48201,TX,Harris,252
48203,TX,Harrison,2
48205,TX,Hartley,0
48207,TX,Haskell,0
48209,TX,Hays,8
48211,TX,Hemphill,1
48213,TX,Henderson,1
48215,TX,Hidalgo,53
48217,TX,Hill,0
48219,TX,Hockley,0
48221,TX,Hood,4
48223,TX,Hopkins,1
48225,TX,Houston,1
48227,TX,Howard,2
48229,TX,Hudspeth,0
48231,TX,Hunt,2
48233,TX,Hutchinson,2
48235,TX,Irion,0
48237,TX,Jack,0
48239,TX,Jackson,0
48241,TX,Jasper,4
48243,TX,Jeff Davis,0
48245,TX,Jefferson,19
48247,TX,Jim Hogg,1
48249,TX,Jim Wells,3
48251,TX,Johnson,6
48253,TX,Jones,0
48255,TX,Karnes,0
48257,TX,Kaufman,6
48259,TX,Kendall,3
48261,TX,Kenedy,0
48263,TX,Kent,0
48265,TX,Kerr,3
48267,TX,Kimble,0
48269,TX,King,0
48271,TX,Kinney,0
48273,TX,Kleberg,1
48275,TX,Knox,0
48277,TX,Lamar,2
48279,TX,Lamb,2
48281,TX,Lampasas,2
48283,TX,La Salle,0
48285,TX,Lavaca,1
48287,TX,Lee,4
48289,TX,Leon,0
48291,TX,Liberty,7
48293,TX,Limestone,0
48295,TX,Lipscomb,0
48297,TX,Live Oak,0
48299,TX,Llano,1
48301,TX,Loving,0
48303,TX,Lubbock,13
48305,TX,Lynn,1
48307,TX,McCulloch,1
48309,TX,McLennan,12
48311,TX,McMullen,0
48313,TX,Madison,1
48315,TX,Marion,1
48317,TX,Martin,0
48319,TX,Mason,0
48321,TX,Matagorda,3
48323,TX,Maverick,1
48325,TX,Medina,3
48327,TX,Menard,0
48329,TX,Midland,3
48331,TX,Milam,1
48333,TX,Mills,0
48335,TX,Mitchell,0
48337,TX,Montague,0
48339,TX,Montgomery,25
48341,TX,Moore,1
48343,TX,Morris,0
48345,TX,Motley,0
48347,TX,Nacogdoches,4
48349,TX,Navarro,6
48351,TX,Newton,0
48353,TX,Nolan,0
48355,TX,Nueces,19
48357,TX,Ochiltree,0
48359,TX,Oldham,0
48361,TX,Orange,6
48363,TX,Palo Pinto,0
48365,TX,Panola,1
48367,TX,Parker,4
48369,TX,Parmer,0
48371,TX,Pecos,1
48373,TX,Polk,0
48375,TX,Potter,9
48377,TX,Presidio,1
48379,TX,Rains,0
48381,TX,Randall,3
48383,TX,Reagan,0
48385,TX,Real,0
48387,TX,Red River,1
48389,TX,Reeves,0
48391,TX,Refugio,0
48393,TX,Roberts,0
48395,TX,Robertson,0
48397,TX,Rockwall,6
48399,TX,Runnels,1
48401,TX,Rusk,1
48403,TX,Sabine,0
48405,TX,San Augustine,0
48407,TX,San Jacinto,1
48409,TX,San Patricio,3
48411,TX,San Saba,1
48413,TX,Schleicher,0
48415,TX,Scurry,0
48417,TX,Shackelford,0
48419,TX,Shelby,0
48421,TX,Sherman,0
48423,TX,Smith,13
48425,TX,Somervell,0
48427,TX,Starr,0
48429,TX,Stephens,0
48431,TX,Sterling,0
48433,TX,Stonewall,0
48435,TX,Sutton,0
48437,TX,Swisher,0
48439,TX,Tarrant,87
48441,TX,Taylor,5
48443,TX,Terrell,0
48445,TX,Terry,0
48447,TX,Throckmorton,0
48449,TX,Titus,2
48451,TX,Tom Green,4
48453,TX,Travis,70
48455,TX,Trinity,0
48457,TX,Tyler,0
48459,TX,Upshur,1
48461,TX,Upton,0
48463,TX,Uvalde,2
48465,TX,Val Verde,5
48467,TX,Van Zandt,2
48469,TX,Victoria,4
48471,TX,Walker,1
48473,TX,Waller,4
48475,TX,Ward,0
48477,TX,Washington,2
48479,TX,Webb,15
48481,TX,Wharton,5
48483,TX,Wheeler,0
48485,TX,Wichita,8
48487,TX,Wilbarger,1
48489,TX,Willacy,3
48491,TX,Williamson,15
48493,TX,Wilson,2
48495,TX,Winkler,0
48497,TX,Wise,1
48499,TX,Wood,3
48501,TX,Yoakum,0
48503,TX,Young,1
48505,TX,Zapata,0
48507,TX,Zavala,0
49001,UT,Beaver,0
49003,UT,Box Elder,2
49005,UT,Cache,5
49007,UT,Carbon,2
49009,UT,Daggett,0
49011,UT,Davis,19
49013,UT,Duchesne,1
49015,UT,Emery,1
49017,UT,Garfield,0
49019,UT,Grand,1
49021,UT,Iron,2
49023,UT,Juab,1
49025,UT,Kane,1
49027,UT,Millard,1
49029,UT,Morgan,1
49031,UT,Piute,0
49033,UT,Rich,0
49035,UT,Salt Lake,61
49037,UT,San Juan,0
49039,UT,Sanpete,1
49041,UT,Sevier,1
49043,UT,Summit,4
49045,UT,Tooele,1
49047,UT,Uintah,3
49049,UT,Utah,31
49051,UT,Wasatch,1
49053,UT,Washington,12
49055,UT,Wayne,0
49057,UT,Weber,13
50001,VT,Addison,4
50003,VT,Bennington,7
50005,VT,Caledonia,2
50007,VT,Chittenden,17
50009,VT,Essex,0
50011,VT,Franklin,1
50013,VT,Grand Isle,1
50015,VT,Lamoille,2
50017,VT,Orange,1
50019,VT,Orleans,4
50021,VT,Rutland,5
50023,VT,Washington,11
50025,VT,Windham,6
50027,VT,Windsor,4
51001,VA,Accomack,3
51003,VA,Albemarle,6
51005,VA,Alleghany,0
51007,VA,Amelia,0
51009,VA,Amherst,0
51011,VA,Appomattox,0
51013,VA,Arlington,12
51015,VA,Augusta,4
51017,VA,Bath,0
51019,VA,Bedford,2
51021,VA,Bland,0
51023,VA,Botetourt,0
51025,VA,Brunswick,0
51027,VA,Buchanan,0
51029,VA,Buckingham,0
51031,VA,Campbell,3
51033,VA,Caroline,2
51035,VA,Carroll,2
51036,VA,Charles City,0
51037,VA,Charlotte,0
51041,VA,Chesterfield,10
51043,VA,Clarke,2
51045,VA,Craig,0
51047,VA,Culpeper,4
51049,VA,Cumberland,0
51051,VA,Dickenson,0
51053,VA,Dinwiddie,0
51057,VA,Essex,0
51059,VA,Fairfax,60
51061,VA,Fauquier,3
51063,VA,Floyd,2
51065,VA,Fluvanna,0
51067,VA,Franklin,1
51069,VA,Frederick,4
51071,VA,Giles,0
51073,VA,Gloucester,2
51075,VA,Goochland,0
51077,VA,Grayson,0
51079,VA,Greene,2
51081,VA,Greensville,0
51083,VA,Halifax,1
51085,VA,Hanover,5
51087,VA,Henrico,25
51089,VA,Henry,0
51091,VA,Highland,0
51093,VA,Isle of Wight,2
51095,VA,James City,7
51097,VA,King and Queen,0
51099,VA,King George,0
51101,VA,King William,2
51103,VA,Lancaster,3
51105,VA,Lee,1
51107,VA,Loudoun,20
51109,VA,Louisa,0
51111,VA,Lunenburg,0
51113,VA,Madison,0
51115,VA,Mathews,0
51117,VA,Mecklenburg,2
51119,VA,Middlesex,2
51121,VA,Montgomery,5
51125,VA,Nelson,1
51127,VA,New Kent,1
51131,VA,Northampton,1
51133,VA,Northumberland,2
51135,VA,Nottoway,1
51137,VA,Orange,1
51139,VA,Page,0
51141,VA,Patrick,1
51143,VA,Pittsylvania,2
51145,VA,Powhatan,1
51147,VA,Prince Edward,0
51149,VA,Prince George,0
51153,VA,Prince William,20
51155,VA,Pulaski,1
51157,VA,Rappahannock,0
51159,VA,Richmond,0
51161,VA,Roanoke,2
51163,VA,Rockbridge,4
51165,VA,Rockingham,7
51167,VA,Russell,0
51169,VA,Scott,0
51171,VA,Shenandoah,2
51173,VA,Smyth,1
51175,VA,Southampton,2
51177,VA,Spotsylvania,5
51179,VA,Stafford,2
51181,VA,Surry,1
51183,VA,Sussex,0
51185,VA,Tazewell,0
51187,VA,Warren,1
51191,VA,Washington,2
51193,VA,Westmoreland,4
51195,VA,Wise,2
51197,VA,Wythe,1
51199,VA,York,1
51510,VA,Alexandria,10
51515,VA,Bedford,1
51520,VA,Bristol,2
51530,VA,Buena Vista,0
51540,VA,Charlottesville,8
51550,VA,Chesapeake,8
51570,VA,Colonial Heights,1
51580,VA,Covington,0
51590,VA,Danville,2
51595,VA,Emporia,0
51600,VA,Fairfax,4
51610,VA,Falls Church,3
51620,VA,Franklin,1
51630,VA,Fredericksburg,5
51640,VA,Galax,0
51650,VA,Hampton,11
51660,VA,Harrisonburg,6
51670,VA,Hopewell,2
51678,VA,Lexington,0
51680,VA,Lynchburg,6
51683,VA,Manassas,1
51685,VA,Manassas Park,1
51690,VA,Martinsville,0
51700,VA,Newport News,11
51710,VA,Norfolk,19
51720,VA,Norton,1
51730,VA,Petersburg,2
51735,VA,Poquoson,2
51740,VA,Portsmouth,5
51750,VA,Radford,1
51760,VA,Richmond,21
51770,VA,Roanoke,5
51775,VA,Salem,2
51790,VA,Staunton,3
51800,VA,Suffolk,4
51810,VA,Virginia Beach,31
51820,VA,Waynesboro,0
51830,VA,Williamsburg,4
51840,VA,Winchester,2
53001,WA,Adams,1
53003,WA,Asotin,1
53005,WA,Benton,14
53007,WA,Chelan,11
53009,WA,Clallam,10
53011,WA,Clark,34
53013,WA,Columbia,0
53015,WA,Cowlitz,4
53017,WA,Douglas,5
53019,WA,Ferry,0
53021,WA,Franklin,7
53023,WA,Garfield,0
53025,WA,Grant,6
53027,WA,Grays Harbor,11
53029,WA,Island,7
53031,WA,Jefferson,4
53033,WA,King,194
53035,WA,Kitsap,21
53037,WA,Kittitas,8
53039,WA,Klickitat,0
53041,WA,Lewis,6
53043,WA,Lincoln,0
53045,WA,Mason,3
53047,WA,Okanogan,6
53049,WA,Pacific,6
53051,WA,Pend Oreille,1
53053,WA,Pierce,59
53055,WA,San Juan,2
53057,WA,Skagit,17
53059,WA,Skamania,0
53061,WA,Snohomish,56
53063,WA,Spokane,35
53065,WA,Stevens,1
53067,WA,Thurston,29
53069,WA,Wahkiakum,0
53071,WA,Walla Walla,7
53073,WA,Whatcom,21
53075,WA,Whitman,2
53077,WA,Yakima,19
54001,WV,Barbour,1
54003,WV,Berkeley,5
54005,WV,Boone,0
54007,WV,Braxton,0
54009,WV,Brooke,1
54011,WV,Cabell,10
54013,WV,Calhoun,0
54015,WV,Clay,0
54017,WV,Doddridge,0
54019,WV,Fayette,0
54021,WV,Gilmer,0
54023,WV,Grant,0
54025,WV,Greenbrier,2
54027,WV,Hampshire,0
54029,WV,Hancock,1
54031,WV,Hardy,0
54033,WV,Harrison,3
54035,WV,Jackson,0
54037,WV,Jefferson,0
54039,WV,Kanawha,10
54041,WV,Lewis,0
54043,WV,Lincoln,0
54045,WV,Logan,0
54047,WV,McDowell,0
54049,WV,Marion,1
54051,WV,Marshall,0
54053,WV,Mason,0
54055,WV,Mercer,0
54057,WV,Mineral,0
54059,WV,Mingo,0
54061,WV,Monongalia,3
54063,WV,Monroe,0
54065,WV,Morgan,1
54067,WV,Nicholas,0
54069,WV,Ohio,4
54071,WV,Pendleton,0
54073,WV,Pleasants,0
54075,WV,Pocahontas,0
54077,WV,Preston,0
54079,WV,Putnam,3
54081,WV,Raleigh,2
54083,WV,Randolph,2
54085,WV,Ritchie,0
54087,WV,Roane,1
54089,WV,Summers,0
54091,WV,Taylor,1
54093,WV,Tucker,0
54095,WV,Tyler,0
54097,WV,Upshur,0
54099,WV,Wayne,0
54101,WV,Webster,0
54103,WV,Wetzel,0
54105,WV,Wirt,0
54107,WV,Wood,3
54109,WV,Wyoming,0
55001,WI,Adams,0
55003,WI,Ashland,0
55005,WI,Barron,6
55007,WI,Bayfield,3
55009,WI,Brown,15
55011,WI,Buffalo,1
55013,WI,Burnett,0
55015,WI,Calumet,1
55017,WI,Chippewa,3
55019,WI,Clark,2
55021,WI,Columbia,5
55023,WI,Crawford,6
55025,WI,Dane,48
55027,WI,Dodge,7
55029,WI,Door,19
55031,WI,Douglas,6
55033,WI,Dunn,5
55035,WI,Eau Claire,3
55037,WI,Florence,0
55039,WI,Fond du Lac,7
55041,WI,Forest,0
55043,WI,Grant,5
55045,WI,Green,10
55047,WI,Green Lake,0
55049,WI,Iowa,3
55051,WI,Iron,1
55053,WI,Jackson,0
55055,WI,Jefferson,6
55057,WI,Juneau,3
55059,WI,Kenosha,9
55061,WI,Kewaunee,4
55063,WI,La Crosse,11
55065,WI,Lafayette,4
55067,WI,Langlade,1
55069,WI,Lincoln,2
55071,WI,Manitowoc,6
55073,WI,Marathon,13
55075,WI,Marinette,7
55077,WI,Marquette,2
55078,WI,Menominee,0
55079,WI,Milwaukee,59
55081,WI,Monroe,6
55083,WI,Oconto,2
55085,WI,Oneida,10
55087,WI,Outagamie,16
55089,WI,Ozaukee,13
55091,WI,Pepin,4
55093,WI,Pierce,1
55095,WI,Polk,6
55097,WI,Portage,5
55099,WI,Price,0
55101,WI,Racine,11
55103,WI,Richland,2
55105,WI,Rock,11
55107,WI,Rusk,1
55109,WI,St. Croix,6
55111,WI,Sauk,14
55113,WI,Sawyer,1
55115,WI,Shawano,3
55117,WI,Sheboygan,9
55119,WI,Taylor,1
55121,WI,Trempealeau,2
55123,WI,Vernon,5
55125,WI,Vilas,3
55127,WI,Walworth,8
55129,WI,Washburn,1
55131,WI,Washington,9
55133,WI,Waukesha,35
55135,WI,Waupaca,1
55137,WI,Waushara,0
55139,WI,Winnebago,19
55141,WI,Wood,6
56001,WY,Albany,4
56003,WY,Big Horn,0
56005,WY,Campbell,2
56007,WY,Carbon,1
56009,WY,Converse,0
56011,WY,Crook,1
56013,WY,Fremont,4
56015,WY,Goshen,2
56017,WY,Hot Springs,0
56019,WY,Johnson,0
56021,WY,Laramie,4
56023,WY,Lincoln,0
56025,WY,Natrona,4
56027,WY,Niobrara,0
56029,WY,Park,4
56031,WY,Platte,0
56033,WY,Sheridan,5
56035,WY,Sublette,0
56037,WY,Sweetwater,1
56039,WY,Teton,8
56041,WY,Uinta,2
56043,WY,Washakie,0
56045,WY,Weston,0
