CountyFIPS,state,county,wics16
01001,AL,Autauga,5
01003,AL,Baldwin,28
01005,AL,Barbour,6
01007,AL,Bibb,5
01009,AL,Blount,8
01011,AL,Bullock,3
01013,AL,Butler,4
01015,AL,Calhoun,20
01017,AL,Chambers,6
01019,AL,Cherokee,4
01021,AL,Chilton,6
01023,AL,Choctaw,3
01025,AL,Clarke,8
01027,AL,Clay,3
01029,AL,Cleburne,4
01031,AL,Coffee,7
01033,AL,Colbert,9
01035,AL,Conecuh,2
01037,AL,Coosa,1
01039,AL,Covington,7
01041,AL,Crenshaw,3
01043,AL,Cullman,12
01045,AL,Dale,6
01047,AL,Dallas,8
01049,AL,DeKalb,11
01051,AL,Elmore,9
01053,AL,Escambia,6
01055,AL,Etowah,14
01057,AL,Fayette,4
01059,AL,Franklin,7
01061,AL,Geneva,7
01063,AL,Greene,2
01065,AL,Hale,2
01067,AL,Henry,4
01069,AL,Houston,22
01071,AL,Jackson,11
01073,AL,Jefferson,79
01075,AL,Lamar,4
01077,AL,Lauderdale,18
01079,AL,Lawrence,4
01081,AL,Lee,16
01083,AL,Limestone,8
01085,AL,Lowndes,2
01087,AL,Macon,4
01089,AL,Madison,44
01091,AL,Marengo,5
01093,AL,Marion,6
01095,AL,Marshall,16
01097,AL,Mobile,55
01099,AL,Monroe,5
01101,AL,Montgomery,25
01103,AL,Morgan,17
01105,AL,Perry,3
01107,AL,Pickens,4
01109,AL,Pike,6
01111,AL,Randolph,4
01113,AL,Russell,11
01115,AL,St. Clair,12
01117,AL,Shelby,26
01119,AL,Sumter,4
01121,AL,Talladega,12
01123,AL,Tallapoosa,8
01125,AL,Tuscaloosa,22
01127,AL,Walker,11
01129,AL,Washington,3
01131,AL,Wilcox,5
01133,AL,Winston,6
02013,AK,Aleutians East,3
02016,AK,Aleutians West,3
02020,AK,Anchorage,24
02050,AK,Bethel,14
02060,AK,Bristol Bay,2
02070,AK,Dillingham,3
02090,AK,Fairbanks North Star,8
02100,AK,Haines,2
02105,AK,Hoonah-Angoon,2
02110,AK,Juneau,5
02122,AK,Kenai Peninsula,11
02130,AK,Ketchikan Gateway,3
02150,AK,Kodiak Island,2
02164,AK,Lake and Peninsula,1
02170,AK,Matanuska-Susitna,6
02180,AK,Nome,15
02185,AK,North Slope,6
02188,AK,Northwest Arctic,13
02195,AK,Petersburg,3
02198,AK,Prince of Wales-Hyder,4
02220,AK,Sitka,3
02240,AK,Southeast Fairbanks,3
02261,AK,Valdez-Cordova,4
02270,AK,Wade Hampton,14
02275,AK,Wrangell,2
02282,AK,Yakutat,2
02290,AK,Yukon-Koyukuk,7
04001,AZ,Apache,27
04003,AZ,Cochise,17
04005,AZ,Coconino,22
04007,AZ,Gila,8
04009,AZ,Graham,5
04011,AZ,Greenlee,1
04012,AZ,La Paz,6
04013,AZ,Maricopa,417
04015,AZ,Mohave,20
04017,AZ,Navajo,24
04019,AZ,Pima,97
04021,AZ,Pinal,31
04023,AZ,Santa Cruz,4
04025,AZ,Yavapai,22
04027,AZ,Yuma,26
05001,AR,Arkansas,4
05003,AR,Ashley,4
05005,AR,Baxter,6
05007,AR,Benton,28
05009,AR,Boone,5
05011,AR,Bradley,1
05015,AR,Carroll,5
05017,AR,Chicot,2
05019,AR,Clark,2
05021,AR,Clay,3
05023,AR,Cleburne,4
05025,AR,Cleveland,1
05027,AR,Columbia,6
05029,AR,Conway,3
05031,AR,Craighead,14
05033,AR,Crawford,8
05035,AR,Crittenden,11
05037,AR,Cross,4
05039,AR,Dallas,1
05041,AR,Desha,3
05043,AR,Drew,2
05045,AR,Faulkner,13
05047,AR,Franklin,4
05049,AR,Fulton,1
05051,AR,Garland,13
05053,AR,Grant,2
05055,AR,Greene,5
05057,AR,Hempstead,4
05059,AR,Hot Spring,4
05061,AR,Howard,2
05063,AR,Independence,5
05065,AR,Izard,4
05067,AR,Jackson,3
05069,AR,Jefferson,9
05071,AR,Johnson,3
05073,AR,Lafayette,1
05075,AR,Lawrence,5
05077,AR,Lee,1
05079,AR,Lincoln,1
05081,AR,Little River,3
05083,AR,Logan,4
05085,AR,Lonoke,8
05087,AR,Madison,2
05089,AR,Marion,4
05091,AR,Miller,5
05093,AR,Mississippi,8
05095,AR,Monroe,2
05097,AR,Montgomery,1
05099,AR,Nevada,1
05101,AR,Newton,1
05103,AR,Ouachita,6
05105,AR,Perry,1
05107,AR,Phillips,3
05109,AR,Pike,2
05111,AR,Poinsett,5
05113,AR,Polk,3
05115,AR,Pope,9
05117,AR,Prairie,2
05119,AR,Pulaski,40
05121,AR,Randolph,2
05123,AR,St. Francis,4
05125,AR,Saline,12
05127,AR,Scott,4
05129,AR,Searcy,2
05131,AR,Sebastian,16
05133,AR,Sevier,3
05135,AR,Sharp,4
05137,AR,Stone,3
05139,AR,Union,6
05141,AR,Van Buren,4
05143,AR,Washington,28
05145,AR,White,13
05147,AR,Woodruff,2
05149,AR,Yell,3
06001,CA,Alameda,145
06005,CA,Amador,9
06007,CA,Butte,23
06009,CA,Calaveras,7
06011,CA,Colusa,7
06013,CA,Contra Costa,95
06015,CA,Del Norte,2
06017,CA,El Dorado,19
06019,CA,Fresno,216
06021,CA,Glenn,6
06023,CA,Humboldt,23
06025,CA,Imperial,31
06027,CA,Inyo,2
06029,CA,Kern,189
06031,CA,Kings,22
06033,CA,Lake,14
06035,CA,Lassen,3
06037,CA,Los Angeles,1188
06039,CA,Madera,29
06041,CA,Marin,16
06043,CA,Mariposa,1
06045,CA,Mendocino,12
06047,CA,Merced,60
06049,CA,Modoc,4
06051,CA,Mono,2
06053,CA,Monterey,66
06055,CA,Napa,18
06057,CA,Nevada,11
06059,CA,Orange,364
06061,CA,Placer,43
06063,CA,Plumas,6
06065,CA,Riverside,244
06067,CA,Sacramento,158
06069,CA,San Benito,8
06071,CA,San Bernardino,232
06073,CA,San Diego,376
06075,CA,San Francisco,42
06077,CA,San Joaquin,80
06079,CA,San Luis Obispo,34
06081,CA,San Mateo,64
06083,CA,Santa Barbara,60
06085,CA,Santa Clara,145
06087,CA,Santa Cruz,27
06089,CA,Shasta,20
06091,CA,Sierra,1
06093,CA,Siskiyou,11
06095,CA,Solano,47
06097,CA,Sonoma,55
06099,CA,Stanislaus,89
06101,CA,Sutter,13
06103,CA,Tehama,6
06105,CA,Trinity,3
06107,CA,Tulare,87
06109,CA,Tuolumne,8
06111,CA,Ventura,122
06113,CA,Yolo,27
06115,CA,Yuba,12
08001,CO,Adams,40
08003,CO,Alamosa,4
08005,CO,Arapahoe,50
08007,CO,Archuleta,3
08009,CO,Baca,2
08011,CO,Bent,1
08013,CO,Boulder,20
08014,CO,Broomfield,5
08015,CO,Chaffee,3
08017,CO,Cheyenne,1
08019,CO,Clear Creek,1
08021,CO,Conejos,2
08023,CO,Costilla,1
08025,CO,Crowley,1
08027,CO,Custer,1
08029,CO,Delta,5
08031,CO,Denver,31
08033,CO,Dolores,1
08035,CO,Douglas,17
08037,CO,Eagle,7
08039,CO,Elbert,2
08041,CO,El Paso,44
08043,CO,Fremont,5
08045,CO,Garfield,7
08049,CO,Grand,3
08051,CO,Gunnison,2
08055,CO,Huerfano,2
08057,CO,Jackson,1
08059,CO,Jefferson,39
08061,CO,Kiowa,1
08063,CO,Kit Carson,3
08065,CO,Lake,1
08067,CO,La Plata,5
08069,CO,Larimer,23
08071,CO,Las Animas,3
08073,CO,Lincoln,2
08075,CO,Logan,3
08077,CO,Mesa,14
08081,CO,Moffat,2
08083,CO,Montezuma,5
08085,CO,Montrose,7
08087,CO,Morgan,5
08089,CO,Otero,5
08091,CO,Ouray,2
08093,CO,Park,1
08095,CO,Phillips,2
08097,CO,Pitkin,1
08099,CO,Prowers,4
08101,CO,Pueblo,16
08103,CO,Rio Blanco,2
08105,CO,Rio Grande,3
08107,CO,Routt,3
08109,CO,Saguache,1
08113,CO,San Miguel,2
08115,CO,Sedgwick,1
08117,CO,Summit,4
08119,CO,Teller,5
08121,CO,Washington,1
08123,CO,Weld,15
08125,CO,Yuma,3
09001,CT,Fairfield,168
09003,CT,Hartford,219
09005,CT,Litchfield,22
09007,CT,Middlesex,18
09009,CT,New Haven,183
09011,CT,New London,43
09013,CT,Tolland,15
09015,CT,Windham,22
10001,DE,Kent,18
10003,DE,New Castle,46
10005,DE,Sussex,22
11001,DC,District of Columbia,34
12001,FL,Alachua,28
12003,FL,Baker,3
12005,FL,Bay,29
12007,FL,Bradford,4
12009,FL,Brevard,54
12011,FL,Broward,185
12013,FL,Calhoun,3
12015,FL,Charlotte,19
12017,FL,Citrus,15
12019,FL,Clay,20
12021,FL,Collier,32
12023,FL,Columbia,7
12027,FL,DeSoto,5
12029,FL,Dixie,3
12031,FL,Duval,99
12033,FL,Escambia,34
12035,FL,Flagler,11
12037,FL,Franklin,4
12039,FL,Gadsden,5
12041,FL,Gilchrist,3
12045,FL,Gulf,3
12047,FL,Hamilton,2
12049,FL,Hardee,7
12051,FL,Hendry,5
12053,FL,Hernando,23
12055,FL,Highlands,11
12057,FL,Hillsborough,146
12059,FL,Holmes,2
12061,FL,Indian River,15
12063,FL,Jackson,8
12065,FL,Jefferson,2
12067,FL,Lafayette,1
12069,FL,Lake,33
12071,FL,Lee,71
12073,FL,Leon,25
12075,FL,Levy,5
12077,FL,Liberty,1
12079,FL,Madison,3
12081,FL,Manatee,32
12083,FL,Marion,38
12085,FL,Martin,19
12086,FL,Miami-Dade,248
12087,FL,Monroe,10
12089,FL,Nassau,9
12091,FL,Okaloosa,24
12093,FL,Okeechobee,5
12095,FL,Orange,121
12097,FL,Osceola,36
12099,FL,Palm Beach,142
12101,FL,Pasco,51
12103,FL,Pinellas,110
12105,FL,Polk,59
12107,FL,Putnam,10
12109,FL,St. Johns,19
12111,FL,St. Lucie,25
12113,FL,Santa Rosa,17
12115,FL,Sarasota,45
12117,FL,Seminole,46
12119,FL,Sumter,12
12121,FL,Suwannee,5
12123,FL,Taylor,4
12125,FL,Union,1
12127,FL,Volusia,58
12129,FL,Wakulla,3
12131,FL,Walton,11
12133,FL,Washington,4
13001,GA,Appling,4
13003,GA,Atkinson,2
13005,GA,Bacon,4
13007,GA,Baker,1
13009,GA,Baldwin,9
13013,GA,Barrow,11
13015,GA,Bartow,9
13017,GA,Ben Hill,4
13019,GA,Berrien,1
13021,GA,Bibb,31
13023,GA,Bleckley,4
13025,GA,Brantley,2
13027,GA,Brooks,2
13029,GA,Bryan,7
13031,GA,Bulloch,9
13033,GA,Burke,5
13035,GA,Butts,3
13037,GA,Calhoun,1
13039,GA,Camden,8
13043,GA,Candler,1
13045,GA,Carroll,17
13047,GA,Catoosa,10
13049,GA,Charlton,1
13051,GA,Chatham,45
13053,GA,Chattahoochee,2
13055,GA,Chattooga,6
13057,GA,Cherokee,30
13059,GA,Clarke,18
13061,GA,Clay,2
13063,GA,Clayton,31
13065,GA,Clinch,1
13067,GA,Cobb,91
13069,GA,Coffee,8
13071,GA,Colquitt,8
13073,GA,Columbia,24
13075,GA,Cook,4
13077,GA,Coweta,17
13079,GA,Crawford,1
13081,GA,Crisp,7
13083,GA,Dade,4
13085,GA,Dawson,5
13087,GA,Decatur,6
13089,GA,DeKalb,90
13091,GA,Dodge,4
13093,GA,Dooly,2
13095,GA,Dougherty,16
13097,GA,Douglas,13
13099,GA,Early,4
13101,GA,Echols,1
13103,GA,Effingham,5
13105,GA,Elbert,4
13107,GA,Emanuel,3
13109,GA,Evans,2
13111,GA,Fannin,7
13113,GA,Fayette,17
13115,GA,Floyd,16
13117,GA,Forsyth,31
13119,GA,Franklin,6
13121,GA,Fulton,121
13123,GA,Gilmer,6
13127,GA,Glynn,16
13129,GA,Gordon,8
13131,GA,Grady,5
13133,GA,Greene,3
13135,GA,Gwinnett,106
13137,GA,Habersham,9
13139,GA,Hall,32
13141,GA,Hancock,1
13143,GA,Haralson,7
13145,GA,Harris,1
13147,GA,Hart,5
13149,GA,Heard,1
13151,GA,Henry,28
13153,GA,Houston,24
13155,GA,Irwin,1
13157,GA,Jackson,10
13159,GA,Jasper,3
13161,GA,Jeff Davis,4
13163,GA,Jefferson,7
13165,GA,Jenkins,1
13167,GA,Johnson,2
13169,GA,Jones,3
13171,GA,Lamar,3
13173,GA,Lanier,2
13175,GA,Laurens,7
13177,GA,Lee,6
13179,GA,Liberty,9
13181,GA,Lincoln,1
13183,GA,Long,1
13185,GA,Lowndes,15
13187,GA,Lumpkin,4
13189,GA,McDuffie,4
13191,GA,McIntosh,2
13193,GA,Macon,4
13195,GA,Madison,3
13197,GA,Marion,3
13199,GA,Meriwether,3
13201,GA,Miller,2
13205,GA,Mitchell,6
13207,GA,Monroe,4
13209,GA,Montgomery,1
13211,GA,Morgan,2
13213,GA,Murray,5
13215,GA,Muscogee,33
13217,GA,Newton,14
13219,GA,Oconee,4
13221,GA,Oglethorpe,1
13223,GA,Paulding,13
13225,GA,Peach,7
13227,GA,Pickens,8
13229,GA,Pierce,2
13231,GA,Pike,1
13233,GA,Polk,8
13235,GA,Pulaski,2
13237,GA,Putnam,4
13241,GA,Rabun,5
13243,GA,Randolph,3
13245,GA,Richmond,27
13247,GA,Rockdale,11
13249,GA,Schley,2
13251,GA,Screven,2
13253,GA,Seminole,3
13255,GA,Spalding,9
13257,GA,Stephens,6
13259,GA,Stewart,2
13261,GA,Sumter,8
13267,GA,Tattnall,2
13269,GA,Taylor,2
13271,GA,Telfair,4
13273,GA,Terrell,3
13275,GA,Thomas,8
13277,GA,Tift,10
13279,GA,Toombs,6
13281,GA,Towns,2
13283,GA,Treutlen,1
13285,GA,Troup,13
13287,GA,Turner,3
13289,GA,Twiggs,1
13291,GA,Union,8
13293,GA,Upson,3
13295,GA,Walker,8
13297,GA,Walton,10
13299,GA,Ware,8
13301,GA,Warren,1
13303,GA,Washington,4
13305,GA,Wayne,3
13309,GA,Wheeler,1
13311,GA,White,4
13313,GA,Whitfield,17
13315,GA,Wilcox,2
13317,GA,Wilkes,3
13319,GA,Wilkinson,1
13321,GA,Worth,4
15001,HI,Hawaii,29
15003,HI,Honolulu,73
15007,HI,Kauai,11
15009,HI,Maui,24
16001,ID,Ada,35
16003,ID,Adams,2
16005,ID,Bannock,12
16007,ID,Bear Lake,2
16009,ID,Benewah,4
16011,ID,Bingham,6
16013,ID,Blaine,4
16015,ID,Boise,2
16017,ID,Bonner,6
16019,ID,Bonneville,9
16021,ID,Boundary,3
16023,ID,Butte,1
16027,ID,Canyon,16
16029,ID,Caribou,3
16031,ID,Cassia,2
16033,ID,Clark,1
16035,ID,Clearwater,5
16037,ID,Custer,3
16039,ID,Elmore,6
16041,ID,Franklin,1
16043,ID,Fremont,2
16045,ID,Gem,1
16047,ID,Gooding,4
16049,ID,Idaho,6
16051,ID,Jefferson,2
16053,ID,Jerome,2
16055,ID,Kootenai,17
16057,ID,Latah,6
16059,ID,Lemhi,1
16061,ID,Lewis,3
16063,ID,Lincoln,2
16065,ID,Madison,4
16067,ID,Minidoka,3
16069,ID,Nez Perce,8
16071,ID,Oneida,1
16073,ID,Owyhee,3
16075,ID,Payette,4
16077,ID,Power,1
16079,ID,Shoshone,6
16081,ID,Teton,1
16083,ID,Twin Falls,11
16085,ID,Valley,3
16087,ID,Washington,2
17001,IL,Adams,11
17003,IL,Alexander,3
17005,IL,Bond,2
17007,IL,Boone,9
17009,IL,Brown,1
17011,IL,Bureau,5
17013,IL,Calhoun,1
17015,IL,Carroll,3
17017,IL,Cass,3
17019,IL,Champaign,33
17021,IL,Christian,10
17023,IL,Clark,4
17025,IL,Clay,4
17027,IL,Clinton,8
17029,IL,Coles,11
17031,IL,Cook,911
17033,IL,Crawford,2
17035,IL,Cumberland,3
17037,IL,DeKalb,13
17039,IL,De Witt,6
17041,IL,Douglas,3
17043,IL,DuPage,145
17045,IL,Edgar,4
17047,IL,Edwards,2
17049,IL,Effingham,7
17051,IL,Fayette,3
17053,IL,Ford,2
17055,IL,Franklin,11
17057,IL,Fulton,7
17061,IL,Greene,5
17063,IL,Grundy,6
17065,IL,Hamilton,2
17067,IL,Hancock,4
17069,IL,Hardin,1
17071,IL,Henderson,2
17073,IL,Henry,12
17075,IL,Iroquois,6
17077,IL,Jackson,12
17079,IL,Jasper,2
17081,IL,Jefferson,7
17083,IL,Jersey,3
17085,IL,Jo Daviess,4
17087,IL,Johnson,2
17089,IL,Kane,74
17091,IL,Kankakee,19
17093,IL,Kendall,16
17095,IL,Knox,9
17097,IL,Lake,123
17099,IL,LaSalle,21
17101,IL,Lawrence,2
17103,IL,Lee,8
17105,IL,Livingston,5
17107,IL,Logan,6
17109,IL,McDonough,7
17111,IL,McHenry,41
17113,IL,McLean,27
17115,IL,Macon,27
17117,IL,Macoupin,10
17119,IL,Madison,63
17121,IL,Marion,9
17123,IL,Marshall,3
17125,IL,Mason,3
17127,IL,Massac,4
17129,IL,Menard,3
17131,IL,Mercer,3
17133,IL,Monroe,6
17135,IL,Montgomery,6
17137,IL,Morgan,7
17139,IL,Moultrie,4
17141,IL,Ogle,7
17143,IL,Peoria,53
17145,IL,Perry,5
17147,IL,Piatt,2
17149,IL,Pike,5
17151,IL,Pope,1
17153,IL,Pulaski,3
17155,IL,Putnam,1
17157,IL,Randolph,5
17159,IL,Richland,5
17161,IL,Rock Island,32
17163,IL,St. Clair,75
17165,IL,Saline,8
17167,IL,Sangamon,55
17169,IL,Schuyler,1
17171,IL,Scott,1
17173,IL,Shelby,5
17175,IL,Stark,1
17177,IL,Stephenson,11
17179,IL,Tazewell,25
17181,IL,Union,6
17183,IL,Vermilion,21
17185,IL,Wabash,3
17187,IL,Warren,5
17189,IL,Washington,4
17191,IL,Wayne,4
17193,IL,White,5
17195,IL,Whiteside,10
17197,IL,Will,102
17199,IL,Williamson,17
17201,IL,Winnebago,64
17203,IL,Woodford,7
18001,IN,Adams,4
18003,IN,Allen,29
18005,IN,Bartholomew,7
18007,IN,Benton,3
18009,IN,Blackford,3
18011,IN,Boone,5
18013,IN,Brown,1
18015,IN,Carroll,3
18017,IN,Cass,7
18019,IN,Clark,9
18021,IN,Clay,3
18023,IN,Clinton,4
18025,IN,Crawford,4
18027,IN,Daviess,5
18029,IN,Dearborn,4
18031,IN,Decatur,4
18033,IN,DeKalb,6
18035,IN,Delaware,11
18037,IN,Dubois,9
18039,IN,Elkhart,18
18041,IN,Fayette,3
18043,IN,Floyd,8
18045,IN,Fountain,5
18047,IN,Franklin,6
18049,IN,Fulton,4
18051,IN,Gibson,6
18053,IN,Grant,9
18055,IN,Greene,7
18057,IN,Hamilton,24
18059,IN,Hancock,5
18061,IN,Harrison,3
18063,IN,Hendricks,15
18065,IN,Henry,7
18067,IN,Howard,7
18069,IN,Huntington,3
18071,IN,Jackson,6
18073,IN,Jasper,8
18075,IN,Jay,3
18077,IN,Jefferson,5
18079,IN,Jennings,3
18081,IN,Johnson,9
18083,IN,Knox,4
18085,IN,Kosciusko,8
18087,IN,LaGrange,3
18089,IN,Lake,48
18091,IN,LaPorte,10
18093,IN,Lawrence,6
18095,IN,Madison,14
18097,IN,Marion,85
18099,IN,Marshall,5
18101,IN,Martin,4
18103,IN,Miami,3
18105,IN,Monroe,9
18107,IN,Montgomery,4
18109,IN,Morgan,7
18111,IN,Newton,1
18113,IN,Noble,6
18115,IN,Ohio,1
18117,IN,Orange,3
18119,IN,Owen,4
18121,IN,Parke,2
18123,IN,Perry,3
18125,IN,Pike,1
18127,IN,Porter,13
18129,IN,Posey,4
18131,IN,Pulaski,2
18133,IN,Putnam,3
18135,IN,Randolph,2
18137,IN,Ripley,5
18139,IN,Rush,2
18141,IN,St. Joseph,22
18143,IN,Scott,4
18145,IN,Shelby,3
18147,IN,Spencer,3
18149,IN,Starke,4
18151,IN,Steuben,6
18153,IN,Sullivan,3
18155,IN,Switzerland,2
18157,IN,Tippecanoe,11
18159,IN,Tipton,1
18161,IN,Union,2
18163,IN,Vanderburgh,27
18165,IN,Vermillion,3
18167,IN,Vigo,8
18169,IN,Wabash,5
18171,IN,Warren,2
18173,IN,Warrick,7
18175,IN,Washington,4
18177,IN,Wayne,7
18179,IN,Wells,3
18181,IN,White,2
18183,IN,Whitley,3
19001,IA,Adair,3
19003,IA,Adams,1
19005,IA,Allamakee,4
19007,IA,Appanoose,3
19009,IA,Audubon,1
19011,IA,Benton,3
19013,IA,Black Hawk,24
19015,IA,Boone,6
19017,IA,Bremer,7
19019,IA,Buchanan,5
19021,IA,Buena Vista,5
19023,IA,Butler,5
19025,IA,Calhoun,3
19027,IA,Carroll,9
19029,IA,Cass,6
19031,IA,Cedar,4
19033,IA,Cerro Gordo,10
19035,IA,Cherokee,4
19037,IA,Chickasaw,2
19039,IA,Clarke,3
19041,IA,Clay,4
19043,IA,Clayton,6
19045,IA,Clinton,9
19047,IA,Crawford,3
19049,IA,Dallas,11
19051,IA,Davis,1
19053,IA,Decatur,2
19055,IA,Delaware,3
19057,IA,Des Moines,7
19059,IA,Dickinson,5
19061,IA,Dubuque,19
19063,IA,Emmet,2
19065,IA,Fayette,6
19067,IA,Floyd,3
19069,IA,Franklin,2
19071,IA,Fremont,3
19073,IA,Greene,2
19075,IA,Grundy,3
19077,IA,Guthrie,2
19079,IA,Hamilton,4
19081,IA,Hancock,3
19083,IA,Hardin,7
19085,IA,Harrison,4
19087,IA,Henry,3
19089,IA,Howard,1
19091,IA,Humboldt,2
19093,IA,Ida,2
19095,IA,Iowa,3
19097,IA,Jackson,5
19099,IA,Jasper,9
19101,IA,Jefferson,2
19103,IA,Johnson,20
19105,IA,Jones,5
19107,IA,Keokuk,2
19109,IA,Kossuth,5
19111,IA,Lee,9
19113,IA,Linn,38
19115,IA,Louisa,2
19117,IA,Lucas,1
19119,IA,Lyon,5
19121,IA,Madison,3
19123,IA,Mahaska,5
19125,IA,Marion,9
19127,IA,Marshall,6
19129,IA,Mills,4
19131,IA,Mitchell,4
19133,IA,Monona,3
19135,IA,Monroe,2
19137,IA,Montgomery,4
19139,IA,Muscatine,9
19141,IA,O'Brien,8
19143,IA,Osceola,1
19145,IA,Page,4
19147,IA,Palo Alto,4
19149,IA,Plymouth,6
19151,IA,Pocahontas,3
19153,IA,Polk,77
19155,IA,Pottawattamie,18
19157,IA,Poweshiek,6
19159,IA,Ringgold,2
19161,IA,Sac,4
19163,IA,Scott,28
19165,IA,Shelby,3
19167,IA,Sioux,8
19169,IA,Story,13
19171,IA,Tama,4
19173,IA,Taylor,2
19175,IA,Union,4
19177,IA,Van Buren,4
19179,IA,Wapello,9
19181,IA,Warren,7
19183,IA,Washington,5
19185,IA,Wayne,2
19187,IA,Webster,9
19189,IA,Winnebago,5
19191,IA,Winneshiek,5
19193,IA,Woodbury,20
19195,IA,Worth,2
19197,IA,Wright,4
20001,KS,Allen,3
20003,KS,Anderson,1
20005,KS,Atchison,2
20007,KS,Barber,2
20009,KS,Barton,6
20011,KS,Bourbon,3
20013,KS,Brown,2
20015,KS,Butler,6
20017,KS,Chase,1
20019,KS,Chautauqua,2
20021,KS,Cherokee,4
20023,KS,Cheyenne,1
20025,KS,Clark,1
20027,KS,Clay,2
20029,KS,Cloud,3
20031,KS,Coffey,2
20033,KS,Comanche,1
20035,KS,Cowley,6
20037,KS,Crawford,5
20039,KS,Decatur,1
20041,KS,Dickinson,3
20043,KS,Doniphan,2
20045,KS,Douglas,12
20047,KS,Edwards,1
20049,KS,Elk,2
20051,KS,Ellis,4
20053,KS,Ellsworth,2
20055,KS,Finney,4
20057,KS,Ford,3
20059,KS,Franklin,3
20061,KS,Geary,4
20063,KS,Gove,1
20065,KS,Graham,1
20067,KS,Grant,1
20069,KS,Gray,2
20071,KS,Greeley,1
20073,KS,Greenwood,2
20075,KS,Hamilton,1
20077,KS,Harper,3
20079,KS,Harvey,5
20081,KS,Haskell,2
20083,KS,Hodgeman,1
20085,KS,Jackson,4
20087,KS,Jefferson,5
20089,KS,Jewell,2
20091,KS,Johnson,38
20093,KS,Kearny,1
20095,KS,Kingman,1
20097,KS,Kiowa,1
20099,KS,Labette,5
20101,KS,Lane,2
20103,KS,Leavenworth,6
20105,KS,Lincoln,1
20107,KS,Linn,3
20109,KS,Logan,1
20111,KS,Lyon,4
20113,KS,McPherson,5
20115,KS,Marion,4
20117,KS,Marshall,3
20119,KS,Meade,1
20121,KS,Miami,5
20123,KS,Mitchell,2
20125,KS,Montgomery,6
20127,KS,Morris,1
20129,KS,Morton,1
20131,KS,Nemaha,3
20133,KS,Neosho,4
20135,KS,Ness,1
20137,KS,Norton,2
20139,KS,Osage,3
20141,KS,Osborne,2
20143,KS,Ottawa,1
20145,KS,Pawnee,1
20147,KS,Phillips,2
20149,KS,Pottawatomie,5
20151,KS,Pratt,2
20153,KS,Rawlins,1
20155,KS,Reno,5
20157,KS,Republic,1
20159,KS,Rice,3
20161,KS,Riley,3
20163,KS,Rooks,2
20165,KS,Rush,2
20167,KS,Russell,2
20169,KS,Saline,5
20171,KS,Scott,1
20173,KS,Sedgwick,46
20175,KS,Seward,4
20177,KS,Shawnee,18
20179,KS,Sheridan,1
20181,KS,Sherman,1
20183,KS,Smith,1
20185,KS,Stafford,2
20187,KS,Stanton,1
20189,KS,Stevens,2
20191,KS,Sumner,4
20193,KS,Thomas,2
20195,KS,Trego,1
20199,KS,Wallace,1
20201,KS,Washington,3
20203,KS,Wichita,1
20205,KS,Wilson,2
20207,KS,Woodson,1
20209,KS,Wyandotte,17
21001,KY,Adair,4
21003,KY,Allen,3
21005,KY,Anderson,3
21007,KY,Ballard,2
21009,KY,Barren,9
21011,KY,Bath,1
21013,KY,Bell,9
21015,KY,Boone,14
21017,KY,Bourbon,3
21019,KY,Boyd,6
21021,KY,Boyle,4
21023,KY,Bracken,2
21025,KY,Breathitt,5
21027,KY,Breckinridge,4
21029,KY,Bullitt,7
21031,KY,Butler,4
21033,KY,Caldwell,2
21035,KY,Calloway,4
21037,KY,Campbell,13
21039,KY,Carlisle,3
21041,KY,Carroll,3
21043,KY,Carter,6
21045,KY,Casey,3
21047,KY,Christian,12
21049,KY,Clark,6
21051,KY,Clay,9
21053,KY,Clinton,2
21055,KY,Crittenden,2
21057,KY,Cumberland,2
21059,KY,Daviess,12
21061,KY,Edmonson,2
21063,KY,Elliott,3
21065,KY,Estill,5
21067,KY,Fayette,28
21069,KY,Fleming,3
21071,KY,Floyd,12
21073,KY,Franklin,8
21075,KY,Fulton,5
21077,KY,Gallatin,3
21079,KY,Garrard,1
21081,KY,Grant,4
21083,KY,Graves,6
21085,KY,Grayson,4
21087,KY,Green,1
21089,KY,Greenup,6
21091,KY,Hancock,2
21093,KY,Hardin,14
21095,KY,Harlan,11
21097,KY,Harrison,4
21099,KY,Hart,4
21101,KY,Henderson,7
21103,KY,Henry,2
21105,KY,Hickman,1
21107,KY,Hopkins,6
21109,KY,Jackson,4
21111,KY,Jefferson,106
21113,KY,Jessamine,8
21115,KY,Johnson,4
21117,KY,Kenton,13
21119,KY,Knott,6
21121,KY,Knox,13
21123,KY,Larue,3
21125,KY,Laurel,11
21127,KY,Lawrence,5
21129,KY,Lee,3
21131,KY,Leslie,6
21133,KY,Letcher,7
21135,KY,Lewis,7
21137,KY,Lincoln,7
21139,KY,Livingston,1
21141,KY,Logan,6
21143,KY,Lyon,1
21145,KY,McCracken,11
21147,KY,McCreary,6
21149,KY,McLean,3
21151,KY,Madison,6
21153,KY,Magoffin,5
21155,KY,Marion,6
21157,KY,Marshall,7
21159,KY,Martin,5
21161,KY,Mason,4
21163,KY,Meade,2
21165,KY,Menifee,1
21167,KY,Mercer,3
21169,KY,Metcalfe,2
21171,KY,Monroe,5
21173,KY,Montgomery,5
21175,KY,Morgan,3
21177,KY,Muhlenberg,6
21179,KY,Nelson,5
21181,KY,Nicholas,1
21183,KY,Ohio,2
21185,KY,Oldham,4
21187,KY,Owen,2
21189,KY,Owsley,3
21191,KY,Pendleton,2
21193,KY,Perry,7
21195,KY,Pike,23
21197,KY,Powell,3
21199,KY,Pulaski,9
21201,KY,Robertson,1
21203,KY,Rockcastle,3
21205,KY,Rowan,4
21207,KY,Russell,3
21209,KY,Scott,5
21211,KY,Shelby,4
21213,KY,Simpson,3
21215,KY,Spencer,1
21217,KY,Taylor,4
21219,KY,Todd,2
21221,KY,Trigg,2
21223,KY,Trimble,1
21225,KY,Union,4
21227,KY,Warren,13
21229,KY,Washington,2
21231,KY,Wayne,3
21233,KY,Webster,4
21235,KY,Whitley,15
21237,KY,Wolfe,3
21239,KY,Woodford,2
22001,LA,Acadia,12
22003,LA,Allen,4
22005,LA,Ascension,13
22007,LA,Assumption,2
22009,LA,Avoyelles,4
22011,LA,Beauregard,3
22013,LA,Bienville,3
22015,LA,Bossier,11
22017,LA,Caddo,28
22019,LA,Calcasieu,23
22021,LA,Caldwell,1
22025,LA,Catahoula,1
22027,LA,Claiborne,3
22029,LA,Concordia,5
22031,LA,De Soto,3
22033,LA,East Baton Rouge,60
22035,LA,East Carroll,1
22037,LA,East Feliciana,2
22039,LA,Evangeline,3
22041,LA,Franklin,4
22043,LA,Grant,1
22045,LA,Iberia,12
22047,LA,Iberville,4
22049,LA,Jackson,3
22051,LA,Jefferson,36
22053,LA,Jefferson Davis,6
22055,LA,Lafayette,21
22057,LA,Lafourche,13
22059,LA,La Salle,3
22061,LA,Lincoln,3
22063,LA,Livingston,11
22065,LA,Madison,2
22067,LA,Morehouse,4
22069,LA,Natchitoches,5
22071,LA,Orleans,51
22073,LA,Ouachita,14
22075,LA,Plaquemines,4
22077,LA,Pointe Coupee,5
22079,LA,Rapides,15
22081,LA,Red River,1
22083,LA,Richland,3
22085,LA,Sabine,5
22087,LA,St. Bernard,5
22089,LA,St. Charles,5
22091,LA,St. Helena,2
22093,LA,St. James,3
22095,LA,St. John the Baptist,5
22097,LA,St. Landry,19
22099,LA,St. Martin,10
22101,LA,St. Mary,9
22103,LA,St. Tammany,26
22105,LA,Tangipahoa,15
22107,LA,Tensas,2
22109,LA,Terrebonne,13
22111,LA,Union,5
22113,LA,Vermilion,8
22115,LA,Vernon,3
22117,LA,Washington,7
22119,LA,Webster,8
22121,LA,West Baton Rouge,4
22123,LA,West Carroll,3
22125,LA,West Feliciana,2
22127,LA,Winn,3
23001,ME,Androscoggin,23
23003,ME,Aroostook,29
23005,ME,Cumberland,37
23007,ME,Franklin,10
23009,ME,Hancock,14
23011,ME,Kennebec,19
23013,ME,Knox,6
23015,ME,Lincoln,5
23017,ME,Oxford,7
23019,ME,Penobscot,24
23021,ME,Piscataquis,6
23023,ME,Sagadahoc,3
23025,ME,Somerset,13
23027,ME,Waldo,8
23029,ME,Washington,15
23031,ME,York,26
24001,MD,Allegany,11
24003,MD,Anne Arundel,62
24005,MD,Baltimore,95
24009,MD,Calvert,11
24011,MD,Caroline,6
24013,MD,Carroll,27
24015,MD,Cecil,8
24017,MD,Charles,22
24019,MD,Dorchester,4
24021,MD,Frederick,31
24023,MD,Garrett,6
24025,MD,Harford,30
24027,MD,Howard,28
24029,MD,Kent,4
24031,MD,Montgomery,106
24033,MD,Prince George's,120
24035,MD,Queen Anne's,5
24037,MD,St. Mary's,14
24039,MD,Somerset,2
24041,MD,Talbot,9
24043,MD,Washington,23
24045,MD,Wicomico,10
24047,MD,Worcester,10
24510,MD,Baltimore,233
25001,MA,Barnstable,34
25003,MA,Berkshire,21
25005,MA,Bristol,92
25007,MA,Dukes,3
25009,MA,Essex,141
25011,MA,Franklin,7
25013,MA,Hampden,113
25015,MA,Hampshire,16
25017,MA,Middlesex,152
25019,MA,Nantucket,2
25021,MA,Norfolk,53
25023,MA,Plymouth,60
25025,MA,Suffolk,166
25027,MA,Worcester,133
26001,MI,Alcona,2
26003,MI,Alger,4
26005,MI,Allegan,17
26007,MI,Alpena,4
26009,MI,Antrim,3
26011,MI,Arenac,2
26013,MI,Baraga,2
26015,MI,Barry,8
26017,MI,Bay,15
26019,MI,Benzie,5
26021,MI,Berrien,33
26023,MI,Branch,6
26025,MI,Calhoun,28
26027,MI,Cass,8
26029,MI,Charlevoix,1
26031,MI,Cheboygan,3
26033,MI,Chippewa,13
26035,MI,Clare,5
26037,MI,Clinton,7
26041,MI,Delta,10
26043,MI,Dickinson,7
26045,MI,Eaton,14
26047,MI,Emmet,2
26049,MI,Genesee,93
26051,MI,Gladwin,4
26053,MI,Gogebic,3
26055,MI,Grand Traverse,17
26057,MI,Gratiot,11
26059,MI,Hillsdale,7
26061,MI,Houghton,6
26063,MI,Huron,8
26065,MI,Ingham,47
26067,MI,Ionia,9
26069,MI,Iosco,4
26071,MI,Iron,3
26073,MI,Isabella,3
26075,MI,Jackson,28
26077,MI,Kalamazoo,44
26079,MI,Kalkaska,2
26081,MI,Kent,118
26085,MI,Lake,4
26087,MI,Lapeer,10
26089,MI,Leelanau,5
26091,MI,Lenawee,13
26093,MI,Livingston,22
26095,MI,Luce,3
26097,MI,Mackinac,5
26099,MI,Macomb,134
26101,MI,Manistee,5
26103,MI,Marquette,7
26105,MI,Mason,2
26107,MI,Mecosta,5
26109,MI,Menominee,6
26111,MI,Midland,5
26113,MI,Missaukee,3
26115,MI,Monroe,22
26117,MI,Montcalm,11
26119,MI,Montmorency,2
26121,MI,Muskegon,40
26123,MI,Newaygo,7
26125,MI,Oakland,190
26127,MI,Oceana,4
26129,MI,Ogemaw,1
26131,MI,Ontonagon,3
26133,MI,Osceola,4
26135,MI,Oscoda,1
26137,MI,Otsego,1
26139,MI,Ottawa,26
26141,MI,Presque Isle,3
26145,MI,Saginaw,45
26147,MI,St. Clair,38
26149,MI,St. Joseph,11
26151,MI,Sanilac,16
26153,MI,Schoolcraft,2
26155,MI,Shiawassee,10
26157,MI,Tuscola,12
26159,MI,Van Buren,20
26161,MI,Washtenaw,49
26163,MI,Wayne,485
26165,MI,Wexford,3
27001,MN,Aitkin,5
27003,MN,Anoka,50
27005,MN,Becker,10
27007,MN,Beltrami,18
27009,MN,Benton,7
27011,MN,Big Stone,3
27013,MN,Blue Earth,15
27015,MN,Brown,5
27017,MN,Carlton,10
27019,MN,Carver,13
27021,MN,Cass,10
27023,MN,Chippewa,6
27025,MN,Chisago,5
27027,MN,Clay,11
27029,MN,Clearwater,4
27031,MN,Cook,4
27033,MN,Cottonwood,5
27035,MN,Crow Wing,12
27037,MN,Dakota,63
27039,MN,Dodge,3
27041,MN,Douglas,9
27043,MN,Faribault,3
27045,MN,Fillmore,5
27047,MN,Freeborn,3
27049,MN,Goodhue,11
27051,MN,Grant,3
27053,MN,Hennepin,265
27055,MN,Houston,4
27057,MN,Hubbard,5
27059,MN,Isanti,6
27061,MN,Itasca,13
27063,MN,Jackson,2
27065,MN,Kanabec,1
27067,MN,Kandiyohi,11
27069,MN,Kittson,5
27071,MN,Koochiching,6
27073,MN,Lac qui Parle,2
27075,MN,Lake,2
27077,MN,Lake of the Woods,2
27079,MN,Le Sueur,5
27081,MN,Lincoln,4
27083,MN,Lyon,8
27085,MN,McLeod,5
27087,MN,Mahnomen,4
27089,MN,Marshall,7
27091,MN,Martin,5
27093,MN,Meeker,4
27095,MN,Mille Lacs,6
27097,MN,Morrison,11
27099,MN,Mower,7
27101,MN,Murray,2
27103,MN,Nicollet,2
27105,MN,Nobles,5
27107,MN,Norman,4
27109,MN,Olmsted,23
27111,MN,Otter Tail,14
27113,MN,Pennington,3
27115,MN,Pine,6
27117,MN,Pipestone,5
27119,MN,Polk,11
27121,MN,Pope,2
27123,MN,Ramsey,159
27125,MN,Red Lake,2
27127,MN,Redwood,7
27129,MN,Renville,5
27131,MN,Rice,11
27133,MN,Rock,1
27135,MN,Roseau,5
27137,MN,St. Louis,38
27139,MN,Scott,14
27141,MN,Sherburne,7
27143,MN,Sibley,4
27145,MN,Stearns,33
27147,MN,Steele,9
27149,MN,Stevens,1
27151,MN,Swift,3
27153,MN,Todd,7
27155,MN,Traverse,2
27157,MN,Wabasha,4
27159,MN,Wadena,5
27161,MN,Waseca,3
27163,MN,Washington,27
27165,MN,Watonwan,3
27167,MN,Wilkin,1
27169,MN,Winona,5
27171,MN,Wright,18
27173,MN,Yellow Medicine,3
28047,MS,Harrison,1
28049,MS,Hinds,2
28067,MS,Jones,1
28079,MS,Leake,1
28099,MS,Neshoba,2
28101,MS,Newton,2
28153,MS,Wayne,1
29001,MO,Adair,2
29003,MO,Andrew,2
29005,MO,Atchison,2
29007,MO,Audrain,4
29009,MO,Barry,9
29011,MO,Barton,2
29013,MO,Bates,4
29015,MO,Benton,3
29017,MO,Bollinger,1
29019,MO,Boone,19
29021,MO,Buchanan,10
29023,MO,Butler,10
29025,MO,Caldwell,3
29027,MO,Callaway,4
29029,MO,Camden,9
29031,MO,Cape Girardeau,8
29033,MO,Carroll,1
29035,MO,Carter,2
29037,MO,Cass,9
29039,MO,Cedar,2
29041,MO,Chariton,2
29043,MO,Christian,10
29045,MO,Clark,2
29047,MO,Clay,22
29049,MO,Clinton,4
29051,MO,Cole,10
29053,MO,Cooper,2
29055,MO,Crawford,4
29057,MO,Dade,2
29059,MO,Dallas,2
29061,MO,Daviess,2
29063,MO,DeKalb,2
29065,MO,Dent,2
29067,MO,Douglas,2
29069,MO,Dunklin,8
29071,MO,Franklin,12
29073,MO,Gasconade,4
29075,MO,Gentry,3
29077,MO,Greene,32
29079,MO,Grundy,2
29081,MO,Harrison,2
29083,MO,Henry,3
29085,MO,Hickory,2
29087,MO,Holt,2
29089,MO,Howard,2
29091,MO,Howell,7
29093,MO,Iron,3
29095,MO,Jackson,57
29097,MO,Jasper,14
29099,MO,Jefferson,16
29101,MO,Johnson,5
29103,MO,Knox,1
29105,MO,Laclede,4
29107,MO,Lafayette,6
29109,MO,Lawrence,7
29111,MO,Lewis,2
29113,MO,Lincoln,4
29115,MO,Linn,3
29117,MO,Livingston,3
29119,MO,McDonald,7
29121,MO,Macon,3
29123,MO,Madison,4
29125,MO,Maries,1
29127,MO,Marion,5
29129,MO,Mercer,1
29131,MO,Miller,4
29133,MO,Mississippi,4
29135,MO,Moniteau,3
29137,MO,Monroe,2
29139,MO,Montgomery,2
29141,MO,Morgan,4
29143,MO,New Madrid,5
29145,MO,Newton,5
29147,MO,Nodaway,2
29149,MO,Oregon,3
29151,MO,Osage,2
29153,MO,Ozark,2
29155,MO,Pemiscot,4
29157,MO,Perry,3
29159,MO,Pettis,5
29161,MO,Phelps,4
29163,MO,Pike,3
29165,MO,Platte,7
29167,MO,Polk,2
29169,MO,Pulaski,6
29171,MO,Putnam,2
29173,MO,Ralls,2
29175,MO,Randolph,3
29177,MO,Ray,1
29179,MO,Reynolds,1
29181,MO,Ripley,2
29183,MO,St. Charles,30
29185,MO,St. Clair,3
29186,MO,Ste. Genevieve,1
29187,MO,St. Francois,10
29189,MO,St. Louis,85
29195,MO,Saline,4
29199,MO,Scotland,1
29201,MO,Scott,7
29203,MO,Shannon,2
29205,MO,Shelby,2
29207,MO,Stoddard,8
29209,MO,Stone,4
29211,MO,Sullivan,2
29213,MO,Taney,8
29215,MO,Texas,4
29217,MO,Vernon,2
29219,MO,Warren,3
29221,MO,Washington,3
29223,MO,Wayne,1
29225,MO,Webster,4
29227,MO,Worth,1
29229,MO,Wright,5
29510,MO,St. Louis,21
30001,MT,Beaverhead,2
30003,MT,Big Horn,4
30005,MT,Blaine,4
30007,MT,Broadwater,1
30009,MT,Carbon,4
30013,MT,Cascade,11
30015,MT,Chouteau,3
30017,MT,Custer,3
30019,MT,Daniels,1
30021,MT,Dawson,2
30023,MT,Deer Lodge,2
30027,MT,Fergus,1
30029,MT,Flathead,14
30031,MT,Gallatin,11
30033,MT,Garfield,1
30035,MT,Glacier,3
30039,MT,Granite,1
30041,MT,Hill,3
30043,MT,Jefferson,2
30045,MT,Judith Basin,1
30047,MT,Lake,8
30049,MT,Lewis and Clark,10
30051,MT,Liberty,1
30053,MT,Lincoln,6
30055,MT,McCone,1
30057,MT,Madison,3
30059,MT,Meagher,2
30061,MT,Mineral,1
30063,MT,Missoula,14
30065,MT,Musselshell,2
30067,MT,Park,2
30069,MT,Petroleum,1
30071,MT,Phillips,2
30073,MT,Pondera,2
30075,MT,Powder River,1
30077,MT,Powell,2
30079,MT,Prairie,1
30081,MT,Ravalli,9
30083,MT,Richland,6
30085,MT,Roosevelt,3
30087,MT,Rosebud,5
30089,MT,Sanders,6
30091,MT,Sheridan,1
30093,MT,Silver Bow,5
30095,MT,Stillwater,2
30097,MT,Sweet Grass,1
30099,MT,Teton,2
30101,MT,Toole,1
30105,MT,Valley,3
30107,MT,Wheatland,1
30109,MT,Wibaux,1
30111,MT,Yellowstone,13
31001,NE,Adams,5
31003,NE,Antelope,3
31011,NE,Boone,5
31013,NE,Box Butte,2
31015,NE,Boyd,2
31017,NE,Brown,3
31019,NE,Buffalo,11
31021,NE,Burt,4
31023,NE,Butler,2
31025,NE,Cass,5
31027,NE,Cedar,4
31029,NE,Chase,3
31031,NE,Cherry,3
31033,NE,Cheyenne,3
31035,NE,Clay,4
31037,NE,Colfax,2
31039,NE,Cuming,4
31041,NE,Custer,5
31043,NE,Dakota,3
31045,NE,Dawes,3
31047,NE,Dawson,4
31049,NE,Deuel,2
31053,NE,Dodge,7
31055,NE,Douglas,83
31057,NE,Dundy,1
31059,NE,Fillmore,1
31061,NE,Franklin,1
31063,NE,Frontier,1
31065,NE,Furnas,4
31067,NE,Gage,5
31069,NE,Garden,1
31071,NE,Garfield,1
31073,NE,Gosper,1
31077,NE,Greeley,2
31079,NE,Hall,8
31081,NE,Hamilton,1
31083,NE,Harlan,1
31089,NE,Holt,7
31091,NE,Hooker,1
31093,NE,Howard,1
31095,NE,Jefferson,2
31097,NE,Johnson,1
31099,NE,Kearney,1
31101,NE,Keith,4
31103,NE,Keya Paha,1
31105,NE,Kimball,1
31107,NE,Knox,8
31109,NE,Lancaster,39
31111,NE,Lincoln,9
31119,NE,Madison,7
31121,NE,Merrick,2
31123,NE,Morrill,3
31125,NE,Nance,1
31127,NE,Nemaha,2
31129,NE,Nuckolls,1
31131,NE,Otoe,2
31133,NE,Pawnee,1
31135,NE,Perkins,1
31137,NE,Phelps,3
31139,NE,Pierce,3
31141,NE,Platte,5
31143,NE,Polk,3
31145,NE,Red Willow,4
31147,NE,Richardson,2
31149,NE,Rock,1
31151,NE,Saline,3
31153,NE,Sarpy,17
31155,NE,Saunders,3
31157,NE,Scotts Bluff,7
31159,NE,Seward,4
31161,NE,Sheridan,4
31163,NE,Sherman,1
31167,NE,Stanton,1
31169,NE,Thayer,2
31171,NE,Thomas,1
31173,NE,Thurston,5
31175,NE,Valley,3
31177,NE,Washington,3
31179,NE,Wayne,2
31181,NE,Webster,1
31185,NE,York,4
32001,NV,Churchill,3
32003,NV,Clark,140
32005,NV,Douglas,5
32007,NV,Elko,10
32013,NV,Humboldt,3
32015,NV,Lander,2
32017,NV,Lincoln,3
32019,NV,Lyon,5
32021,NV,Mineral,1
32023,NV,Nye,4
32027,NV,Pershing,1
32031,NV,Washoe,34
32033,NV,White Pine,1
32510,NV,Carson City,6
33001,NH,Belknap,10
33003,NH,Carroll,10
33005,NH,Cheshire,11
33007,NH,Coos,7
33009,NH,Grafton,19
33011,NH,Hillsborough,47
33013,NH,Merrimack,20
33015,NH,Rockingham,35
33017,NH,Strafford,15
33019,NH,Sullivan,6
34001,NJ,Atlantic,31
34003,NJ,Bergen,58
34005,NJ,Burlington,30
34007,NJ,Camden,74
34009,NJ,Cape May,15
34011,NJ,Cumberland,34
34013,NJ,Essex,122
34015,NJ,Gloucester,19
34017,NJ,Hudson,94
34019,NJ,Hunterdon,8
34021,NJ,Mercer,51
34023,NJ,Middlesex,83
34025,NJ,Monmouth,56
34027,NJ,Morris,34
34029,NJ,Ocean,57
34031,NJ,Passaic,92
34033,NJ,Salem,8
34035,NJ,Somerset,24
34037,NJ,Sussex,10
34039,NJ,Union,62
34041,NJ,Warren,11
35001,NM,Bernalillo,57
35005,NM,Chaves,7
35006,NM,Cibola,6
35007,NM,Colfax,4
35009,NM,Curry,7
35011,NM,De Baca,1
35013,NM,DoÃ±a Ana,21
35015,NM,Eddy,6
35017,NM,Grant,4
35019,NM,Guadalupe,1
35023,NM,Hidalgo,2
35025,NM,Lea,8
35027,NM,Lincoln,5
35028,NM,Los Alamos,2
35029,NM,Luna,3
35031,NM,McKinley,22
35035,NM,Otero,7
35037,NM,Quay,2
35039,NM,Rio Arriba,4
35041,NM,Roosevelt,2
35043,NM,Sandoval,14
35045,NM,San Juan,21
35047,NM,San Miguel,3
35049,NM,Santa Fe,13
35051,NM,Sierra,3
35053,NM,Socorro,4
35055,NM,Taos,6
35057,NM,Torrance,3
35059,NM,Union,1
35061,NM,Valencia,8
36001,NY,Albany,36
36003,NY,Allegany,8
36005,NY,Bronx,656
36007,NY,Broome,19
36009,NY,Cattaraugus,12
36011,NY,Cayuga,11
36013,NY,Chautauqua,23
36015,NY,Chemung,12
36017,NY,Chenango,8
36019,NY,Clinton,12
36021,NY,Columbia,10
36023,NY,Cortland,8
36025,NY,Delaware,9
36027,NY,Dutchess,28
36029,NY,Erie,107
36031,NY,Essex,8
36033,NY,Franklin,7
36035,NY,Fulton,7
36037,NY,Genesee,5
36039,NY,Greene,8
36041,NY,Hamilton,1
36043,NY,Herkimer,6
36045,NY,Jefferson,23
36047,NY,Kings,869
36049,NY,Lewis,4
36051,NY,Livingston,9
36053,NY,Madison,8
36055,NY,Monroe,70
36057,NY,Montgomery,8
36059,NY,Nassau,122
36061,NY,New York,241
36063,NY,Niagara,28
36065,NY,Oneida,33
36067,NY,Onondaga,70
36069,NY,Ontario,16
36071,NY,Orange,58
36073,NY,Orleans,5
36075,NY,Oswego,20
36077,NY,Otsego,9
36079,NY,Putnam,7
36081,NY,Queens,540
36083,NY,Rensselaer,16
36085,NY,Richmond,83
36087,NY,Rockland,47
36089,NY,St. Lawrence,17
36091,NY,Saratoga,19
36093,NY,Schenectady,19
36095,NY,Schoharie,4
36097,NY,Schuyler,2
36099,NY,Seneca,4
36101,NY,Steuben,14
36103,NY,Suffolk,148
36105,NY,Sullivan,10
36107,NY,Tioga,7
36109,NY,Tompkins,11
36111,NY,Ulster,17
36113,NY,Warren,15
36115,NY,Washington,6
36117,NY,Wayne,11
36119,NY,Westchester,176
36121,NY,Wyoming,5
36123,NY,Yates,2
37001,NC,Alamance,38
37003,NC,Alexander,4
37005,NC,Alleghany,3
37007,NC,Anson,9
37009,NC,Ashe,7
37011,NC,Avery,7
37013,NC,Beaufort,9
37015,NC,Bertie,3
37017,NC,Bladen,6
37019,NC,Brunswick,27
37021,NC,Buncombe,44
37023,NC,Burke,20
37025,NC,Cabarrus,46
37027,NC,Caldwell,15
37029,NC,Camden,1
37031,NC,Carteret,14
37033,NC,Caswell,5
37035,NC,Catawba,41
37037,NC,Chatham,16
37039,NC,Cherokee,7
37041,NC,Chowan,5
37043,NC,Clay,2
37045,NC,Cleveland,25
37047,NC,Columbus,19
37049,NC,Craven,18
37051,NC,Cumberland,61
37053,NC,Currituck,3
37055,NC,Dare,12
37057,NC,Davidson,30
37059,NC,Davie,7
37061,NC,Duplin,12
37063,NC,Durham,56
37065,NC,Edgecombe,17
37067,NC,Forsyth,96
37069,NC,Franklin,10
37071,NC,Gaston,40
37073,NC,Gates,2
37075,NC,Graham,2
37077,NC,Granville,16
37079,NC,Greene,5
37081,NC,Guilford,106
37083,NC,Halifax,24
37085,NC,Harnett,22
37087,NC,Haywood,9
37089,NC,Henderson,17
37091,NC,Hertford,9
37093,NC,Hoke,9
37095,NC,Hyde,1
37097,NC,Iredell,35
37099,NC,Jackson,9
37101,NC,Johnston,34
37103,NC,Jones,4
37105,NC,Lee,14
37107,NC,Lenoir,13
37109,NC,Lincoln,13
37111,NC,McDowell,9
37113,NC,Macon,6
37115,NC,Madison,3
37117,NC,Martin,6
37119,NC,Mecklenburg,212
37121,NC,Mitchell,5
37123,NC,Montgomery,10
37125,NC,Moore,20
37127,NC,Nash,24
37129,NC,New Hanover,47
37131,NC,Northampton,6
37133,NC,Onslow,26
37135,NC,Orange,15
37137,NC,Pamlico,6
37139,NC,Pasquotank,7
37141,NC,Pender,15
37143,NC,Perquimans,1
37145,NC,Person,7
37147,NC,Pitt,37
37149,NC,Polk,4
37151,NC,Randolph,36
37153,NC,Richmond,12
37155,NC,Robeson,36
37157,NC,Rockingham,19
37159,NC,Rowan,18
37161,NC,Rutherford,12
37163,NC,Sampson,12
37165,NC,Scotland,6
37167,NC,Stanly,16
37169,NC,Stokes,11
37171,NC,Surry,22
37173,NC,Swain,5
37175,NC,Transylvania,5
37177,NC,Tyrrell,1
37179,NC,Union,45
37181,NC,Vance,10
37183,NC,Wake,180
37185,NC,Warren,3
37187,NC,Washington,5
37189,NC,Watauga,9
37191,NC,Wayne,26
37193,NC,Wilkes,13
37195,NC,Wilson,19
37197,NC,Yadkin,8
37199,NC,Yancey,3
38001,ND,Adams,1
38003,ND,Barnes,2
38005,ND,Benson,4
38009,ND,Bottineau,3
38011,ND,Bowman,3
38013,ND,Burke,1
38015,ND,Burleigh,10
38017,ND,Cass,17
38019,ND,Cavalier,1
38021,ND,Dickey,2
38023,ND,Divide,1
38025,ND,Dunn,1
38027,ND,Eddy,1
38029,ND,Emmons,4
38031,ND,Foster,1
38033,ND,Golden Valley,2
38035,ND,Grand Forks,11
38037,ND,Grant,2
38039,ND,Griggs,3
38041,ND,Hettinger,3
38043,ND,Kidder,1
38045,ND,LaMoure,3
38047,ND,Logan,1
38049,ND,McHenry,3
38051,ND,McIntosh,3
38053,ND,McKenzie,4
38055,ND,McLean,3
38057,ND,Mercer,2
38059,ND,Morton,4
38061,ND,Mountrail,5
38063,ND,Nelson,6
38067,ND,Pembina,5
38069,ND,Pierce,1
38071,ND,Ramsey,4
38073,ND,Ransom,2
38077,ND,Richland,5
38079,ND,Rolette,7
38081,ND,Sargent,3
38083,ND,Sheridan,1
38085,ND,Sioux,3
38089,ND,Stark,7
38091,ND,Steele,2
38093,ND,Stutsman,4
38095,ND,Towner,1
38097,ND,Traill,3
38099,ND,Walsh,4
38101,ND,Ward,13
38103,ND,Wells,3
38105,ND,Williams,5
39001,OH,Adams,9
39003,OH,Allen,14
39005,OH,Ashland,8
39007,OH,Ashtabula,17
39009,OH,Athens,9
39011,OH,Auglaize,7
39013,OH,Belmont,10
39015,OH,Brown,10
39017,OH,Butler,24
39019,OH,Carroll,4
39021,OH,Champaign,4
39023,OH,Clark,16
39025,OH,Clermont,15
39027,OH,Clinton,7
39029,OH,Columbiana,11
39031,OH,Coshocton,5
39033,OH,Crawford,6
39035,OH,Cuyahoga,165
39037,OH,Darke,8
39039,OH,Defiance,6
39041,OH,Delaware,18
39043,OH,Erie,12
39045,OH,Fairfield,14
39047,OH,Fayette,6
39049,OH,Franklin,132
39051,OH,Fulton,5
39053,OH,Gallia,5
39055,OH,Geauga,13
39057,OH,Greene,17
39059,OH,Guernsey,5
39061,OH,Hamilton,62
39063,OH,Hancock,9
39065,OH,Hardin,5
39067,OH,Harrison,3
39069,OH,Henry,4
39071,OH,Highland,12
39073,OH,Hocking,4
39075,OH,Holmes,6
39077,OH,Huron,10
39079,OH,Jackson,6
39081,OH,Jefferson,5
39083,OH,Knox,7
39085,OH,Lake,33
39087,OH,Lawrence,9
39089,OH,Licking,14
39091,OH,Logan,7
39093,OH,Lorain,41
39095,OH,Lucas,43
39097,OH,Madison,3
39099,OH,Mahoning,26
39101,OH,Marion,7
39103,OH,Medina,24
39105,OH,Meigs,3
39107,OH,Mercer,8
39109,OH,Miami,11
39111,OH,Monroe,1
39113,OH,Montgomery,50
39115,OH,Morgan,3
39117,OH,Morrow,4
39119,OH,Muskingum,11
39121,OH,Noble,2
39123,OH,Ottawa,4
39125,OH,Paulding,3
39127,OH,Perry,7
39129,OH,Pickaway,9
39131,OH,Pike,9
39133,OH,Portage,17
39135,OH,Preble,5
39137,OH,Putnam,2
39139,OH,Richland,19
39141,OH,Ross,11
39143,OH,Sandusky,12
39145,OH,Scioto,20
39147,OH,Seneca,6
39149,OH,Shelby,4
39151,OH,Stark,47
39153,OH,Summit,66
39155,OH,Trumbull,27
39157,OH,Tuscarawas,12
39159,OH,Union,7
39161,OH,Van Wert,4
39163,OH,Vinton,2
39165,OH,Warren,19
39167,OH,Washington,10
39169,OH,Wayne,13
39171,OH,Williams,7
39173,OH,Wood,9
39175,OH,Wyandot,4
40001,OK,Adair,5
40003,OK,Alfalfa,1
40005,OK,Atoka,3
40007,OK,Beaver,1
40009,OK,Beckham,5
40011,OK,Blaine,4
40013,OK,Bryan,5
40015,OK,Caddo,7
40017,OK,Canadian,10
40019,OK,Carter,7
40021,OK,Cherokee,4
40023,OK,Choctaw,2
40025,OK,Cimarron,1
40027,OK,Cleveland,24
40029,OK,Coal,1
40031,OK,Comanche,12
40033,OK,Cotton,1
40035,OK,Craig,2
40037,OK,Creek,8
40039,OK,Custer,5
40041,OK,Delaware,6
40043,OK,Dewey,1
40045,OK,Ellis,2
40047,OK,Garfield,10
40049,OK,Garvin,7
40051,OK,Grady,6
40053,OK,Grant,1
40055,OK,Greer,1
40057,OK,Harmon,1
40059,OK,Harper,2
40061,OK,Haskell,2
40063,OK,Hughes,3
40065,OK,Jackson,3
40067,OK,Jefferson,3
40069,OK,Johnston,1
40071,OK,Kay,8
40073,OK,Kingfisher,5
40075,OK,Kiowa,3
40077,OK,Latimer,1
40079,OK,Le Flore,12
40081,OK,Lincoln,7
40083,OK,Logan,3
40085,OK,Love,1
40087,OK,McClain,4
40089,OK,McCurtain,5
40091,OK,McIntosh,5
40093,OK,Major,2
40095,OK,Marshall,3
40097,OK,Mayes,7
40099,OK,Murray,3
40101,OK,Muskogee,10
40103,OK,Noble,2
40105,OK,Nowata,1
40107,OK,Okfuskee,2
40109,OK,Oklahoma,67
40111,OK,Okmulgee,5
40113,OK,Osage,6
40115,OK,Ottawa,3
40117,OK,Pawnee,3
40119,OK,Payne,10
40121,OK,Pittsburg,5
40123,OK,Pontotoc,5
40125,OK,Pottawatomie,8
40127,OK,Pushmataha,5
40129,OK,Roger Mills,1
40131,OK,Rogers,8
40133,OK,Seminole,6
40135,OK,Sequoyah,6
40137,OK,Stephens,5
40139,OK,Texas,4
40141,OK,Tillman,2
40143,OK,Tulsa,62
40145,OK,Wagoner,3
40147,OK,Washington,6
40149,OK,Washita,2
40151,OK,Woods,3
40153,OK,Woodward,4
41001,OR,Baker,5
41003,OR,Benton,10
41005,OR,Clackamas,51
41007,OR,Clatsop,7
41009,OR,Columbia,7
41011,OR,Coos,13
41013,OR,Crook,3
41015,OR,Curry,5
41017,OR,Deschutes,26
41019,OR,Douglas,19
41021,OR,Gilliam,3
41023,OR,Grant,2
41025,OR,Harney,2
41027,OR,Hood River,6
41029,OR,Jackson,30
41031,OR,Jefferson,3
41033,OR,Josephine,13
41035,OR,Klamath,8
41037,OR,Lake,3
41039,OR,Lane,51
41041,OR,Lincoln,15
41043,OR,Linn,16
41045,OR,Malheur,5
41047,OR,Marion,39
41049,OR,Morrow,5
41051,OR,Multnomah,87
41053,OR,Polk,9
41057,OR,Tillamook,7
41059,OR,Umatilla,12
41061,OR,Union,7
41063,OR,Wallowa,3
41065,OR,Wasco,5
41067,OR,Washington,66
41069,OR,Wheeler,2
41071,OR,Yamhill,15
42001,PA,Adams,9
42003,PA,Allegheny,98
42005,PA,Armstrong,9
42007,PA,Beaver,15
42009,PA,Bedford,6
42011,PA,Berks,112
42013,PA,Blair,17
42015,PA,Bradford,7
42017,PA,Bucks,52
42019,PA,Butler,18
42021,PA,Cambria,16
42023,PA,Cameron,1
42025,PA,Carbon,7
42027,PA,Centre,13
42029,PA,Chester,32
42031,PA,Clarion,5
42033,PA,Clearfield,13
42035,PA,Clinton,4
42037,PA,Columbia,8
42039,PA,Crawford,12
42041,PA,Cumberland,26
42043,PA,Dauphin,36
42045,PA,Delaware,74
42047,PA,Elk,4
42049,PA,Erie,36
42051,PA,Fayette,17
42053,PA,Forest,1
42055,PA,Franklin,16
42057,PA,Fulton,1
42059,PA,Greene,6
42061,PA,Huntingdon,5
42063,PA,Indiana,8
42065,PA,Jefferson,6
42067,PA,Juniata,2
42069,PA,Lackawanna,26
42071,PA,Lancaster,59
42073,PA,Lawrence,5
42075,PA,Lebanon,21
42077,PA,Lehigh,101
42079,PA,Luzerne,45
42081,PA,Lycoming,13
42083,PA,McKean,10
42085,PA,Mercer,14
42087,PA,Mifflin,4
42089,PA,Monroe,17
42091,PA,Montgomery,65
42093,PA,Montour,2
42095,PA,Northampton,36
42097,PA,Northumberland,12
42099,PA,Perry,6
42101,PA,Philadelphia,760
42103,PA,Pike,5
42105,PA,Potter,6
42107,PA,Schuylkill,19
42109,PA,Snyder,7
42111,PA,Somerset,8
42113,PA,Sullivan,1
42115,PA,Susquehanna,5
42117,PA,Tioga,7
42119,PA,Union,4
42121,PA,Venango,7
42123,PA,Warren,7
42125,PA,Washington,14
42127,PA,Wayne,6
42129,PA,Westmoreland,38
42131,PA,Wyoming,5
42133,PA,York,47
44001,RI,Bristol,4
44003,RI,Kent,14
44005,RI,Newport,7
44007,RI,Providence,170
44009,RI,Washington,12
45001,SC,Abbeville,3
45003,SC,Aiken,19
45005,SC,Allendale,1
45007,SC,Anderson,24
45009,SC,Bamberg,3
45011,SC,Barnwell,5
45013,SC,Beaufort,22
45015,SC,Berkeley,20
45017,SC,Calhoun,1
45019,SC,Charleston,60
45021,SC,Cherokee,6
45023,SC,Chester,7
45025,SC,Chesterfield,7
45027,SC,Clarendon,5
45029,SC,Colleton,6
45031,SC,Darlington,11
45033,SC,Dillon,5
45035,SC,Dorchester,18
45037,SC,Edgefield,2
45039,SC,Fairfield,2
45041,SC,Florence,25
45043,SC,Georgetown,16
45045,SC,Greenville,62
45047,SC,Greenwood,11
45049,SC,Hampton,4
45051,SC,Horry,62
45053,SC,Jasper,5
45055,SC,Kershaw,7
45057,SC,Lancaster,12
45059,SC,Laurens,7
45061,SC,Lee,2
45063,SC,Lexington,45
45065,SC,McCormick,1
45067,SC,Marion,7
45069,SC,Marlboro,4
45071,SC,Newberry,5
45073,SC,Oconee,8
45075,SC,Orangeburg,17
45077,SC,Pickens,15
45079,SC,Richland,48
45081,SC,Saluda,1
45083,SC,Spartanburg,32
45085,SC,Sumter,13
45087,SC,Union,3
45089,SC,Williamsburg,4
45091,SC,York,33
46003,SD,Aurora,3
46005,SD,Beadle,3
46007,SD,Bennett,1
46009,SD,Bon Homme,4
46011,SD,Brookings,3
46013,SD,Brown,5
46015,SD,Brule,2
46017,SD,Buffalo,1
46019,SD,Butte,3
46023,SD,Charles Mix,4
46025,SD,Clark,2
46027,SD,Clay,2
46029,SD,Codington,3
46031,SD,Corson,2
46033,SD,Custer,3
46035,SD,Davison,3
46037,SD,Day,1
46039,SD,Deuel,2
46041,SD,Dewey,2
46043,SD,Douglas,3
46045,SD,Edmunds,1
46047,SD,Fall River,3
46049,SD,Faulk,1
46051,SD,Grant,2
46053,SD,Gregory,6
46055,SD,Haakon,1
46057,SD,Hamlin,6
46059,SD,Hand,1
46061,SD,Hanson,1
46065,SD,Hughes,2
46067,SD,Hutchinson,8
46069,SD,Hyde,1
46071,SD,Jackson,2
46073,SD,Jerauld,1
46075,SD,Jones,1
46077,SD,Kingsbury,3
46079,SD,Lake,1
46081,SD,Lawrence,4
46083,SD,Lincoln,5
46085,SD,Lyman,4
46087,SD,McCook,3
46089,SD,McPherson,2
46091,SD,Marshall,3
46093,SD,Meade,4
46095,SD,Mellette,1
46097,SD,Miner,1
46099,SD,Minnehaha,28
46101,SD,Moody,1
46103,SD,Pennington,17
46105,SD,Perkins,3
46107,SD,Potter,2
46109,SD,Roberts,3
46113,SD,Shannon,5
46115,SD,Spink,1
46117,SD,Stanley,1
46119,SD,Sully,1
46121,SD,Todd,6
46123,SD,Tripp,2
46125,SD,Turner,4
46127,SD,Union,4
46129,SD,Walworth,3
46135,SD,Yankton,2
46137,SD,Ziebach,1
47001,TN,Anderson,12
47003,TN,Bedford,6
47005,TN,Benton,4
47007,TN,Bledsoe,1
47009,TN,Blount,11
47011,TN,Bradley,11
47013,TN,Campbell,7
47015,TN,Cannon,2
47017,TN,Carroll,6
47019,TN,Carter,6
47021,TN,Cheatham,5
47023,TN,Chester,3
47025,TN,Claiborne,6
47027,TN,Clay,2
47029,TN,Cocke,5
47031,TN,Coffee,11
47033,TN,Crockett,3
47035,TN,Cumberland,6
47037,TN,Davidson,95
47039,TN,Decatur,4
47041,TN,DeKalb,4
47043,TN,Dickson,8
47045,TN,Dyer,4
47047,TN,Fayette,5
47049,TN,Fentress,5
47051,TN,Franklin,5
47053,TN,Gibson,13
47055,TN,Giles,5
47057,TN,Grainger,6
47059,TN,Greene,11
47061,TN,Grundy,3
47063,TN,Hamblen,11
47065,TN,Hamilton,58
47067,TN,Hancock,1
47069,TN,Hardeman,5
47071,TN,Hardin,6
47073,TN,Hawkins,8
47075,TN,Haywood,3
47077,TN,Henderson,4
47079,TN,Henry,5
47081,TN,Hickman,3
47083,TN,Houston,2
47085,TN,Humphreys,5
47087,TN,Jackson,2
47089,TN,Jefferson,5
47091,TN,Johnson,3
47093,TN,Knox,47
47095,TN,Lake,2
47097,TN,Lauderdale,4
47099,TN,Lawrence,7
47101,TN,Lewis,3
47103,TN,Lincoln,4
47105,TN,Loudon,6
47107,TN,McMinn,5
47109,TN,McNairy,3
47111,TN,Macon,4
47113,TN,Madison,12
47115,TN,Marion,7
47117,TN,Marshall,6
47119,TN,Maury,13
47121,TN,Meigs,3
47123,TN,Monroe,9
47125,TN,Montgomery,17
47127,TN,Moore,1
47129,TN,Morgan,5
47131,TN,Obion,5
47133,TN,Overton,3
47135,TN,Perry,3
47137,TN,Pickett,1
47139,TN,Polk,4
47141,TN,Putnam,11
47143,TN,Rhea,6
47145,TN,Roane,7
47147,TN,Robertson,9
47149,TN,Rutherford,32
47151,TN,Scott,6
47153,TN,Sequatchie,1
47155,TN,Sevier,12
47157,TN,Shelby,85
47159,TN,Smith,3
47161,TN,Stewart,2
47163,TN,Sullivan,17
47165,TN,Sumner,19
47167,TN,Tipton,6
47169,TN,Trousdale,2
47171,TN,Unicoi,3
47173,TN,Union,2
47175,TN,Van Buren,2
47177,TN,Warren,5
47179,TN,Washington,15
47181,TN,Wayne,6
47183,TN,Weakley,5
47185,TN,White,4
47187,TN,Williamson,19
47189,TN,Wilson,13
48001,TX,Anderson,4
48003,TX,Andrews,1
48005,TX,Angelina,9
48007,TX,Aransas,2
48009,TX,Archer,2
48011,TX,Armstrong,1
48013,TX,Atascosa,5
48015,TX,Austin,3
48017,TX,Bailey,2
48019,TX,Bandera,1
48021,TX,Bastrop,6
48023,TX,Baylor,1
48025,TX,Bee,3
48027,TX,Bell,21
48029,TX,Bexar,110
48031,TX,Blanco,2
48035,TX,Bosque,4
48037,TX,Bowie,16
48039,TX,Brazoria,28
48041,TX,Brazos,12
48043,TX,Brewster,2
48047,TX,Brooks,1
48049,TX,Brown,5
48051,TX,Burleson,2
48053,TX,Burnet,3
48055,TX,Caldwell,3
48057,TX,Calhoun,2
48059,TX,Callahan,3
48061,TX,Cameron,42
48063,TX,Camp,1
48065,TX,Carson,2
48067,TX,Cass,4
48069,TX,Castro,2
48071,TX,Chambers,5
48073,TX,Cherokee,5
48075,TX,Childress,2
48077,TX,Clay,1
48083,TX,Coleman,1
48085,TX,Collin,64
48087,TX,Collingsworth,1
48089,TX,Colorado,4
48091,TX,Comal,11
48093,TX,Comanche,2
48095,TX,Concho,1
48097,TX,Cooke,3
48099,TX,Coryell,5
48101,TX,Cottle,1
48103,TX,Crane,1
48105,TX,Crockett,1
48107,TX,Crosby,3
48109,TX,Culberson,1
48113,TX,Dallas,217
48115,TX,Dawson,2
48117,TX,Deaf Smith,3
48121,TX,Denton,47
48123,TX,DeWitt,2
48125,TX,Dickens,1
48127,TX,Dimmit,1
48129,TX,Donley,1
48131,TX,Duval,1
48133,TX,Eastland,4
48135,TX,Ector,14
48137,TX,Edwards,1
48139,TX,Ellis,15
48141,TX,El Paso,77
48143,TX,Erath,3
48145,TX,Falls,2
48147,TX,Fannin,3
48149,TX,Fayette,3
48151,TX,Fisher,1
48153,TX,Floyd,2
48155,TX,Foard,1
48157,TX,Fort Bend,34
48159,TX,Franklin,1
48161,TX,Freestone,2
48163,TX,Frio,2
48165,TX,Gaines,3
48167,TX,Galveston,28
48169,TX,Garza,1
48171,TX,Gillespie,2
48175,TX,Goliad,1
48177,TX,Gonzales,3
48179,TX,Gray,3
48181,TX,Grayson,13
48183,TX,Gregg,15
48185,TX,Grimes,2
48187,TX,Guadalupe,10
48189,TX,Hale,5
48191,TX,Hall,1
48193,TX,Hamilton,2
48195,TX,Hansford,1
48197,TX,Hardeman,1
48199,TX,Hardin,7
48201,TX,Harris,333
48203,TX,Harrison,7
48205,TX,Hartley,1
48207,TX,Haskell,5
48209,TX,Hays,11
48211,TX,Hemphill,1
48213,TX,Henderson,10
48215,TX,Hidalgo,89
48217,TX,Hill,5
48219,TX,Hockley,3
48221,TX,Hood,5
48223,TX,Hopkins,3
48225,TX,Houston,3
48227,TX,Howard,2
48231,TX,Hunt,9
48233,TX,Hutchinson,5
48237,TX,Jack,1
48239,TX,Jackson,2
48241,TX,Jasper,4
48243,TX,Jeff Davis,1
48245,TX,Jefferson,20
48247,TX,Jim Hogg,1
48249,TX,Jim Wells,6
48251,TX,Johnson,17
48253,TX,Jones,3
48255,TX,Karnes,2
48257,TX,Kaufman,10
48259,TX,Kendall,3
48265,TX,Kerr,3
48267,TX,Kimble,1
48271,TX,Kinney,1
48273,TX,Kleberg,2
48275,TX,Knox,2
48277,TX,Lamar,4
48279,TX,Lamb,5
48281,TX,Lampasas,2
48283,TX,La Salle,1
48285,TX,Lavaca,2
48287,TX,Lee,2
48289,TX,Leon,4
48291,TX,Liberty,7
48293,TX,Limestone,3
48295,TX,Lipscomb,2
48297,TX,Live Oak,2
48299,TX,Llano,2
48303,TX,Lubbock,20
48305,TX,Lynn,1
48307,TX,McCulloch,2
48309,TX,McLennan,15
48313,TX,Madison,1
48315,TX,Marion,1
48317,TX,Martin,1
48319,TX,Mason,1
48321,TX,Matagorda,3
48323,TX,Maverick,9
48325,TX,Medina,5
48327,TX,Menard,1
48329,TX,Midland,9
48331,TX,Milam,4
48333,TX,Mills,1
48335,TX,Mitchell,1
48337,TX,Montague,3
48339,TX,Montgomery,39
48341,TX,Moore,4
48343,TX,Morris,5
48345,TX,Motley,1
48347,TX,Nacogdoches,7
48349,TX,Navarro,5
48351,TX,Newton,2
48353,TX,Nolan,2
48355,TX,Nueces,20
48357,TX,Ochiltree,2
48361,TX,Orange,8
48363,TX,Palo Pinto,3
48365,TX,Panola,4
48367,TX,Parker,7
48369,TX,Parmer,3
48371,TX,Pecos,3
48373,TX,Polk,5
48375,TX,Potter,9
48377,TX,Presidio,2
48379,TX,Rains,1
48381,TX,Randall,10
48383,TX,Reagan,1
48385,TX,Real,1
48387,TX,Red River,1
48389,TX,Reeves,1
48391,TX,Refugio,1
48395,TX,Robertson,3
48397,TX,Rockwall,7
48399,TX,Runnels,3
48401,TX,Rusk,5
48403,TX,Sabine,2
48405,TX,San Augustine,1
48407,TX,San Jacinto,2
48409,TX,San Patricio,8
48411,TX,San Saba,1
48413,TX,Schleicher,1
48415,TX,Scurry,2
48417,TX,Shackelford,1
48419,TX,Shelby,5
48421,TX,Sherman,1
48423,TX,Smith,22
48425,TX,Somervell,2
48427,TX,Starr,10
48429,TX,Stephens,2
48433,TX,Stonewall,1
48435,TX,Sutton,1
48437,TX,Swisher,1
48439,TX,Tarrant,148
48441,TX,Taylor,13
48445,TX,Terry,1
48449,TX,Titus,4
48451,TX,Tom Green,11
48453,TX,Travis,64
48455,TX,Trinity,3
48457,TX,Tyler,2
48459,TX,Upshur,6
48461,TX,Upton,1
48463,TX,Uvalde,2
48465,TX,Val Verde,4
48467,TX,Van Zandt,7
48469,TX,Victoria,5
48471,TX,Walker,5
48473,TX,Waller,3
48475,TX,Ward,1
48477,TX,Washington,3
48479,TX,Webb,41
48481,TX,Wharton,5
48483,TX,Wheeler,2
48485,TX,Wichita,12
48487,TX,Wilbarger,3
48489,TX,Willacy,2
48491,TX,Williamson,23
48493,TX,Wilson,4
48495,TX,Winkler,1
48497,TX,Wise,7
48499,TX,Wood,5
48501,TX,Yoakum,2
48503,TX,Young,3
48505,TX,Zapata,1
48507,TX,Zavala,1
49001,UT,Beaver,4
49003,UT,Box Elder,5
49005,UT,Cache,12
49007,UT,Carbon,5
49011,UT,Davis,26
49013,UT,Duchesne,5
49015,UT,Emery,5
49017,UT,Garfield,5
49019,UT,Grand,3
49021,UT,Iron,4
49023,UT,Juab,2
49025,UT,Kane,2
49027,UT,Millard,4
49029,UT,Morgan,1
49031,UT,Piute,3
49033,UT,Rich,2
49035,UT,Salt Lake,92
49037,UT,San Juan,5
49039,UT,Sanpete,7
49041,UT,Sevier,4
49043,UT,Summit,6
49045,UT,Tooele,6
49047,UT,Uintah,4
49049,UT,Utah,40
49051,UT,Wasatch,5
49053,UT,Washington,15
49055,UT,Wayne,2
49057,UT,Weber,22
50001,VT,Addison,5
50003,VT,Bennington,8
50005,VT,Caledonia,6
50007,VT,Chittenden,23
50009,VT,Essex,1
50011,VT,Franklin,9
50013,VT,Grand Isle,2
50015,VT,Lamoille,7
50017,VT,Orange,3
50019,VT,Orleans,9
50021,VT,Rutland,10
50023,VT,Washington,13
50025,VT,Windham,10
50027,VT,Windsor,8
51001,VA,Accomack,5
51003,VA,Albemarle,8
51005,VA,Alleghany,2
51007,VA,Amelia,1
51009,VA,Amherst,4
51011,VA,Appomattox,2
51013,VA,Arlington,11
51015,VA,Augusta,4
51019,VA,Bedford,6
51021,VA,Bland,1
51023,VA,Botetourt,3
51025,VA,Brunswick,1
51027,VA,Buchanan,4
51029,VA,Buckingham,2
51031,VA,Campbell,7
51033,VA,Caroline,2
51035,VA,Carroll,2
51037,VA,Charlotte,1
51041,VA,Chesterfield,36
51043,VA,Clarke,2
51045,VA,Craig,2
51047,VA,Culpeper,5
51051,VA,Dickenson,2
51053,VA,Dinwiddie,3
51057,VA,Essex,3
51059,VA,Fairfax,78
51061,VA,Fauquier,6
51063,VA,Floyd,2
51065,VA,Fluvanna,2
51067,VA,Franklin,4
51069,VA,Frederick,10
51071,VA,Giles,6
51073,VA,Gloucester,4
51075,VA,Goochland,2
51077,VA,Grayson,1
51079,VA,Greene,2
51083,VA,Halifax,3
51085,VA,Hanover,13
51087,VA,Henrico,34
51089,VA,Henry,6
51093,VA,Isle of Wight,4
51095,VA,James City,7
51099,VA,King George,4
51101,VA,King William,2
51103,VA,Lancaster,3
51105,VA,Lee,7
51107,VA,Loudoun,25
51109,VA,Louisa,4
51111,VA,Lunenburg,1
51113,VA,Madison,1
51115,VA,Mathews,1
51117,VA,Mecklenburg,5
51119,VA,Middlesex,2
51121,VA,Montgomery,9
51125,VA,Nelson,1
51127,VA,New Kent,3
51131,VA,Northampton,2
51133,VA,Northumberland,1
51135,VA,Nottoway,2
51137,VA,Orange,4
51139,VA,Page,4
51141,VA,Patrick,3
51143,VA,Pittsylvania,3
51145,VA,Powhatan,3
51147,VA,Prince Edward,2
51149,VA,Prince George,2
51153,VA,Prince William,35
51155,VA,Pulaski,7
51159,VA,Richmond,1
51161,VA,Roanoke,15
51163,VA,Rockbridge,2
51165,VA,Rockingham,6
51167,VA,Russell,2
51169,VA,Scott,5
51171,VA,Shenandoah,5
51173,VA,Smyth,6
51175,VA,Southampton,1
51177,VA,Spotsylvania,11
51179,VA,Stafford,12
51183,VA,Sussex,1
51185,VA,Tazewell,9
51187,VA,Warren,3
51191,VA,Washington,7
51193,VA,Westmoreland,3
51195,VA,Wise,9
51197,VA,Wythe,6
51199,VA,York,9
51510,VA,Alexandria,10
51515,VA,Bedford,1
51520,VA,Bristol,5
51530,VA,Buena Vista,1
51540,VA,Charlottesville,5
51550,VA,Chesapeake,25
51570,VA,Colonial Heights,3
51580,VA,Covington,2
51590,VA,Danville,8
51595,VA,Emporia,3
51600,VA,Fairfax,5
51610,VA,Falls Church,1
51620,VA,Franklin,3
51630,VA,Fredericksburg,3
51640,VA,Galax,4
51650,VA,Hampton,17
51660,VA,Harrisonburg,10
51670,VA,Hopewell,2
51678,VA,Lexington,1
51680,VA,Lynchburg,10
51683,VA,Manassas,4
51690,VA,Martinsville,3
51700,VA,Newport News,17
51710,VA,Norfolk,23
51720,VA,Norton,2
51730,VA,Petersburg,7
51735,VA,Poquoson,2
51740,VA,Portsmouth,10
51750,VA,Radford,2
51760,VA,Richmond,25
51770,VA,Roanoke,10
51775,VA,Salem,5
51790,VA,Staunton,6
51800,VA,Suffolk,11
51810,VA,Virginia Beach,48
51820,VA,Waynesboro,7
51830,VA,Williamsburg,1
51840,VA,Winchester,5
53001,WA,Adams,6
53003,WA,Asotin,4
53005,WA,Benton,18
53007,WA,Chelan,13
53009,WA,Clallam,11
53011,WA,Clark,38
53013,WA,Columbia,1
53015,WA,Cowlitz,11
53017,WA,Douglas,7
53019,WA,Ferry,3
53021,WA,Franklin,10
53023,WA,Garfield,1
53025,WA,Grant,18
53027,WA,Grays Harbor,14
53029,WA,Island,9
53031,WA,Jefferson,4
53033,WA,King,178
53035,WA,Kitsap,26
53037,WA,Kittitas,4
53039,WA,Klickitat,4
53041,WA,Lewis,12
53043,WA,Lincoln,4
53045,WA,Mason,6
53047,WA,Okanogan,13
53049,WA,Pacific,7
53051,WA,Pend Oreille,3
53053,WA,Pierce,68
53055,WA,San Juan,4
53057,WA,Skagit,12
53059,WA,Skamania,2
53061,WA,Snohomish,75
53063,WA,Spokane,53
53065,WA,Stevens,10
53067,WA,Thurston,23
53069,WA,Wahkiakum,2
53071,WA,Walla Walla,9
53073,WA,Whatcom,24
53075,WA,Whitman,10
53077,WA,Yakima,40
54001,WV,Barbour,2
54003,WV,Berkeley,11
54005,WV,Boone,7
54007,WV,Braxton,5
54009,WV,Brooke,4
54011,WV,Cabell,14
54013,WV,Calhoun,2
54015,WV,Clay,5
54017,WV,Doddridge,1
54019,WV,Fayette,8
54021,WV,Gilmer,1
54023,WV,Grant,1
54025,WV,Greenbrier,6
54027,WV,Hampshire,4
54029,WV,Hancock,4
54031,WV,Hardy,3
54033,WV,Harrison,10
54035,WV,Jackson,4
54037,WV,Jefferson,7
54039,WV,Kanawha,27
54041,WV,Lewis,2
54043,WV,Lincoln,8
54045,WV,Logan,8
54047,WV,McDowell,7
54049,WV,Marion,7
54051,WV,Marshall,2
54053,WV,Mason,3
54055,WV,Mercer,11
54057,WV,Mineral,4
54059,WV,Mingo,5
54061,WV,Monongalia,11
54063,WV,Monroe,1
54065,WV,Morgan,1
54067,WV,Nicholas,4
54069,WV,Ohio,9
54071,WV,Pendleton,1
54073,WV,Pleasants,2
54075,WV,Pocahontas,4
54077,WV,Preston,4
54079,WV,Putnam,5
54081,WV,Raleigh,10
54083,WV,Randolph,5
54085,WV,Ritchie,1
54087,WV,Roane,3
54089,WV,Summers,1
54091,WV,Taylor,3
54093,WV,Tucker,2
54095,WV,Tyler,2
54097,WV,Upshur,5
54099,WV,Wayne,9
54101,WV,Webster,3
54103,WV,Wetzel,4
54105,WV,Wirt,2
54107,WV,Wood,10
54109,WV,Wyoming,5
55001,WI,Adams,2
55003,WI,Ashland,7
55005,WI,Barron,11
55007,WI,Bayfield,5
55009,WI,Brown,36
55011,WI,Buffalo,1
55013,WI,Burnett,4
55015,WI,Calumet,9
55017,WI,Chippewa,10
55019,WI,Clark,7
55021,WI,Columbia,11
55023,WI,Crawford,5
55025,WI,Dane,74
55027,WI,Dodge,10
55029,WI,Door,8
55031,WI,Douglas,5
55033,WI,Dunn,6
55035,WI,Eau Claire,15
55037,WI,Florence,1
55039,WI,Fond du Lac,14
55041,WI,Forest,4
55043,WI,Grant,12
55045,WI,Green,7
55047,WI,Green Lake,4
55049,WI,Iowa,4
55051,WI,Iron,4
55053,WI,Jackson,2
55055,WI,Jefferson,13
55057,WI,Juneau,5
55059,WI,Kenosha,45
55061,WI,Kewaunee,4
55063,WI,La Crosse,17
55065,WI,Lafayette,2
55067,WI,Langlade,6
55069,WI,Lincoln,6
55071,WI,Manitowoc,11
55073,WI,Marathon,23
55075,WI,Marinette,11
55077,WI,Marquette,2
55078,WI,Menominee,3
55079,WI,Milwaukee,407
55081,WI,Monroe,7
55083,WI,Oconto,5
55085,WI,Oneida,8
55087,WI,Outagamie,28
55089,WI,Ozaukee,15
55091,WI,Pepin,2
55093,WI,Pierce,5
55095,WI,Polk,8
55097,WI,Portage,8
55099,WI,Price,3
55101,WI,Racine,61
55103,WI,Richland,3
55105,WI,Rock,30
55107,WI,Rusk,4
55109,WI,St. Croix,9
55111,WI,Sauk,14
55113,WI,Sawyer,6
55115,WI,Shawano,9
55117,WI,Sheboygan,23
55119,WI,Taylor,4
55121,WI,Trempealeau,7
55123,WI,Vernon,6
55125,WI,Vilas,7
55127,WI,Walworth,14
55129,WI,Washburn,5
55131,WI,Washington,17
55133,WI,Waukesha,74
55135,WI,Waupaca,11
55137,WI,Waushara,6
55139,WI,Winnebago,24
55141,WI,Wood,10
56001,WY,Albany,3
56003,WY,Big Horn,3
56005,WY,Campbell,5
56007,WY,Carbon,4
56009,WY,Converse,3
56011,WY,Crook,4
56013,WY,Fremont,9
56015,WY,Goshen,3
56017,WY,Hot Springs,2
56019,WY,Johnson,2
56021,WY,Laramie,9
56023,WY,Lincoln,4
56025,WY,Natrona,7
56027,WY,Niobrara,1
56029,WY,Park,4
56031,WY,Platte,4
56033,WY,Sheridan,3
56035,WY,Sublette,2
56037,WY,Sweetwater,4
56039,WY,Teton,3
56041,WY,Uinta,3
56043,WY,Washakie,2
56045,WY,Weston,3
