CountyFIPS,state,county,fmrkt18
01001,AL,Autauga,1
01003,AL,Baldwin,4
01005,AL,Barbour,4
01007,AL,Bibb,1
01009,AL,Blount,1
01011,AL,Bullock,1
01013,AL,Butler,2
01015,AL,Calhoun,2
01017,AL,Chambers,1
01019,AL,Cherokee,1
01021,AL,Chilton,0
01023,AL,Choctaw,1
01025,AL,Clarke,2
01027,AL,Clay,2
01029,AL,Cleburne,1
01031,AL,Coffee,2
01033,AL,Colbert,2
01035,AL,Conecuh,1
01037,AL,Coosa,0
01039,AL,Covington,2
01041,AL,Crenshaw,1
01043,AL,Cullman,1
01045,AL,Dale,2
01047,AL,Dallas,1
01049,AL,DeKalb,2
01051,AL,Elmore,2
01053,AL,Escambia,2
01055,AL,Etowah,3
01057,AL,Fayette,1
01059,AL,Franklin,2
01061,AL,Geneva,0
01063,AL,Greene,2
01065,AL,Hale,1
01067,AL,Henry,2
01069,AL,Houston,3
01071,AL,Jackson,1
01073,AL,Jefferson,17
01075,AL,Lamar,1
01077,AL,Lauderdale,1
01079,AL,Lawrence,1
01081,AL,Lee,4
01083,AL,Limestone,1
01085,AL,Lowndes,1
01087,AL,Macon,1
01089,AL,Madison,7
01091,AL,Marengo,3
01093,AL,Marion,2
01095,AL,Marshall,3
01097,AL,Mobile,5
01099,AL,Monroe,2
01101,AL,Montgomery,3
01103,AL,Morgan,3
01105,AL,Perry,1
01107,AL,Pickens,2
01109,AL,Pike,1
01111,AL,Randolph,2
01113,AL,Russell,1
01115,AL,St. Clair,1
01117,AL,Shelby,8
01119,AL,Sumter,1
01121,AL,Talladega,1
01123,AL,Tallapoosa,1
01125,AL,Tuscaloosa,2
01127,AL,Walker,1
01129,AL,Washington,1
01131,AL,Wilcox,3
01133,AL,Winston,1
02013,AK,Aleutians East,0
02016,AK,Aleutians West,1
02020,AK,Anchorage,10
02050,AK,Bethel,0
02060,AK,Bristol Bay,0
02068,AK,Denali,0
02070,AK,Dillingham,1
02090,AK,Fairbanks North Star,3
02100,AK,Haines,1
02105,AK,Hoonah-Angoon,0
02110,AK,Juneau,2
02122,AK,Kenai Peninsula,6
02130,AK,Ketchikan Gateway,0
02150,AK,Kodiak Island,0
02164,AK,Lake and Peninsula,0
02170,AK,Matanuska-Susitna,7
02180,AK,Nome,0
02185,AK,North Slope,0
02188,AK,Northwest Arctic,0
02195,AK,Petersburg,1
02198,AK,Prince of Wales-Hyder,0
02220,AK,Sitka,1
02230,AK,Skagway,0
02240,AK,Southeast Fairbanks,1
02261,AK,Valdez-Cordova,3
02275,AK,Wrangell,0
02282,AK,Yakutat,0
02290,AK,Yukon-Koyukuk,1
04001,AZ,Apache,1
04003,AZ,Cochise,3
04005,AZ,Coconino,3
04007,AZ,Gila,2
04009,AZ,Graham,1
04011,AZ,Greenlee,0
04012,AZ,La Paz,0
04013,AZ,Maricopa,39
04015,AZ,Mohave,1
04017,AZ,Navajo,3
04019,AZ,Pima,24
04021,AZ,Pinal,1
04023,AZ,Santa Cruz,5
04025,AZ,Yavapai,8
04027,AZ,Yuma,0
05001,AR,Arkansas,2
05003,AR,Ashley,2
05005,AR,Baxter,3
05007,AR,Benton,8
05009,AR,Boone,3
05011,AR,Bradley,0
05013,AR,Calhoun,0
05015,AR,Carroll,3
05017,AR,Chicot,1
05019,AR,Clark,1
05021,AR,Clay,1
05023,AR,Cleburne,1
05025,AR,Cleveland,1
05027,AR,Columbia,1
05029,AR,Conway,1
05031,AR,Craighead,2
05033,AR,Crawford,1
05035,AR,Crittenden,0
05037,AR,Cross,1
05039,AR,Dallas,0
05041,AR,Desha,0
05043,AR,Drew,0
05045,AR,Faulkner,5
05047,AR,Franklin,1
05049,AR,Fulton,0
05051,AR,Garland,3
05053,AR,Grant,1
05055,AR,Greene,1
05057,AR,Hempstead,2
05059,AR,Hot Spring,0
05061,AR,Howard,1
05063,AR,Independence,0
05065,AR,Izard,1
05067,AR,Jackson,1
05069,AR,Jefferson,1
05071,AR,Johnson,2
05073,AR,Lafayette,0
05075,AR,Lawrence,2
05077,AR,Lee,1
05079,AR,Lincoln,0
05081,AR,Little River,1
05083,AR,Logan,3
05085,AR,Lonoke,0
05087,AR,Madison,1
05089,AR,Marion,1
05091,AR,Miller,2
05093,AR,Mississippi,2
05095,AR,Monroe,0
05097,AR,Montgomery,1
05099,AR,Nevada,1
05101,AR,Newton,2
05103,AR,Ouachita,1
05105,AR,Perry,1
05107,AR,Phillips,2
05109,AR,Pike,1
05111,AR,Poinsett,1
05113,AR,Polk,1
05115,AR,Pope,2
05117,AR,Prairie,0
05119,AR,Pulaski,11
05121,AR,Randolph,1
05123,AR,St. Francis,1
05125,AR,Saline,1
05127,AR,Scott,2
05129,AR,Searcy,1
05131,AR,Sebastian,2
05133,AR,Sevier,0
05135,AR,Sharp,2
05137,AR,Stone,2
05139,AR,Union,1
05141,AR,Van Buren,1
05143,AR,Washington,5
05145,AR,White,2
05147,AR,Woodruff,0
05149,AR,Yell,0
06001,CA,Alameda,34
06003,CA,Alpine,0
06005,CA,Amador,4
06007,CA,Butte,8
06009,CA,Calaveras,3
06011,CA,Colusa,2
06013,CA,Contra Costa,25
06015,CA,Del Norte,1
06017,CA,El Dorado,10
06019,CA,Fresno,15
06021,CA,Glenn,3
06023,CA,Humboldt,14
06025,CA,Imperial,2
06027,CA,Inyo,2
06029,CA,Kern,16
06031,CA,Kings,2
06033,CA,Lake,7
06035,CA,Lassen,1
06037,CA,Los Angeles,124
06039,CA,Madera,8
06041,CA,Marin,15
06043,CA,Mariposa,1
06045,CA,Mendocino,8
06047,CA,Merced,5
06049,CA,Modoc,1
06051,CA,Mono,2
06053,CA,Monterey,12
06055,CA,Napa,6
06057,CA,Nevada,9
06059,CA,Orange,23
06061,CA,Placer,19
06063,CA,Plumas,1
06065,CA,Riverside,22
06067,CA,Sacramento,27
06069,CA,San Benito,1
06071,CA,San Bernardino,22
06073,CA,San Diego,46
06075,CA,San Francisco,28
06077,CA,San Joaquin,15
06079,CA,San Luis Obispo,21
06081,CA,San Mateo,23
06083,CA,Santa Barbara,13
06085,CA,Santa Clara,39
06087,CA,Santa Cruz,10
06089,CA,Shasta,14
06091,CA,Sierra,0
06093,CA,Siskiyou,7
06095,CA,Solano,5
06097,CA,Sonoma,25
06099,CA,Stanislaus,12
06101,CA,Sutter,2
06103,CA,Tehama,4
06105,CA,Trinity,2
06107,CA,Tulare,11
06109,CA,Tuolumne,4
06111,CA,Ventura,10
06113,CA,Yolo,6
06115,CA,Yuba,3
08001,CO,Adams,6
08003,CO,Alamosa,1
08005,CO,Arapahoe,5
08007,CO,Archuleta,2
08009,CO,Baca,0
08011,CO,Bent,2
08013,CO,Boulder,6
08014,CO,Broomfield,1
08015,CO,Chaffee,3
08017,CO,Cheyenne,0
08019,CO,Clear Creek,2
08021,CO,Conejos,0
08023,CO,Costilla,1
08025,CO,Crowley,0
08027,CO,Custer,2
08029,CO,Delta,1
08031,CO,Denver,14
08033,CO,Dolores,0
08035,CO,Douglas,5
08037,CO,Eagle,5
08039,CO,Elbert,1
08041,CO,El Paso,18
08043,CO,Fremont,3
08045,CO,Garfield,5
08047,CO,Gilpin,0
08049,CO,Grand,3
08051,CO,Gunnison,2
08053,CO,Hinsdale,0
08055,CO,Huerfano,3
08057,CO,Jackson,0
08059,CO,Jefferson,12
08061,CO,Kiowa,0
08063,CO,Kit Carson,0
08065,CO,Lake,0
08067,CO,La Plata,2
08069,CO,Larimer,13
08071,CO,Las Animas,1
08073,CO,Lincoln,0
08075,CO,Logan,0
08077,CO,Mesa,4
08079,CO,Mineral,1
08081,CO,Moffat,1
08083,CO,Montezuma,4
08085,CO,Montrose,1
08087,CO,Morgan,1
08089,CO,Otero,0
08091,CO,Ouray,2
08093,CO,Park,1
08095,CO,Phillips,0
08097,CO,Pitkin,1
08099,CO,Prowers,0
08101,CO,Pueblo,4
08103,CO,Rio Blanco,1
08105,CO,Rio Grande,2
08107,CO,Routt,3
08109,CO,Saguache,0
08111,CO,San Juan,0
08113,CO,San Miguel,3
08115,CO,Sedgwick,0
08117,CO,Summit,1
08119,CO,Teller,2
08121,CO,Washington,0
08123,CO,Weld,10
08125,CO,Yuma,0
09001,CT,Fairfield,30
09003,CT,Hartford,35
09005,CT,Litchfield,16
09007,CT,Middlesex,12
09009,CT,New Haven,28
09011,CT,New London,19
09013,CT,Tolland,10
09015,CT,Windham,7
10001,DE,Kent,4
10003,DE,New Castle,16
10005,DE,Sussex,17
11001,DC,District of Columbia,58
12001,FL,Alachua,8
12003,FL,Baker,0
12005,FL,Bay,5
12007,FL,Bradford,2
12009,FL,Brevard,6
12011,FL,Broward,11
12013,FL,Calhoun,0
12015,FL,Charlotte,3
12017,FL,Citrus,1
12019,FL,Clay,1
12021,FL,Collier,9
12023,FL,Columbia,1
12027,FL,DeSoto,0
12029,FL,Dixie,0
12031,FL,Duval,10
12033,FL,Escambia,5
12035,FL,Flagler,2
12037,FL,Franklin,0
12039,FL,Gadsden,1
12041,FL,Gilchrist,0
12043,FL,Glades,0
12045,FL,Gulf,2
12047,FL,Hamilton,0
12049,FL,Hardee,0
12051,FL,Hendry,0
12053,FL,Hernando,4
12055,FL,Highlands,1
12057,FL,Hillsborough,10
12059,FL,Holmes,0
12061,FL,Indian River,3
12063,FL,Jackson,1
12065,FL,Jefferson,1
12067,FL,Lafayette,1
12069,FL,Lake,5
12071,FL,Lee,15
12073,FL,Leon,11
12075,FL,Levy,1
12077,FL,Liberty,0
12079,FL,Madison,1
12081,FL,Manatee,3
12083,FL,Marion,4
12085,FL,Martin,1
12086,FL,Miami-Dade,35
12087,FL,Monroe,1
12089,FL,Nassau,2
12091,FL,Okaloosa,4
12093,FL,Okeechobee,1
12095,FL,Orange,10
12097,FL,Osceola,4
12099,FL,Palm Beach,12
12101,FL,Pasco,4
12103,FL,Pinellas,13
12105,FL,Polk,5
12107,FL,Putnam,2
12109,FL,St. Johns,4
12111,FL,St. Lucie,1
12113,FL,Santa Rosa,2
12115,FL,Sarasota,6
12117,FL,Seminole,3
12119,FL,Sumter,4
12121,FL,Suwannee,3
12123,FL,Taylor,1
12125,FL,Union,1
12127,FL,Volusia,4
12129,FL,Wakulla,0
12131,FL,Walton,7
12133,FL,Washington,1
13001,GA,Appling,0
13003,GA,Atkinson,0
13005,GA,Bacon,0
13007,GA,Baker,0
13009,GA,Baldwin,4
13011,GA,Banks,0
13013,GA,Barrow,2
13015,GA,Bartow,1
13017,GA,Ben Hill,1
13019,GA,Berrien,1
13021,GA,Bibb,3
13023,GA,Bleckley,1
13025,GA,Brantley,0
13027,GA,Brooks,0
13029,GA,Bryan,0
13031,GA,Bulloch,1
13033,GA,Burke,0
13035,GA,Butts,0
13037,GA,Calhoun,0
13039,GA,Camden,1
13043,GA,Candler,0
13045,GA,Carroll,2
13047,GA,Catoosa,0
13049,GA,Charlton,0
13051,GA,Chatham,4
13053,GA,Chattahoochee,0
13055,GA,Chattooga,0
13057,GA,Cherokee,4
13059,GA,Clarke,5
13061,GA,Clay,1
13063,GA,Clayton,2
13065,GA,Clinch,0
13067,GA,Cobb,6
13069,GA,Coffee,0
13071,GA,Colquitt,0
13073,GA,Columbia,1
13075,GA,Cook,0
13077,GA,Coweta,1
13079,GA,Crawford,0
13081,GA,Crisp,1
13083,GA,Dade,1
13085,GA,Dawson,2
13087,GA,Decatur,1
13089,GA,DeKalb,13
13091,GA,Dodge,1
13093,GA,Dooly,0
13095,GA,Dougherty,1
13097,GA,Douglas,1
13099,GA,Early,0
13101,GA,Echols,0
13103,GA,Effingham,0
13105,GA,Elbert,0
13107,GA,Emanuel,0
13109,GA,Evans,0
13111,GA,Fannin,0
13113,GA,Fayette,2
13115,GA,Floyd,1
13117,GA,Forsyth,2
13119,GA,Franklin,1
13121,GA,Fulton,16
13123,GA,Gilmer,1
13125,GA,Glascock,0
13127,GA,Glynn,0
13129,GA,Gordon,1
13131,GA,Grady,1
13133,GA,Greene,0
13135,GA,Gwinnett,8
13137,GA,Habersham,2
13139,GA,Hall,4
13141,GA,Hancock,0
13143,GA,Haralson,1
13145,GA,Harris,2
13147,GA,Hart,1
13149,GA,Heard,0
13151,GA,Henry,0
13153,GA,Houston,3
13155,GA,Irwin,0
13157,GA,Jackson,2
13159,GA,Jasper,0
13161,GA,Jeff Davis,0
13163,GA,Jefferson,0
13165,GA,Jenkins,1
13167,GA,Johnson,0
13169,GA,Jones,0
13171,GA,Lamar,1
13173,GA,Lanier,0
13175,GA,Laurens,1
13177,GA,Lee,0
13179,GA,Liberty,0
13181,GA,Lincoln,0
13183,GA,Long,0
13185,GA,Lowndes,3
13187,GA,Lumpkin,1
13189,GA,McDuffie,0
13191,GA,McIntosh,0
13193,GA,Macon,1
13195,GA,Madison,0
13197,GA,Marion,0
13199,GA,Meriwether,0
13201,GA,Miller,0
13205,GA,Mitchell,0
13207,GA,Monroe,1
13209,GA,Montgomery,0
13211,GA,Morgan,0
13213,GA,Murray,0
13215,GA,Muscogee,2
13217,GA,Newton,0
13219,GA,Oconee,2
13221,GA,Oglethorpe,1
13223,GA,Paulding,2
13225,GA,Peach,1
13227,GA,Pickens,1
13229,GA,Pierce,0
13231,GA,Pike,2
13233,GA,Polk,1
13235,GA,Pulaski,2
13237,GA,Putnam,1
13239,GA,Quitman,0
13241,GA,Rabun,3
13243,GA,Randolph,0
13245,GA,Richmond,3
13247,GA,Rockdale,0
13249,GA,Schley,0
13251,GA,Screven,0
13253,GA,Seminole,0
13255,GA,Spalding,1
13257,GA,Stephens,0
13259,GA,Stewart,0
13261,GA,Sumter,1
13263,GA,Talbot,0
13265,GA,Taliaferro,0
13267,GA,Tattnall,0
13269,GA,Taylor,0
13271,GA,Telfair,1
13273,GA,Terrell,0
13275,GA,Thomas,1
13277,GA,Tift,3
13279,GA,Toombs,0
13281,GA,Towns,1
13283,GA,Treutlen,0
13285,GA,Troup,0
13287,GA,Turner,0
13289,GA,Twiggs,0
13291,GA,Union,1
13293,GA,Upson,2
13295,GA,Walker,2
13297,GA,Walton,2
13299,GA,Ware,1
13301,GA,Warren,0
13303,GA,Washington,0
13305,GA,Wayne,1
13307,GA,Webster,0
13309,GA,Wheeler,0
13311,GA,White,1
13313,GA,Whitfield,1
13315,GA,Wilcox,0
13317,GA,Wilkes,1
13319,GA,Wilkinson,0
13321,GA,Worth,1
15001,HI,Hawaii,31
15003,HI,Honolulu,43
15005,HI,Kalawao,0
15007,HI,Kauai,14
15009,HI,Maui,10
16001,ID,Ada,7
16003,ID,Adams,0
16005,ID,Bannock,3
16007,ID,Bear Lake,0
16009,ID,Benewah,1
16011,ID,Bingham,0
16013,ID,Blaine,2
16015,ID,Boise,1
16017,ID,Bonner,4
16019,ID,Bonneville,1
16021,ID,Boundary,1
16023,ID,Butte,0
16025,ID,Camas,0
16027,ID,Canyon,4
16029,ID,Caribou,1
16031,ID,Cassia,0
16033,ID,Clark,0
16035,ID,Clearwater,1
16037,ID,Custer,2
16039,ID,Elmore,1
16041,ID,Franklin,0
16043,ID,Fremont,1
16045,ID,Gem,1
16047,ID,Gooding,1
16049,ID,Idaho,1
16051,ID,Jefferson,0
16053,ID,Jerome,0
16055,ID,Kootenai,6
16057,ID,Latah,6
16059,ID,Lemhi,1
16061,ID,Lewis,1
16063,ID,Lincoln,1
16065,ID,Madison,1
16067,ID,Minidoka,1
16069,ID,Nez Perce,1
16071,ID,Oneida,0
16073,ID,Owyhee,1
16075,ID,Payette,1
16077,ID,Power,0
16079,ID,Shoshone,1
16081,ID,Teton,2
16083,ID,Twin Falls,4
16085,ID,Valley,2
16087,ID,Washington,2
17001,IL,Adams,2
17003,IL,Alexander,0
17005,IL,Bond,0
17007,IL,Boone,2
17009,IL,Brown,1
17011,IL,Bureau,1
17013,IL,Calhoun,0
17015,IL,Carroll,2
17017,IL,Cass,0
17019,IL,Champaign,6
17021,IL,Christian,2
17023,IL,Clark,0
17025,IL,Clay,1
17027,IL,Clinton,1
17029,IL,Coles,4
17031,IL,Cook,113
17033,IL,Crawford,1
17035,IL,Cumberland,0
17037,IL,DeKalb,2
17039,IL,De Witt,1
17041,IL,Douglas,1
17043,IL,DuPage,17
17045,IL,Edgar,1
17047,IL,Edwards,1
17049,IL,Effingham,0
17051,IL,Fayette,0
17053,IL,Ford,2
17055,IL,Franklin,2
17057,IL,Fulton,2
17059,IL,Gallatin,0
17061,IL,Greene,2
17063,IL,Grundy,1
17065,IL,Hamilton,0
17067,IL,Hancock,1
17069,IL,Hardin,0
17071,IL,Henderson,0
17073,IL,Henry,0
17075,IL,Iroquois,1
17077,IL,Jackson,10
17079,IL,Jasper,0
17081,IL,Jefferson,0
17083,IL,Jersey,1
17085,IL,Jo Daviess,7
17087,IL,Johnson,1
17089,IL,Kane,11
17091,IL,Kankakee,6
17093,IL,Kendall,2
17095,IL,Knox,2
17097,IL,Lake,18
17099,IL,LaSalle,8
17101,IL,Lawrence,1
17103,IL,Lee,1
17105,IL,Livingston,2
17107,IL,Logan,3
17109,IL,McDonough,1
17111,IL,McHenry,8
17113,IL,McLean,4
17115,IL,Macon,2
17117,IL,Macoupin,0
17119,IL,Madison,4
17121,IL,Marion,1
17123,IL,Marshall,0
17125,IL,Mason,0
17127,IL,Massac,0
17129,IL,Menard,2
17131,IL,Mercer,1
17133,IL,Monroe,2
17135,IL,Montgomery,2
17137,IL,Morgan,1
17139,IL,Moultrie,0
17141,IL,Ogle,7
17143,IL,Peoria,2
17145,IL,Perry,2
17147,IL,Piatt,1
17149,IL,Pike,1
17151,IL,Pope,1
17153,IL,Pulaski,0
17155,IL,Putnam,0
17157,IL,Randolph,1
17159,IL,Richland,2
17161,IL,Rock Island,3
17163,IL,St. Clair,3
17165,IL,Saline,0
17167,IL,Sangamon,2
17169,IL,Schuyler,1
17171,IL,Scott,0
17173,IL,Shelby,1
17175,IL,Stark,0
17177,IL,Stephenson,4
17179,IL,Tazewell,4
17181,IL,Union,1
17183,IL,Vermilion,1
17185,IL,Wabash,0
17187,IL,Warren,1
17189,IL,Washington,2
17191,IL,Wayne,1
17193,IL,White,0
17195,IL,Whiteside,4
17197,IL,Will,8
17199,IL,Williamson,4
17201,IL,Winnebago,9
17203,IL,Woodford,1
18001,IN,Adams,1
18003,IN,Allen,8
18005,IN,Bartholomew,4
18007,IN,Benton,0
18009,IN,Blackford,0
18011,IN,Boone,3
18013,IN,Brown,2
18015,IN,Carroll,0
18017,IN,Cass,1
18019,IN,Clark,2
18021,IN,Clay,0
18023,IN,Clinton,1
18025,IN,Crawford,2
18027,IN,Daviess,0
18029,IN,Dearborn,2
18031,IN,Decatur,1
18033,IN,DeKalb,1
18035,IN,Delaware,3
18037,IN,Dubois,1
18039,IN,Elkhart,5
18041,IN,Fayette,1
18043,IN,Floyd,3
18045,IN,Fountain,0
18047,IN,Franklin,1
18049,IN,Fulton,1
18051,IN,Gibson,2
18053,IN,Grant,4
18055,IN,Greene,2
18057,IN,Hamilton,7
18059,IN,Hancock,3
18061,IN,Harrison,2
18063,IN,Hendricks,5
18065,IN,Henry,2
18067,IN,Howard,1
18069,IN,Huntington,3
18071,IN,Jackson,2
18073,IN,Jasper,2
18075,IN,Jay,2
18077,IN,Jefferson,1
18079,IN,Jennings,1
18081,IN,Johnson,2
18083,IN,Knox,2
18085,IN,Kosciusko,3
18087,IN,LaGrange,3
18089,IN,Lake,7
18091,IN,LaPorte,5
18093,IN,Lawrence,1
18095,IN,Madison,5
18097,IN,Marion,20
18099,IN,Marshall,4
18101,IN,Martin,0
18103,IN,Miami,1
18105,IN,Monroe,4
18107,IN,Montgomery,1
18109,IN,Morgan,2
18111,IN,Newton,0
18113,IN,Noble,3
18115,IN,Ohio,1
18117,IN,Orange,3
18119,IN,Owen,1
18121,IN,Parke,2
18123,IN,Perry,2
18125,IN,Pike,1
18127,IN,Porter,3
18129,IN,Posey,2
18131,IN,Pulaski,0
18133,IN,Putnam,3
18135,IN,Randolph,1
18137,IN,Ripley,2
18139,IN,Rush,1
18141,IN,St. Joseph,5
18143,IN,Scott,1
18145,IN,Shelby,1
18147,IN,Spencer,0
18149,IN,Starke,1
18151,IN,Steuben,1
18153,IN,Sullivan,0
18155,IN,Switzerland,1
18157,IN,Tippecanoe,4
18159,IN,Tipton,1
18161,IN,Union,0
18163,IN,Vanderburgh,3
18165,IN,Vermillion,0
18167,IN,Vigo,1
18169,IN,Wabash,2
18171,IN,Warren,0
18173,IN,Warrick,2
18175,IN,Washington,1
18177,IN,Wayne,2
18179,IN,Wells,1
18181,IN,White,1
18183,IN,Whitley,0
19001,IA,Adair,2
19003,IA,Adams,1
19005,IA,Allamakee,2
19007,IA,Appanoose,0
19009,IA,Audubon,1
19011,IA,Benton,5
19013,IA,Black Hawk,6
19015,IA,Boone,1
19017,IA,Bremer,3
19019,IA,Buchanan,1
19021,IA,Buena Vista,1
19023,IA,Butler,0
19025,IA,Calhoun,3
19027,IA,Carroll,2
19029,IA,Cass,4
19031,IA,Cedar,3
19033,IA,Cerro Gordo,3
19035,IA,Cherokee,0
19037,IA,Chickasaw,1
19039,IA,Clarke,1
19041,IA,Clay,2
19043,IA,Clayton,6
19045,IA,Clinton,3
19047,IA,Crawford,2
19049,IA,Dallas,4
19051,IA,Davis,1
19053,IA,Decatur,2
19055,IA,Delaware,2
19057,IA,Des Moines,3
19059,IA,Dickinson,1
19061,IA,Dubuque,3
19063,IA,Emmet,1
19065,IA,Fayette,4
19067,IA,Floyd,2
19069,IA,Franklin,1
19071,IA,Fremont,1
19073,IA,Greene,1
19075,IA,Grundy,1
19077,IA,Guthrie,2
19079,IA,Hamilton,1
19081,IA,Hancock,4
19083,IA,Hardin,4
19085,IA,Harrison,2
19087,IA,Henry,1
19089,IA,Howard,5
19091,IA,Humboldt,1
19093,IA,Ida,1
19095,IA,Iowa,2
19097,IA,Jackson,3
19099,IA,Jasper,3
19101,IA,Jefferson,1
19103,IA,Johnson,4
19105,IA,Jones,3
19107,IA,Keokuk,0
19109,IA,Kossuth,3
19111,IA,Lee,4
19113,IA,Linn,10
19115,IA,Louisa,1
19117,IA,Lucas,1
19119,IA,Lyon,2
19121,IA,Madison,1
19123,IA,Mahaska,2
19125,IA,Marion,3
19127,IA,Marshall,4
19129,IA,Mills,1
19131,IA,Mitchell,3
19133,IA,Monona,0
19135,IA,Monroe,2
19137,IA,Montgomery,1
19139,IA,Muscatine,3
19141,IA,O'Brien,3
19143,IA,Osceola,1
19145,IA,Page,2
19147,IA,Palo Alto,1
19149,IA,Plymouth,3
19151,IA,Pocahontas,3
19153,IA,Polk,15
19155,IA,Pottawattamie,2
19157,IA,Poweshiek,1
19159,IA,Ringgold,0
19161,IA,Sac,0
19163,IA,Scott,5
19165,IA,Shelby,1
19167,IA,Sioux,2
19169,IA,Story,5
19171,IA,Tama,2
19173,IA,Taylor,0
19175,IA,Union,1
19177,IA,Van Buren,3
19179,IA,Wapello,3
19181,IA,Warren,3
19183,IA,Washington,2
19185,IA,Wayne,0
19187,IA,Webster,2
19189,IA,Winnebago,2
19191,IA,Winneshiek,2
19193,IA,Woodbury,3
19195,IA,Worth,2
19197,IA,Wright,2
20001,KS,Allen,3
20003,KS,Anderson,1
20005,KS,Atchison,1
20007,KS,Barber,1
20009,KS,Barton,1
20011,KS,Bourbon,1
20013,KS,Brown,1
20015,KS,Butler,2
20017,KS,Chase,0
20019,KS,Chautauqua,0
20021,KS,Cherokee,0
20023,KS,Cheyenne,0
20025,KS,Clark,0
20027,KS,Clay,0
20029,KS,Cloud,2
20031,KS,Coffey,3
20033,KS,Comanche,0
20035,KS,Cowley,2
20037,KS,Crawford,1
20039,KS,Decatur,1
20041,KS,Dickinson,1
20043,KS,Doniphan,0
20045,KS,Douglas,6
20047,KS,Edwards,1
20049,KS,Elk,0
20051,KS,Ellis,2
20053,KS,Ellsworth,0
20055,KS,Finney,1
20057,KS,Ford,1
20059,KS,Franklin,1
20061,KS,Geary,3
20063,KS,Gove,0
20065,KS,Graham,0
20067,KS,Grant,0
20069,KS,Gray,0
20071,KS,Greeley,1
20073,KS,Greenwood,2
20075,KS,Hamilton,1
20077,KS,Harper,2
20079,KS,Harvey,2
20081,KS,Haskell,0
20083,KS,Hodgeman,0
20085,KS,Jackson,1
20087,KS,Jefferson,1
20089,KS,Jewell,0
20091,KS,Johnson,9
20093,KS,Kearny,0
20095,KS,Kingman,0
20097,KS,Kiowa,0
20099,KS,Labette,1
20101,KS,Lane,0
20103,KS,Leavenworth,1
20105,KS,Lincoln,0
20107,KS,Linn,0
20109,KS,Logan,0
20111,KS,Lyon,1
20113,KS,McPherson,3
20115,KS,Marion,2
20117,KS,Marshall,2
20119,KS,Meade,0
20121,KS,Miami,1
20123,KS,Mitchell,0
20125,KS,Montgomery,3
20127,KS,Morris,0
20129,KS,Morton,0
20131,KS,Nemaha,2
20133,KS,Neosho,2
20135,KS,Ness,0
20137,KS,Norton,1
20139,KS,Osage,2
20141,KS,Osborne,1
20143,KS,Ottawa,0
20145,KS,Pawnee,0
20147,KS,Phillips,0
20149,KS,Pottawatomie,0
20151,KS,Pratt,0
20153,KS,Rawlins,0
20155,KS,Reno,3
20157,KS,Republic,2
20159,KS,Rice,1
20161,KS,Riley,2
20163,KS,Rooks,0
20165,KS,Rush,1
20167,KS,Russell,1
20169,KS,Saline,2
20171,KS,Scott,0
20173,KS,Sedgwick,8
20175,KS,Seward,2
20177,KS,Shawnee,6
20179,KS,Sheridan,1
20181,KS,Sherman,1
20183,KS,Smith,1
20185,KS,Stafford,1
20187,KS,Stanton,0
20189,KS,Stevens,0
20191,KS,Sumner,1
20193,KS,Thomas,1
20195,KS,Trego,0
20197,KS,Wabaunsee,0
20199,KS,Wallace,0
20201,KS,Washington,2
20203,KS,Wichita,1
20205,KS,Wilson,0
20207,KS,Woodson,0
20209,KS,Wyandotte,5
21001,KY,Adair,2
21003,KY,Allen,0
21005,KY,Anderson,1
21007,KY,Ballard,1
21009,KY,Barren,4
21011,KY,Bath,1
21013,KY,Bell,0
21015,KY,Boone,1
21017,KY,Bourbon,1
21019,KY,Boyd,1
21021,KY,Boyle,1
21023,KY,Bracken,0
21025,KY,Breathitt,1
21027,KY,Breckinridge,1
21029,KY,Bullitt,0
21031,KY,Butler,0
21033,KY,Caldwell,0
21035,KY,Calloway,1
21037,KY,Campbell,6
21039,KY,Carlisle,1
21041,KY,Carroll,1
21043,KY,Carter,1
21045,KY,Casey,0
21047,KY,Christian,2
21049,KY,Clark,1
21051,KY,Clay,0
21053,KY,Clinton,1
21055,KY,Crittenden,1
21057,KY,Cumberland,0
21059,KY,Daviess,1
21061,KY,Edmonson,1
21063,KY,Elliott,1
21065,KY,Estill,1
21067,KY,Fayette,5
21069,KY,Fleming,1
21071,KY,Floyd,1
21073,KY,Franklin,1
21075,KY,Fulton,0
21077,KY,Gallatin,0
21079,KY,Garrard,1
21081,KY,Grant,3
21083,KY,Graves,2
21085,KY,Grayson,1
21087,KY,Green,0
21089,KY,Greenup,1
21091,KY,Hancock,0
21093,KY,Hardin,3
21095,KY,Harlan,1
21097,KY,Harrison,1
21099,KY,Hart,1
21101,KY,Henderson,1
21103,KY,Henry,1
21105,KY,Hickman,0
21107,KY,Hopkins,0
21109,KY,Jackson,1
21111,KY,Jefferson,17
21113,KY,Jessamine,1
21115,KY,Johnson,1
21117,KY,Kenton,2
21119,KY,Knott,0
21121,KY,Knox,0
21123,KY,Larue,0
21125,KY,Laurel,1
21127,KY,Lawrence,1
21129,KY,Lee,0
21131,KY,Leslie,0
21133,KY,Letcher,1
21135,KY,Lewis,1
21137,KY,Lincoln,1
21139,KY,Livingston,0
21141,KY,Logan,1
21143,KY,Lyon,0
21145,KY,McCracken,1
21147,KY,McCreary,0
21149,KY,McLean,1
21151,KY,Madison,1
21153,KY,Magoffin,0
21155,KY,Marion,1
21157,KY,Marshall,0
21159,KY,Martin,0
21161,KY,Mason,0
21163,KY,Meade,1
21165,KY,Menifee,0
21167,KY,Mercer,1
21169,KY,Metcalfe,1
21171,KY,Monroe,1
21173,KY,Montgomery,1
21175,KY,Morgan,0
21177,KY,Muhlenberg,2
21179,KY,Nelson,1
21181,KY,Nicholas,0
21183,KY,Ohio,1
21185,KY,Oldham,2
21187,KY,Owen,1
21189,KY,Owsley,1
21191,KY,Pendleton,1
21193,KY,Perry,1
21195,KY,Pike,1
21197,KY,Powell,1
21199,KY,Pulaski,2
21201,KY,Robertson,1
21203,KY,Rockcastle,2
21205,KY,Rowan,1
21207,KY,Russell,1
21209,KY,Scott,1
21211,KY,Shelby,2
21213,KY,Simpson,1
21215,KY,Spencer,1
21217,KY,Taylor,1
21219,KY,Todd,1
21221,KY,Trigg,1
21223,KY,Trimble,0
21225,KY,Union,0
21227,KY,Warren,4
21229,KY,Washington,1
21231,KY,Wayne,1
21233,KY,Webster,0
21235,KY,Whitley,0
21237,KY,Wolfe,1
21239,KY,Woodford,3
22001,LA,Acadia,0
22003,LA,Allen,1
22005,LA,Ascension,0
22007,LA,Assumption,0
22009,LA,Avoyelles,3
22011,LA,Beauregard,3
22013,LA,Bienville,0
22015,LA,Bossier,4
22017,LA,Caddo,2
22019,LA,Calcasieu,3
22021,LA,Caldwell,0
22023,LA,Cameron,0
22025,LA,Catahoula,0
22027,LA,Claiborne,0
22029,LA,Concordia,0
22031,LA,De Soto,1
22033,LA,East Baton Rouge,8
22035,LA,East Carroll,1
22037,LA,East Feliciana,0
22039,LA,Evangeline,1
22041,LA,Franklin,0
22043,LA,Grant,0
22045,LA,Iberia,3
22047,LA,Iberville,0
22049,LA,Jackson,0
22051,LA,Jefferson,3
22053,LA,Jefferson Davis,3
22055,LA,Lafayette,6
22057,LA,Lafourche,3
22059,LA,La Salle,1
22061,LA,Lincoln,1
22063,LA,Livingston,1
22065,LA,Madison,0
22067,LA,Morehouse,0
22069,LA,Natchitoches,1
22071,LA,Orleans,9
22073,LA,Ouachita,2
22075,LA,Plaquemines,0
22077,LA,Pointe Coupee,0
22079,LA,Rapides,2
22081,LA,Red River,0
22083,LA,Richland,0
22085,LA,Sabine,1
22087,LA,St. Bernard,1
22089,LA,St. Charles,2
22091,LA,St. Helena,0
22093,LA,St. James,0
22095,LA,St. John the Baptist,1
22097,LA,St. Landry,1
22099,LA,St. Martin,2
22101,LA,St. Mary,1
22103,LA,St. Tammany,5
22105,LA,Tangipahoa,1
22107,LA,Tensas,0
22109,LA,Terrebonne,2
22111,LA,Union,1
22113,LA,Vermilion,1
22115,LA,Vernon,2
22117,LA,Washington,0
22119,LA,Webster,0
22121,LA,West Baton Rouge,0
22123,LA,West Carroll,0
22125,LA,West Feliciana,1
22127,LA,Winn,1
23001,ME,Androscoggin,6
23003,ME,Aroostook,3
23005,ME,Cumberland,17
23007,ME,Franklin,5
23009,ME,Hancock,10
23011,ME,Kennebec,8
23013,ME,Knox,4
23015,ME,Lincoln,1
23017,ME,Oxford,6
23019,ME,Penobscot,7
23021,ME,Piscataquis,1
23023,ME,Sagadahoc,2
23025,ME,Somerset,4
23027,ME,Waldo,8
23029,ME,Washington,5
23031,ME,York,11
24001,MD,Allegany,3
24003,MD,Anne Arundel,15
24005,MD,Baltimore,17
24009,MD,Calvert,4
24011,MD,Caroline,2
24013,MD,Carroll,5
24015,MD,Cecil,2
24017,MD,Charles,4
24019,MD,Dorchester,1
24021,MD,Frederick,15
24023,MD,Garrett,1
24025,MD,Harford,3
24027,MD,Howard,6
24029,MD,Kent,1
24031,MD,Montgomery,20
24033,MD,Prince George's,22
24035,MD,Queen Anne's,3
24037,MD,St. Mary's,4
24039,MD,Somerset,3
24041,MD,Talbot,0
24043,MD,Washington,4
24045,MD,Wicomico,3
24047,MD,Worcester,3
24510,MD,Baltimore,20
25001,MA,Barnstable,19
25003,MA,Berkshire,19
25005,MA,Bristol,24
25007,MA,Dukes,3
25009,MA,Essex,24
25011,MA,Franklin,11
25013,MA,Hampden,19
25015,MA,Hampshire,13
25017,MA,Middlesex,60
25019,MA,Nantucket,2
25021,MA,Norfolk,23
25023,MA,Plymouth,18
25025,MA,Suffolk,30
25027,MA,Worcester,60
26001,MI,Alcona,3
26003,MI,Alger,1
26005,MI,Allegan,5
26007,MI,Alpena,2
26009,MI,Antrim,5
26011,MI,Arenac,2
26013,MI,Baraga,1
26015,MI,Barry,2
26017,MI,Bay,3
26019,MI,Benzie,5
26021,MI,Berrien,6
26023,MI,Branch,0
26025,MI,Calhoun,8
26027,MI,Cass,1
26029,MI,Charlevoix,3
26031,MI,Cheboygan,2
26033,MI,Chippewa,2
26035,MI,Clare,3
26037,MI,Clinton,5
26039,MI,Crawford,2
26041,MI,Delta,2
26043,MI,Dickinson,1
26045,MI,Eaton,5
26047,MI,Emmet,4
26049,MI,Genesee,6
26051,MI,Gladwin,1
26053,MI,Gogebic,0
26055,MI,Grand Traverse,7
26057,MI,Gratiot,3
26059,MI,Hillsdale,1
26061,MI,Houghton,4
26063,MI,Huron,1
26065,MI,Ingham,12
26067,MI,Ionia,3
26069,MI,Iosco,4
26071,MI,Iron,1
26073,MI,Isabella,2
26075,MI,Jackson,3
26077,MI,Kalamazoo,10
26079,MI,Kalkaska,2
26081,MI,Kent,20
26083,MI,Keweenaw,0
26085,MI,Lake,0
26087,MI,Lapeer,5
26089,MI,Leelanau,6
26091,MI,Lenawee,4
26093,MI,Livingston,6
26095,MI,Luce,1
26097,MI,Mackinac,2
26099,MI,Macomb,8
26101,MI,Manistee,1
26103,MI,Marquette,4
26105,MI,Mason,2
26107,MI,Mecosta,2
26109,MI,Menominee,6
26111,MI,Midland,2
26113,MI,Missaukee,0
26115,MI,Monroe,5
26117,MI,Montcalm,5
26119,MI,Montmorency,1
26121,MI,Muskegon,5
26123,MI,Newaygo,2
26125,MI,Oakland,28
26127,MI,Oceana,1
26129,MI,Ogemaw,2
26131,MI,Ontonagon,1
26133,MI,Osceola,3
26135,MI,Oscoda,0
26137,MI,Otsego,1
26139,MI,Ottawa,9
26141,MI,Presque Isle,2
26143,MI,Roscommon,1
26145,MI,Saginaw,7
26147,MI,St. Clair,3
26149,MI,St. Joseph,2
26151,MI,Sanilac,1
26153,MI,Schoolcraft,1
26155,MI,Shiawassee,8
26157,MI,Tuscola,2
26159,MI,Van Buren,5
26161,MI,Washtenaw,14
26163,MI,Wayne,29
26165,MI,Wexford,1
27001,MN,Aitkin,0
27003,MN,Anoka,6
27005,MN,Becker,2
27007,MN,Beltrami,2
27009,MN,Benton,0
27011,MN,Big Stone,0
27013,MN,Blue Earth,1
27015,MN,Brown,0
27017,MN,Carlton,2
27019,MN,Carver,1
27021,MN,Cass,4
27023,MN,Chippewa,1
27025,MN,Chisago,6
27027,MN,Clay,3
27029,MN,Clearwater,1
27031,MN,Cook,1
27033,MN,Cottonwood,0
27035,MN,Crow Wing,2
27037,MN,Dakota,8
27039,MN,Dodge,1
27041,MN,Douglas,2
27043,MN,Faribault,0
27045,MN,Fillmore,2
27047,MN,Freeborn,1
27049,MN,Goodhue,1
27051,MN,Grant,0
27053,MN,Hennepin,43
27055,MN,Houston,1
27057,MN,Hubbard,2
27059,MN,Isanti,2
27061,MN,Itasca,1
27063,MN,Jackson,0
27065,MN,Kanabec,1
27067,MN,Kandiyohi,3
27069,MN,Kittson,0
27071,MN,Koochiching,0
27073,MN,Lac qui Parle,2
27075,MN,Lake,0
27077,MN,Lake of the Woods,1
27079,MN,Le Sueur,1
27081,MN,Lincoln,2
27083,MN,Lyon,1
27085,MN,McLeod,3
27087,MN,Mahnomen,1
27089,MN,Marshall,2
27091,MN,Martin,0
27093,MN,Meeker,1
27095,MN,Mille Lacs,2
27097,MN,Morrison,2
27099,MN,Mower,2
27101,MN,Murray,1
27103,MN,Nicollet,1
27105,MN,Nobles,0
27107,MN,Norman,0
27109,MN,Olmsted,4
27111,MN,Otter Tail,0
27113,MN,Pennington,1
27115,MN,Pine,1
27117,MN,Pipestone,0
27119,MN,Polk,4
27121,MN,Pope,2
27123,MN,Ramsey,13
27125,MN,Red Lake,0
27127,MN,Redwood,0
27129,MN,Renville,0
27131,MN,Rice,3
27133,MN,Rock,1
27135,MN,Roseau,1
27137,MN,St. Louis,12
27139,MN,Scott,1
27141,MN,Sherburne,1
27143,MN,Sibley,2
27145,MN,Stearns,6
27147,MN,Steele,2
27149,MN,Stevens,1
27151,MN,Swift,1
27153,MN,Todd,1
27155,MN,Traverse,0
27157,MN,Wabasha,1
27159,MN,Wadena,1
27161,MN,Waseca,0
27163,MN,Washington,6
27165,MN,Watonwan,2
27167,MN,Wilkin,0
27169,MN,Winona,2
27171,MN,Wright,4
27173,MN,Yellow Medicine,1
28001,MS,Adams,0
28003,MS,Alcorn,2
28005,MS,Amite,0
28007,MS,Attala,1
28009,MS,Benton,0
28011,MS,Bolivar,2
28013,MS,Calhoun,1
28015,MS,Carroll,1
28017,MS,Chickasaw,0
28019,MS,Choctaw,2
28021,MS,Claiborne,0
28023,MS,Clarke,0
28025,MS,Clay,1
28027,MS,Coahoma,2
28029,MS,Copiah,2
28031,MS,Covington,0
28033,MS,DeSoto,3
28035,MS,Forrest,5
28037,MS,Franklin,0
28039,MS,George,0
28041,MS,Greene,0
28043,MS,Grenada,3
28045,MS,Hancock,0
28047,MS,Harrison,7
28049,MS,Hinds,5
28051,MS,Holmes,0
28053,MS,Humphreys,0
28055,MS,Issaquena,0
28057,MS,Itawamba,2
28059,MS,Jackson,3
28061,MS,Jasper,0
28063,MS,Jefferson,0
28065,MS,Jefferson Davis,0
28067,MS,Jones,1
28069,MS,Kemper,0
28071,MS,Lafayette,3
28073,MS,Lamar,1
28075,MS,Lauderdale,1
28077,MS,Lawrence,0
28079,MS,Leake,0
28081,MS,Lee,1
28083,MS,Leflore,0
28085,MS,Lincoln,1
28087,MS,Lowndes,1
28089,MS,Madison,3
28091,MS,Marion,1
28093,MS,Marshall,1
28095,MS,Monroe,1
28097,MS,Montgomery,0
28099,MS,Neshoba,1
28101,MS,Newton,0
28103,MS,Noxubee,1
28105,MS,Oktibbeha,2
28107,MS,Panola,1
28109,MS,Pearl River,1
28111,MS,Perry,0
28113,MS,Pike,2
28115,MS,Pontotoc,0
28117,MS,Prentiss,1
28119,MS,Quitman,1
28121,MS,Rankin,0
28123,MS,Scott,0
28125,MS,Sharkey,0
28127,MS,Simpson,0
28129,MS,Smith,0
28131,MS,Stone,1
28133,MS,Sunflower,1
28135,MS,Tallahatchie,0
28137,MS,Tate,1
28139,MS,Tippah,1
28141,MS,Tishomingo,2
28143,MS,Tunica,0
28145,MS,Union,1
28147,MS,Walthall,1
28149,MS,Warren,1
28151,MS,Washington,2
28153,MS,Wayne,0
28155,MS,Webster,1
28157,MS,Wilkinson,0
28159,MS,Winston,1
28161,MS,Yalobusha,1
28163,MS,Yazoo,1
29001,MO,Adair,1
29003,MO,Andrew,0
29005,MO,Atchison,0
29007,MO,Audrain,1
29009,MO,Barry,2
29011,MO,Barton,1
29013,MO,Bates,0
29015,MO,Benton,1
29017,MO,Bollinger,1
29019,MO,Boone,10
29021,MO,Buchanan,2
29023,MO,Butler,4
29025,MO,Caldwell,1
29027,MO,Callaway,3
29029,MO,Camden,4
29031,MO,Cape Girardeau,5
29033,MO,Carroll,2
29035,MO,Carter,0
29037,MO,Cass,6
29039,MO,Cedar,2
29041,MO,Chariton,0
29043,MO,Christian,5
29045,MO,Clark,1
29047,MO,Clay,7
29049,MO,Clinton,1
29051,MO,Cole,5
29053,MO,Cooper,1
29055,MO,Crawford,3
29057,MO,Dade,0
29059,MO,Dallas,2
29061,MO,Daviess,0
29063,MO,DeKalb,0
29065,MO,Dent,1
29067,MO,Douglas,1
29069,MO,Dunklin,1
29071,MO,Franklin,7
29073,MO,Gasconade,3
29075,MO,Gentry,0
29077,MO,Greene,8
29079,MO,Grundy,1
29081,MO,Harrison,1
29083,MO,Henry,3
29085,MO,Hickory,1
29087,MO,Holt,0
29089,MO,Howard,1
29091,MO,Howell,5
29093,MO,Iron,1
29095,MO,Jackson,18
29097,MO,Jasper,3
29099,MO,Jefferson,5
29101,MO,Johnson,4
29103,MO,Knox,0
29105,MO,Laclede,2
29107,MO,Lafayette,6
29109,MO,Lawrence,6
29111,MO,Lewis,0
29113,MO,Lincoln,2
29115,MO,Linn,2
29117,MO,Livingston,1
29119,MO,McDonald,3
29121,MO,Macon,1
29123,MO,Madison,2
29125,MO,Maries,0
29127,MO,Marion,1
29129,MO,Mercer,1
29131,MO,Miller,2
29133,MO,Mississippi,1
29135,MO,Moniteau,0
29137,MO,Monroe,2
29139,MO,Montgomery,1
29141,MO,Morgan,2
29143,MO,New Madrid,0
29145,MO,Newton,2
29147,MO,Nodaway,1
29149,MO,Oregon,1
29151,MO,Osage,1
29153,MO,Ozark,1
29155,MO,Pemiscot,0
29157,MO,Perry,0
29159,MO,Pettis,1
29161,MO,Phelps,3
29163,MO,Pike,3
29165,MO,Platte,3
29167,MO,Polk,1
29169,MO,Pulaski,3
29171,MO,Putnam,1
29173,MO,Ralls,0
29175,MO,Randolph,3
29177,MO,Ray,1
29179,MO,Reynolds,0
29181,MO,Ripley,1
29183,MO,St. Charles,5
29185,MO,St. Clair,0
29186,MO,Ste. Genevieve,2
29187,MO,St. Francois,1
29189,MO,St. Louis,16
29195,MO,Saline,1
29197,MO,Schuyler,1
29199,MO,Scotland,2
29201,MO,Scott,1
29203,MO,Shannon,2
29205,MO,Shelby,1
29207,MO,Stoddard,1
29209,MO,Stone,3
29211,MO,Sullivan,0
29213,MO,Taney,4
29215,MO,Texas,2
29217,MO,Vernon,1
29219,MO,Warren,4
29221,MO,Washington,0
29223,MO,Wayne,0
29225,MO,Webster,1
29227,MO,Worth,1
29229,MO,Wright,2
29510,MO,St. Louis,9
30001,MT,Beaverhead,1
30003,MT,Big Horn,1
30005,MT,Blaine,0
30007,MT,Broadwater,0
30009,MT,Carbon,1
30011,MT,Carter,0
30013,MT,Cascade,2
30015,MT,Chouteau,1
30017,MT,Custer,1
30019,MT,Daniels,0
30021,MT,Dawson,2
30023,MT,Deer Lodge,1
30025,MT,Fallon,0
30027,MT,Fergus,1
30029,MT,Flathead,5
30031,MT,Gallatin,8
30033,MT,Garfield,0
30035,MT,Glacier,0
30037,MT,Golden Valley,0
30039,MT,Granite,0
30041,MT,Hill,1
30043,MT,Jefferson,2
30045,MT,Judith Basin,1
30047,MT,Lake,2
30049,MT,Lewis and Clark,1
30051,MT,Liberty,2
30053,MT,Lincoln,2
30055,MT,McCone,1
30057,MT,Madison,4
30059,MT,Meagher,0
30061,MT,Mineral,0
30063,MT,Missoula,6
30065,MT,Musselshell,0
30067,MT,Park,2
30069,MT,Petroleum,0
30071,MT,Phillips,0
30073,MT,Pondera,0
30075,MT,Powder River,0
30077,MT,Powell,1
30079,MT,Prairie,0
30081,MT,Ravalli,4
30083,MT,Richland,1
30085,MT,Roosevelt,1
30087,MT,Rosebud,0
30089,MT,Sanders,4
30091,MT,Sheridan,0
30093,MT,Silver Bow,1
30095,MT,Stillwater,1
30097,MT,Sweet Grass,1
30099,MT,Teton,1
30101,MT,Toole,1
30103,MT,Treasure,1
30105,MT,Valley,2
30107,MT,Wheatland,0
30109,MT,Wibaux,0
30111,MT,Yellowstone,3
31001,NE,Adams,2
31003,NE,Antelope,3
31005,NE,Arthur,0
31007,NE,Banner,1
31009,NE,Blaine,0
31011,NE,Boone,0
31013,NE,Box Butte,1
31015,NE,Boyd,0
31017,NE,Brown,3
31019,NE,Buffalo,4
31021,NE,Burt,1
31023,NE,Butler,1
31025,NE,Cass,1
31027,NE,Cedar,1
31029,NE,Chase,0
31031,NE,Cherry,1
31033,NE,Cheyenne,1
31035,NE,Clay,1
31037,NE,Colfax,1
31039,NE,Cuming,2
31041,NE,Custer,1
31043,NE,Dakota,1
31045,NE,Dawes,1
31047,NE,Dawson,5
31049,NE,Deuel,0
31051,NE,Dixon,0
31053,NE,Dodge,2
31055,NE,Douglas,10
31057,NE,Dundy,0
31059,NE,Fillmore,1
31061,NE,Franklin,0
31063,NE,Frontier,1
31065,NE,Furnas,0
31067,NE,Gage,3
31069,NE,Garden,0
31071,NE,Garfield,1
31073,NE,Gosper,0
31075,NE,Grant,0
31077,NE,Greeley,0
31079,NE,Hall,2
31081,NE,Hamilton,0
31083,NE,Harlan,2
31085,NE,Hayes,0
31087,NE,Hitchcock,0
31089,NE,Holt,0
31091,NE,Hooker,0
31093,NE,Howard,0
31095,NE,Jefferson,1
31097,NE,Johnson,0
31099,NE,Kearney,2
31101,NE,Keith,1
31103,NE,Keya Paha,0
31105,NE,Kimball,0
31107,NE,Knox,1
31109,NE,Lancaster,8
31111,NE,Lincoln,2
31113,NE,Logan,0
31115,NE,Loup,0
31117,NE,McPherson,0
31119,NE,Madison,3
31121,NE,Merrick,0
31123,NE,Morrill,1
31125,NE,Nance,0
31127,NE,Nemaha,2
31129,NE,Nuckolls,0
31131,NE,Otoe,2
31133,NE,Pawnee,0
31135,NE,Perkins,0
31137,NE,Phelps,1
31139,NE,Pierce,1
31141,NE,Platte,1
31143,NE,Polk,1
31145,NE,Red Willow,1
31147,NE,Richardson,0
31149,NE,Rock,1
31151,NE,Saline,0
31153,NE,Sarpy,2
31155,NE,Saunders,3
31157,NE,Scotts Bluff,3
31159,NE,Seward,1
31161,NE,Sheridan,2
31163,NE,Sherman,1
31165,NE,Sioux,0
31167,NE,Stanton,0
31169,NE,Thayer,3
31171,NE,Thomas,0
31173,NE,Thurston,0
31175,NE,Valley,1
31177,NE,Washington,1
31179,NE,Wayne,1
31181,NE,Webster,1
31183,NE,Wheeler,0
31185,NE,York,1
32001,NV,Churchill,3
32003,NV,Clark,11
32005,NV,Douglas,3
32007,NV,Elko,1
32009,NV,Esmeralda,0
32011,NV,Eureka,1
32013,NV,Humboldt,1
32015,NV,Lander,0
32017,NV,Lincoln,3
32019,NV,Lyon,3
32021,NV,Mineral,1
32023,NV,Nye,0
32027,NV,Pershing,0
32029,NV,Storey,1
32031,NV,Washoe,8
32033,NV,White Pine,1
32510,NV,Carson City,2
33001,NH,Belknap,16
33003,NH,Carroll,7
33005,NH,Cheshire,5
33007,NH,Coos,3
33009,NH,Grafton,8
33011,NH,Hillsborough,17
33013,NH,Merrimack,13
33015,NH,Rockingham,14
33017,NH,Strafford,10
33019,NH,Sullivan,3
34001,NJ,Atlantic,5
34003,NJ,Bergen,13
34005,NJ,Burlington,8
34007,NJ,Camden,12
34009,NJ,Cape May,5
34011,NJ,Cumberland,2
34013,NJ,Essex,11
34015,NJ,Gloucester,1
34017,NJ,Hudson,8
34019,NJ,Hunterdon,5
34021,NJ,Mercer,14
34023,NJ,Middlesex,7
34025,NJ,Monmouth,9
34027,NJ,Morris,13
34029,NJ,Ocean,12
34031,NJ,Passaic,6
34033,NJ,Salem,1
34035,NJ,Somerset,5
34037,NJ,Sussex,3
34039,NJ,Union,6
34041,NJ,Warren,4
35001,NM,Bernalillo,8
35003,NM,Catron,0
35005,NM,Chaves,1
35006,NM,Cibola,1
35007,NM,Colfax,2
35009,NM,Curry,1
35011,NM,De Baca,1
35013,NM,DoÃ±a Ana,5
35015,NM,Eddy,1
35017,NM,Grant,2
35019,NM,Guadalupe,0
35021,NM,Harding,0
35023,NM,Hidalgo,0
35025,NM,Lea,0
35027,NM,Lincoln,4
35028,NM,Los Alamos,1
35029,NM,Luna,1
35031,NM,McKinley,2
35033,NM,Mora,1
35035,NM,Otero,6
35037,NM,Quay,1
35039,NM,Rio Arriba,3
35041,NM,Roosevelt,1
35043,NM,Sandoval,7
35045,NM,San Juan,3
35047,NM,San Miguel,2
35049,NM,Santa Fe,5
35051,NM,Sierra,1
35053,NM,Socorro,2
35055,NM,Taos,4
35057,NM,Torrance,1
35059,NM,Union,1
35061,NM,Valencia,2
36001,NY,Albany,16
36003,NY,Allegany,6
36005,NY,Bronx,42
36007,NY,Broome,8
36009,NY,Cattaraugus,4
36011,NY,Cayuga,6
36013,NY,Chautauqua,8
36015,NY,Chemung,4
36017,NY,Chenango,5
36019,NY,Clinton,6
36021,NY,Columbia,8
36023,NY,Cortland,4
36025,NY,Delaware,8
36027,NY,Dutchess,16
36029,NY,Erie,24
36031,NY,Essex,10
36033,NY,Franklin,7
36035,NY,Fulton,3
36037,NY,Genesee,4
36039,NY,Greene,4
36041,NY,Hamilton,2
36043,NY,Herkimer,5
36045,NY,Jefferson,16
36047,NY,Kings,44
36049,NY,Lewis,4
36051,NY,Livingston,7
36053,NY,Madison,8
36055,NY,Monroe,29
36057,NY,Montgomery,7
36059,NY,Nassau,24
36061,NY,New York,46
36063,NY,Niagara,8
36065,NY,Oneida,18
36067,NY,Onondaga,15
36069,NY,Ontario,8
36071,NY,Orange,16
36073,NY,Orleans,2
36075,NY,Oswego,5
36077,NY,Otsego,8
36079,NY,Putnam,3
36081,NY,Queens,20
36083,NY,Rensselaer,10
36085,NY,Richmond,4
36087,NY,Rockland,8
36089,NY,St. Lawrence,14
36091,NY,Saratoga,12
36093,NY,Schenectady,4
36095,NY,Schoharie,4
36097,NY,Schuyler,4
36099,NY,Seneca,4
36101,NY,Steuben,6
36103,NY,Suffolk,23
36105,NY,Sullivan,8
36107,NY,Tioga,3
36109,NY,Tompkins,6
36111,NY,Ulster,14
36113,NY,Warren,7
36115,NY,Washington,7
36117,NY,Wayne,6
36119,NY,Westchester,34
36121,NY,Wyoming,4
36123,NY,Yates,3
37001,NC,Alamance,4
37003,NC,Alexander,1
37005,NC,Alleghany,1
37007,NC,Anson,2
37009,NC,Ashe,1
37011,NC,Avery,1
37013,NC,Beaufort,1
37015,NC,Bertie,0
37017,NC,Bladen,0
37019,NC,Brunswick,2
37021,NC,Buncombe,17
37023,NC,Burke,3
37025,NC,Cabarrus,5
37027,NC,Caldwell,3
37029,NC,Camden,0
37031,NC,Carteret,2
37033,NC,Caswell,1
37035,NC,Catawba,7
37037,NC,Chatham,4
37039,NC,Cherokee,2
37041,NC,Chowan,1
37043,NC,Clay,1
37045,NC,Cleveland,2
37047,NC,Columbus,2
37049,NC,Craven,2
37051,NC,Cumberland,1
37053,NC,Currituck,0
37055,NC,Dare,2
37057,NC,Davidson,3
37059,NC,Davie,3
37061,NC,Duplin,0
37063,NC,Durham,6
37065,NC,Edgecombe,1
37067,NC,Forsyth,7
37069,NC,Franklin,1
37071,NC,Gaston,5
37073,NC,Gates,0
37075,NC,Graham,1
37077,NC,Granville,3
37079,NC,Greene,1
37081,NC,Guilford,4
37083,NC,Halifax,1
37085,NC,Harnett,3
37087,NC,Haywood,4
37089,NC,Henderson,4
37091,NC,Hertford,0
37093,NC,Hoke,1
37095,NC,Hyde,0
37097,NC,Iredell,8
37099,NC,Jackson,4
37101,NC,Johnston,3
37103,NC,Jones,0
37105,NC,Lee,0
37107,NC,Lenoir,1
37109,NC,Lincoln,3
37111,NC,McDowell,1
37113,NC,Macon,1
37115,NC,Madison,3
37117,NC,Martin,2
37119,NC,Mecklenburg,16
37121,NC,Mitchell,2
37123,NC,Montgomery,2
37125,NC,Moore,3
37127,NC,Nash,1
37129,NC,New Hanover,4
37131,NC,Northampton,0
37133,NC,Onslow,3
37135,NC,Orange,6
37137,NC,Pamlico,1
37139,NC,Pasquotank,1
37141,NC,Pender,1
37143,NC,Perquimans,0
37145,NC,Person,1
37147,NC,Pitt,6
37149,NC,Polk,2
37151,NC,Randolph,3
37153,NC,Richmond,1
37155,NC,Robeson,1
37157,NC,Rockingham,4
37159,NC,Rowan,4
37161,NC,Rutherford,3
37163,NC,Sampson,1
37165,NC,Scotland,1
37167,NC,Stanly,2
37169,NC,Stokes,2
37171,NC,Surry,4
37173,NC,Swain,3
37175,NC,Transylvania,1
37177,NC,Tyrrell,0
37179,NC,Union,2
37181,NC,Vance,1
37183,NC,Wake,14
37185,NC,Warren,1
37187,NC,Washington,1
37189,NC,Watauga,4
37191,NC,Wayne,1
37193,NC,Wilkes,1
37195,NC,Wilson,3
37197,NC,Yadkin,3
37199,NC,Yancey,1
38001,ND,Adams,0
38003,ND,Barnes,1
38005,ND,Benson,1
38007,ND,Billings,0
38009,ND,Bottineau,1
38011,ND,Bowman,1
38013,ND,Burke,2
38015,ND,Burleigh,5
38017,ND,Cass,4
38019,ND,Cavalier,1
38021,ND,Dickey,0
38023,ND,Divide,1
38025,ND,Dunn,1
38027,ND,Eddy,0
38029,ND,Emmons,0
38031,ND,Foster,0
38033,ND,Golden Valley,1
38035,ND,Grand Forks,2
38037,ND,Grant,0
38039,ND,Griggs,1
38041,ND,Hettinger,0
38043,ND,Kidder,0
38045,ND,LaMoure,2
38047,ND,Logan,0
38049,ND,McHenry,3
38051,ND,McIntosh,1
38053,ND,McKenzie,1
38055,ND,McLean,1
38057,ND,Mercer,3
38059,ND,Morton,3
38061,ND,Mountrail,2
38063,ND,Nelson,0
38065,ND,Oliver,0
38067,ND,Pembina,3
38069,ND,Pierce,1
38071,ND,Ramsey,2
38073,ND,Ransom,2
38075,ND,Renville,1
38077,ND,Richland,1
38079,ND,Rolette,1
38081,ND,Sargent,0
38083,ND,Sheridan,1
38085,ND,Sioux,1
38087,ND,Slope,0
38089,ND,Stark,1
38091,ND,Steele,0
38093,ND,Stutsman,3
38095,ND,Towner,1
38097,ND,Traill,0
38099,ND,Walsh,1
38101,ND,Ward,4
38103,ND,Wells,1
38105,ND,Williams,3
39001,OH,Adams,0
39003,OH,Allen,4
39005,OH,Ashland,2
39007,OH,Ashtabula,8
39009,OH,Athens,2
39011,OH,Auglaize,2
39013,OH,Belmont,4
39015,OH,Brown,4
39017,OH,Butler,6
39019,OH,Carroll,2
39021,OH,Champaign,3
39023,OH,Clark,2
39025,OH,Clermont,3
39027,OH,Clinton,1
39029,OH,Columbiana,0
39031,OH,Coshocton,1
39033,OH,Crawford,2
39035,OH,Cuyahoga,30
39037,OH,Darke,1
39039,OH,Defiance,3
39041,OH,Delaware,5
39043,OH,Erie,2
39045,OH,Fairfield,3
39047,OH,Fayette,1
39049,OH,Franklin,30
39051,OH,Fulton,2
39053,OH,Gallia,2
39055,OH,Geauga,3
39057,OH,Greene,12
39059,OH,Guernsey,2
39061,OH,Hamilton,16
39063,OH,Hancock,2
39065,OH,Hardin,2
39067,OH,Harrison,1
39069,OH,Henry,0
39071,OH,Highland,4
39073,OH,Hocking,0
39075,OH,Holmes,7
39077,OH,Huron,2
39079,OH,Jackson,0
39081,OH,Jefferson,3
39083,OH,Knox,3
39085,OH,Lake,8
39087,OH,Lawrence,0
39089,OH,Licking,7
39091,OH,Logan,1
39093,OH,Lorain,5
39095,OH,Lucas,4
39097,OH,Madison,3
39099,OH,Mahoning,5
39101,OH,Marion,1
39103,OH,Medina,6
39105,OH,Meigs,0
39107,OH,Mercer,1
39109,OH,Miami,6
39111,OH,Monroe,0
39113,OH,Montgomery,12
39115,OH,Morgan,2
39117,OH,Morrow,2
39119,OH,Muskingum,3
39121,OH,Noble,0
39123,OH,Ottawa,1
39125,OH,Paulding,0
39127,OH,Perry,3
39129,OH,Pickaway,1
39131,OH,Pike,3
39133,OH,Portage,4
39135,OH,Preble,2
39137,OH,Putnam,1
39139,OH,Richland,8
39141,OH,Ross,1
39143,OH,Sandusky,1
39145,OH,Scioto,1
39147,OH,Seneca,1
39149,OH,Shelby,1
39151,OH,Stark,15
39153,OH,Summit,17
39155,OH,Trumbull,4
39157,OH,Tuscarawas,1
39159,OH,Union,2
39161,OH,Van Wert,2
39163,OH,Vinton,0
39165,OH,Warren,3
39167,OH,Washington,3
39169,OH,Wayne,6
39171,OH,Williams,1
39173,OH,Wood,4
39175,OH,Wyandot,1
40001,OK,Adair,0
40003,OK,Alfalfa,0
40005,OK,Atoka,0
40007,OK,Beaver,0
40009,OK,Beckham,1
40011,OK,Blaine,0
40013,OK,Bryan,0
40015,OK,Caddo,0
40017,OK,Canadian,2
40019,OK,Carter,1
40021,OK,Cherokee,1
40023,OK,Choctaw,1
40025,OK,Cimarron,0
40027,OK,Cleveland,1
40029,OK,Coal,0
40031,OK,Comanche,1
40033,OK,Cotton,0
40035,OK,Craig,1
40037,OK,Creek,0
40039,OK,Custer,1
40041,OK,Delaware,0
40043,OK,Dewey,0
40045,OK,Ellis,0
40047,OK,Garfield,1
40049,OK,Garvin,0
40051,OK,Grady,2
40053,OK,Grant,1
40055,OK,Greer,1
40057,OK,Harmon,0
40059,OK,Harper,0
40061,OK,Haskell,1
40063,OK,Hughes,0
40065,OK,Jackson,1
40067,OK,Jefferson,0
40069,OK,Johnston,0
40071,OK,Kay,2
40073,OK,Kingfisher,0
40075,OK,Kiowa,1
40077,OK,Latimer,1
40079,OK,Le Flore,2
40081,OK,Lincoln,0
40083,OK,Logan,0
40085,OK,Love,0
40087,OK,McClain,2
40089,OK,McCurtain,2
40091,OK,McIntosh,1
40093,OK,Major,0
40095,OK,Marshall,0
40097,OK,Mayes,1
40099,OK,Murray,0
40101,OK,Muskogee,1
40103,OK,Noble,1
40105,OK,Nowata,2
40107,OK,Okfuskee,0
40109,OK,Oklahoma,12
40111,OK,Okmulgee,1
40113,OK,Osage,0
40115,OK,Ottawa,2
40117,OK,Pawnee,0
40119,OK,Payne,4
40121,OK,Pittsburg,1
40123,OK,Pontotoc,1
40125,OK,Pottawatomie,2
40127,OK,Pushmataha,0
40129,OK,Roger Mills,0
40131,OK,Rogers,0
40133,OK,Seminole,0
40135,OK,Sequoyah,0
40137,OK,Stephens,0
40139,OK,Texas,0
40141,OK,Tillman,0
40143,OK,Tulsa,11
40145,OK,Wagoner,1
40147,OK,Washington,1
40149,OK,Washita,0
40151,OK,Woods,1
40153,OK,Woodward,1
41001,OR,Baker,1
41003,OR,Benton,2
41005,OR,Clackamas,17
41007,OR,Clatsop,4
41009,OR,Columbia,2
41011,OR,Coos,3
41013,OR,Crook,1
41015,OR,Curry,2
41017,OR,Deschutes,2
41019,OR,Douglas,6
41021,OR,Gilliam,1
41023,OR,Grant,2
41025,OR,Harney,1
41027,OR,Hood River,4
41029,OR,Jackson,9
41031,OR,Jefferson,1
41033,OR,Josephine,3
41035,OR,Klamath,4
41037,OR,Lake,2
41039,OR,Lane,13
41041,OR,Lincoln,6
41043,OR,Linn,4
41045,OR,Malheur,2
41047,OR,Marion,10
41049,OR,Morrow,0
41051,OR,Multnomah,27
41053,OR,Polk,2
41055,OR,Sherman,2
41057,OR,Tillamook,4
41059,OR,Umatilla,5
41061,OR,Union,1
41063,OR,Wallowa,3
41065,OR,Wasco,3
41067,OR,Washington,14
41069,OR,Wheeler,0
41071,OR,Yamhill,4
42001,PA,Adams,2
42003,PA,Allegheny,24
42005,PA,Armstrong,0
42007,PA,Beaver,4
42009,PA,Bedford,2
42011,PA,Berks,5
42013,PA,Blair,5
42015,PA,Bradford,0
42017,PA,Bucks,11
42019,PA,Butler,2
42021,PA,Cambria,4
42023,PA,Cameron,0
42025,PA,Carbon,1
42027,PA,Centre,12
42029,PA,Chester,14
42031,PA,Clarion,1
42033,PA,Clearfield,3
42035,PA,Clinton,1
42037,PA,Columbia,2
42039,PA,Crawford,3
42041,PA,Cumberland,8
42043,PA,Dauphin,6
42045,PA,Delaware,6
42047,PA,Elk,0
42049,PA,Erie,7
42051,PA,Fayette,6
42053,PA,Forest,1
42055,PA,Franklin,2
42057,PA,Fulton,2
42059,PA,Greene,2
42061,PA,Huntingdon,2
42063,PA,Indiana,2
42065,PA,Jefferson,1
42067,PA,Juniata,0
42069,PA,Lackawanna,7
42071,PA,Lancaster,13
42073,PA,Lawrence,5
42075,PA,Lebanon,3
42077,PA,Lehigh,6
42079,PA,Luzerne,3
42081,PA,Lycoming,5
42083,PA,McKean,0
42085,PA,Mercer,4
42087,PA,Mifflin,3
42089,PA,Monroe,4
42091,PA,Montgomery,14
42093,PA,Montour,0
42095,PA,Northampton,7
42097,PA,Northumberland,2
42099,PA,Perry,0
42101,PA,Philadelphia,50
42103,PA,Pike,1
42105,PA,Potter,2
42107,PA,Schuylkill,3
42109,PA,Snyder,1
42111,PA,Somerset,1
42113,PA,Sullivan,1
42115,PA,Susquehanna,0
42117,PA,Tioga,2
42119,PA,Union,2
42121,PA,Venango,2
42123,PA,Warren,1
42125,PA,Washington,3
42127,PA,Wayne,1
42129,PA,Westmoreland,10
42131,PA,Wyoming,1
42133,PA,York,9
44001,RI,Bristol,3
44003,RI,Kent,4
44005,RI,Newport,3
44007,RI,Providence,18
44009,RI,Washington,8
45001,SC,Abbeville,2
45003,SC,Aiken,1
45005,SC,Allendale,1
45007,SC,Anderson,5
45009,SC,Bamberg,0
45011,SC,Barnwell,2
45013,SC,Beaufort,8
45015,SC,Berkeley,4
45017,SC,Calhoun,1
45019,SC,Charleston,11
45021,SC,Cherokee,1
45023,SC,Chester,1
45025,SC,Chesterfield,3
45027,SC,Clarendon,2
45029,SC,Colleton,2
45031,SC,Darlington,1
45033,SC,Dillon,0
45035,SC,Dorchester,1
45037,SC,Edgefield,2
45039,SC,Fairfield,0
45041,SC,Florence,2
45043,SC,Georgetown,3
45045,SC,Greenville,9
45047,SC,Greenwood,3
45049,SC,Hampton,2
45051,SC,Horry,8
45053,SC,Jasper,1
45055,SC,Kershaw,1
45057,SC,Lancaster,1
45059,SC,Laurens,1
45061,SC,Lee,0
45063,SC,Lexington,9
45065,SC,McCormick,1
45067,SC,Marion,1
45069,SC,Marlboro,1
45071,SC,Newberry,1
45073,SC,Oconee,2
45075,SC,Orangeburg,4
45077,SC,Pickens,5
45079,SC,Richland,18
45081,SC,Saluda,1
45083,SC,Spartanburg,4
45085,SC,Sumter,3
45087,SC,Union,1
45089,SC,Williamsburg,1
45091,SC,York,4
46003,SD,Aurora,0
46005,SD,Beadle,1
46007,SD,Bennett,0
46009,SD,Bon Homme,0
46011,SD,Brookings,1
46013,SD,Brown,1
46015,SD,Brule,1
46017,SD,Buffalo,0
46019,SD,Butte,1
46021,SD,Campbell,1
46023,SD,Charles Mix,1
46025,SD,Clark,0
46027,SD,Clay,2
46029,SD,Codington,2
46031,SD,Corson,0
46033,SD,Custer,1
46035,SD,Davison,0
46037,SD,Day,0
46039,SD,Deuel,0
46041,SD,Dewey,0
46043,SD,Douglas,0
46045,SD,Edmunds,0
46047,SD,Fall River,1
46049,SD,Faulk,0
46051,SD,Grant,1
46053,SD,Gregory,1
46055,SD,Haakon,0
46057,SD,Hamlin,1
46059,SD,Hand,0
46061,SD,Hanson,0
46063,SD,Harding,0
46065,SD,Hughes,3
46067,SD,Hutchinson,0
46069,SD,Hyde,1
46071,SD,Jackson,0
46073,SD,Jerauld,1
46075,SD,Jones,0
46077,SD,Kingsbury,0
46079,SD,Lake,0
46081,SD,Lawrence,4
46083,SD,Lincoln,0
46085,SD,Lyman,0
46087,SD,McCook,0
46089,SD,McPherson,0
46091,SD,Marshall,1
46093,SD,Meade,2
46095,SD,Mellette,1
46097,SD,Miner,0
46099,SD,Minnehaha,5
46101,SD,Moody,0
46103,SD,Pennington,4
46105,SD,Perkins,0
46107,SD,Potter,0
46109,SD,Roberts,1
46111,SD,Sanborn,0
46113,SD,Shannon,1
46115,SD,Spink,0
46117,SD,Stanley,0
46119,SD,Sully,0
46121,SD,Todd,0
46123,SD,Tripp,0
46125,SD,Turner,0
46127,SD,Union,0
46129,SD,Walworth,0
46135,SD,Yankton,1
46137,SD,Ziebach,0
47001,TN,Anderson,2
47003,TN,Bedford,0
47005,TN,Benton,0
47007,TN,Bledsoe,0
47009,TN,Blount,1
47011,TN,Bradley,1
47013,TN,Campbell,0
47015,TN,Cannon,0
47017,TN,Carroll,0
47019,TN,Carter,0
47021,TN,Cheatham,1
47023,TN,Chester,0
47025,TN,Claiborne,1
47027,TN,Clay,0
47029,TN,Cocke,1
47031,TN,Coffee,3
47033,TN,Crockett,1
47035,TN,Cumberland,1
47037,TN,Davidson,14
47039,TN,Decatur,0
47041,TN,DeKalb,1
47043,TN,Dickson,1
47045,TN,Dyer,1
47047,TN,Fayette,1
47049,TN,Fentress,0
47051,TN,Franklin,1
47053,TN,Gibson,1
47055,TN,Giles,1
47057,TN,Grainger,0
47059,TN,Greene,2
47061,TN,Grundy,1
47063,TN,Hamblen,1
47065,TN,Hamilton,7
47067,TN,Hancock,0
47069,TN,Hardeman,0
47071,TN,Hardin,2
47073,TN,Hawkins,1
47075,TN,Haywood,0
47077,TN,Henderson,0
47079,TN,Henry,1
47081,TN,Hickman,2
47083,TN,Houston,0
47085,TN,Humphreys,0
47087,TN,Jackson,0
47089,TN,Jefferson,2
47091,TN,Johnson,4
47093,TN,Knox,10
47095,TN,Lake,0
47097,TN,Lauderdale,0
47099,TN,Lawrence,2
47101,TN,Lewis,1
47103,TN,Lincoln,0
47105,TN,Loudon,0
47107,TN,McMinn,2
47109,TN,McNairy,0
47111,TN,Macon,1
47113,TN,Madison,1
47115,TN,Marion,0
47117,TN,Marshall,2
47119,TN,Maury,1
47121,TN,Meigs,0
47123,TN,Monroe,1
47125,TN,Montgomery,2
47127,TN,Moore,0
47129,TN,Morgan,1
47131,TN,Obion,1
47133,TN,Overton,0
47135,TN,Perry,1
47137,TN,Pickett,0
47139,TN,Polk,0
47141,TN,Putnam,1
47143,TN,Rhea,1
47145,TN,Roane,1
47147,TN,Robertson,1
47149,TN,Rutherford,4
47151,TN,Scott,1
47153,TN,Sequatchie,0
47155,TN,Sevier,2
47157,TN,Shelby,12
47159,TN,Smith,2
47161,TN,Stewart,0
47163,TN,Sullivan,3
47165,TN,Sumner,2
47167,TN,Tipton,1
47169,TN,Trousdale,0
47171,TN,Unicoi,2
47173,TN,Union,1
47175,TN,Van Buren,0
47177,TN,Warren,1
47179,TN,Washington,5
47181,TN,Wayne,0
47183,TN,Weakley,2
47185,TN,White,1
47187,TN,Williamson,4
47189,TN,Wilson,2
48001,TX,Anderson,0
48003,TX,Andrews,0
48005,TX,Angelina,1
48007,TX,Aransas,1
48009,TX,Archer,0
48011,TX,Armstrong,0
48013,TX,Atascosa,0
48015,TX,Austin,0
48017,TX,Bailey,0
48019,TX,Bandera,1
48021,TX,Bastrop,2
48023,TX,Baylor,0
48025,TX,Bee,0
48027,TX,Bell,3
48029,TX,Bexar,22
48031,TX,Blanco,0
48033,TX,Borden,0
48035,TX,Bosque,1
48037,TX,Bowie,1
48039,TX,Brazoria,2
48041,TX,Brazos,1
48043,TX,Brewster,0
48045,TX,Briscoe,0
48047,TX,Brooks,0
48049,TX,Brown,1
48051,TX,Burleson,0
48053,TX,Burnet,0
48055,TX,Caldwell,1
48057,TX,Calhoun,0
48059,TX,Callahan,1
48061,TX,Cameron,5
48063,TX,Camp,0
48065,TX,Carson,0
48067,TX,Cass,0
48069,TX,Castro,0
48071,TX,Chambers,0
48073,TX,Cherokee,0
48075,TX,Childress,0
48077,TX,Clay,1
48079,TX,Cochran,0
48081,TX,Coke,0
48083,TX,Coleman,0
48085,TX,Collin,4
48087,TX,Collingsworth,0
48089,TX,Colorado,0
48091,TX,Comal,1
48093,TX,Comanche,0
48095,TX,Concho,0
48097,TX,Cooke,0
48099,TX,Coryell,0
48101,TX,Cottle,0
48103,TX,Crane,0
48105,TX,Crockett,0
48107,TX,Crosby,0
48109,TX,Culberson,0
48111,TX,Dallam,0
48113,TX,Dallas,11
48115,TX,Dawson,0
48117,TX,Deaf Smith,1
48119,TX,Delta,0
48121,TX,Denton,5
48123,TX,DeWitt,1
48125,TX,Dickens,0
48127,TX,Dimmit,0
48129,TX,Donley,0
48131,TX,Duval,0
48133,TX,Eastland,0
48135,TX,Ector,0
48137,TX,Edwards,0
48139,TX,Ellis,2
48141,TX,El Paso,13
48143,TX,Erath,0
48145,TX,Falls,0
48147,TX,Fannin,0
48149,TX,Fayette,1
48151,TX,Fisher,0
48153,TX,Floyd,0
48155,TX,Foard,0
48157,TX,Fort Bend,2
48159,TX,Franklin,2
48161,TX,Freestone,0
48163,TX,Frio,0
48165,TX,Gaines,0
48167,TX,Galveston,5
48169,TX,Garza,0
48171,TX,Gillespie,1
48173,TX,Glasscock,0
48175,TX,Goliad,0
48177,TX,Gonzales,0
48179,TX,Gray,0
48181,TX,Grayson,3
48183,TX,Gregg,1
48185,TX,Grimes,1
48187,TX,Guadalupe,4
48189,TX,Hale,0
48191,TX,Hall,0
48193,TX,Hamilton,0
48195,TX,Hansford,0
48197,TX,Hardeman,0
48199,TX,Hardin,0
48201,TX,Harris,12
48203,TX,Harrison,0
48205,TX,Hartley,0
48207,TX,Haskell,0
48209,TX,Hays,5
48211,TX,Hemphill,0
48213,TX,Henderson,1
48215,TX,Hidalgo,4
48217,TX,Hill,0
48219,TX,Hockley,0
48221,TX,Hood,0
48223,TX,Hopkins,1
48225,TX,Houston,0
48227,TX,Howard,0
48229,TX,Hudspeth,0
48231,TX,Hunt,1
48233,TX,Hutchinson,0
48235,TX,Irion,0
48237,TX,Jack,0
48239,TX,Jackson,0
48241,TX,Jasper,1
48243,TX,Jeff Davis,0
48245,TX,Jefferson,2
48247,TX,Jim Hogg,0
48249,TX,Jim Wells,1
48251,TX,Johnson,2
48253,TX,Jones,0
48255,TX,Karnes,0
48257,TX,Kaufman,1
48259,TX,Kendall,2
48261,TX,Kenedy,0
48263,TX,Kent,0
48265,TX,Kerr,1
48267,TX,Kimble,0
48269,TX,King,0
48271,TX,Kinney,0
48273,TX,Kleberg,0
48275,TX,Knox,0
48277,TX,Lamar,1
48279,TX,Lamb,1
48281,TX,Lampasas,1
48283,TX,La Salle,0
48285,TX,Lavaca,0
48287,TX,Lee,0
48289,TX,Leon,0
48291,TX,Liberty,0
48293,TX,Limestone,0
48295,TX,Lipscomb,0
48297,TX,Live Oak,0
48299,TX,Llano,0
48301,TX,Loving,0
48303,TX,Lubbock,6
48305,TX,Lynn,0
48307,TX,McCulloch,0
48309,TX,McLennan,2
48311,TX,McMullen,0
48313,TX,Madison,0
48315,TX,Marion,0
48317,TX,Martin,0
48319,TX,Mason,0
48321,TX,Matagorda,0
48323,TX,Maverick,0
48325,TX,Medina,0
48327,TX,Menard,0
48329,TX,Midland,2
48331,TX,Milam,0
48333,TX,Mills,0
48335,TX,Mitchell,0
48337,TX,Montague,1
48339,TX,Montgomery,2
48341,TX,Moore,1
48343,TX,Morris,0
48345,TX,Motley,0
48347,TX,Nacogdoches,1
48349,TX,Navarro,1
48351,TX,Newton,0
48353,TX,Nolan,0
48355,TX,Nueces,4
48357,TX,Ochiltree,0
48359,TX,Oldham,0
48361,TX,Orange,0
48363,TX,Palo Pinto,0
48365,TX,Panola,0
48367,TX,Parker,1
48369,TX,Parmer,0
48371,TX,Pecos,0
48373,TX,Polk,1
48375,TX,Potter,1
48377,TX,Presidio,0
48379,TX,Rains,0
48381,TX,Randall,0
48383,TX,Reagan,0
48385,TX,Real,0
48387,TX,Red River,0
48389,TX,Reeves,0
48391,TX,Refugio,0
48393,TX,Roberts,0
48395,TX,Robertson,0
48397,TX,Rockwall,1
48399,TX,Runnels,0
48401,TX,Rusk,0
48403,TX,Sabine,0
48405,TX,San Augustine,0
48407,TX,San Jacinto,0
48409,TX,San Patricio,0
48411,TX,San Saba,0
48413,TX,Schleicher,0
48415,TX,Scurry,0
48417,TX,Shackelford,0
48419,TX,Shelby,0
48421,TX,Sherman,0
48423,TX,Smith,4
48425,TX,Somervell,0
48427,TX,Starr,0
48429,TX,Stephens,0
48431,TX,Sterling,0
48433,TX,Stonewall,0
48435,TX,Sutton,0
48437,TX,Swisher,0
48439,TX,Tarrant,13
48441,TX,Taylor,1
48443,TX,Terrell,0
48445,TX,Terry,0
48447,TX,Throckmorton,0
48449,TX,Titus,1
48451,TX,Tom Green,1
48453,TX,Travis,13
48455,TX,Trinity,0
48457,TX,Tyler,0
48459,TX,Upshur,0
48461,TX,Upton,0
48463,TX,Uvalde,0
48465,TX,Val Verde,0
48467,TX,Van Zandt,0
48469,TX,Victoria,1
48471,TX,Walker,1
48473,TX,Waller,0
48475,TX,Ward,0
48477,TX,Washington,1
48479,TX,Webb,1
48481,TX,Wharton,1
48483,TX,Wheeler,0
48485,TX,Wichita,3
48487,TX,Wilbarger,1
48489,TX,Willacy,0
48491,TX,Williamson,12
48493,TX,Wilson,0
48495,TX,Winkler,0
48497,TX,Wise,0
48499,TX,Wood,1
48501,TX,Yoakum,0
48503,TX,Young,0
48505,TX,Zapata,0
48507,TX,Zavala,0
49001,UT,Beaver,0
49003,UT,Box Elder,1
49005,UT,Cache,3
49007,UT,Carbon,1
49009,UT,Daggett,0
49011,UT,Davis,3
49013,UT,Duchesne,1
49015,UT,Emery,0
49017,UT,Garfield,2
49019,UT,Grand,1
49021,UT,Iron,2
49023,UT,Juab,0
49025,UT,Kane,1
49027,UT,Millard,0
49029,UT,Morgan,0
49031,UT,Piute,0
49033,UT,Rich,0
49035,UT,Salt Lake,12
49037,UT,San Juan,0
49039,UT,Sanpete,2
49041,UT,Sevier,0
49043,UT,Summit,2
49045,UT,Tooele,1
49047,UT,Uintah,1
49049,UT,Utah,7
49051,UT,Wasatch,1
49053,UT,Washington,2
49055,UT,Wayne,1
49057,UT,Weber,1
50001,VT,Addison,5
50003,VT,Bennington,5
50005,VT,Caledonia,8
50007,VT,Chittenden,16
50009,VT,Essex,0
50011,VT,Franklin,4
50013,VT,Grand Isle,3
50015,VT,Lamoille,4
50017,VT,Orange,4
50019,VT,Orleans,7
50021,VT,Rutland,6
50023,VT,Washington,8
50025,VT,Windham,10
50027,VT,Windsor,11
51001,VA,Accomack,3
51003,VA,Albemarle,5
51005,VA,Alleghany,0
51007,VA,Amelia,1
51009,VA,Amherst,1
51011,VA,Appomattox,2
51013,VA,Arlington,12
51015,VA,Augusta,1
51017,VA,Bath,1
51019,VA,Bedford,2
51021,VA,Bland,1
51023,VA,Botetourt,2
51025,VA,Brunswick,1
51027,VA,Buchanan,0
51029,VA,Buckingham,1
51031,VA,Campbell,1
51033,VA,Caroline,2
51035,VA,Carroll,2
51036,VA,Charles City,0
51037,VA,Charlotte,0
51041,VA,Chesterfield,8
51043,VA,Clarke,1
51045,VA,Craig,0
51047,VA,Culpeper,2
51049,VA,Cumberland,0
51051,VA,Dickenson,1
51053,VA,Dinwiddie,0
51057,VA,Essex,1
51059,VA,Fairfax,23
51061,VA,Fauquier,5
51063,VA,Floyd,1
51065,VA,Fluvanna,1
51067,VA,Franklin,2
51069,VA,Frederick,0
51071,VA,Giles,1
51073,VA,Gloucester,2
51075,VA,Goochland,3
51077,VA,Grayson,1
51079,VA,Greene,1
51081,VA,Greensville,0
51083,VA,Halifax,2
51085,VA,Hanover,2
51087,VA,Henrico,4
51089,VA,Henry,0
51091,VA,Highland,1
51093,VA,Isle of Wight,2
51095,VA,James City,1
51097,VA,King and Queen,1
51099,VA,King George,1
51101,VA,King William,1
51103,VA,Lancaster,1
51105,VA,Lee,1
51107,VA,Loudoun,9
51109,VA,Louisa,2
51111,VA,Lunenburg,1
51113,VA,Madison,1
51115,VA,Mathews,1
51117,VA,Mecklenburg,1
51119,VA,Middlesex,3
51121,VA,Montgomery,4
51125,VA,Nelson,3
51127,VA,New Kent,1
51131,VA,Northampton,1
51133,VA,Northumberland,1
51135,VA,Nottoway,1
51137,VA,Orange,2
51139,VA,Page,3
51141,VA,Patrick,2
51143,VA,Pittsylvania,1
51145,VA,Powhatan,1
51147,VA,Prince Edward,1
51149,VA,Prince George,1
51153,VA,Prince William,8
51155,VA,Pulaski,2
51157,VA,Rappahannock,0
51159,VA,Richmond,1
51161,VA,Roanoke,2
51163,VA,Rockbridge,2
51165,VA,Rockingham,1
51167,VA,Russell,1
51169,VA,Scott,2
51171,VA,Shenandoah,3
51173,VA,Smyth,2
51175,VA,Southampton,0
51177,VA,Spotsylvania,3
51179,VA,Stafford,3
51181,VA,Surry,1
51183,VA,Sussex,0
51185,VA,Tazewell,4
51187,VA,Warren,1
51191,VA,Washington,2
51193,VA,Westmoreland,2
51195,VA,Wise,4
51197,VA,Wythe,2
51199,VA,York,1
51510,VA,Alexandria,5
51515,VA,Bedford,1
51520,VA,Bristol,0
51530,VA,Buena Vista,1
51540,VA,Charlottesville,2
51550,VA,Chesapeake,2
51570,VA,Colonial Heights,1
51580,VA,Covington,1
51590,VA,Danville,1
51595,VA,Emporia,1
51600,VA,Fairfax,0
51610,VA,Falls Church,1
51620,VA,Franklin,1
51630,VA,Fredericksburg,1
51640,VA,Galax,3
51650,VA,Hampton,2
51660,VA,Harrisonburg,2
51670,VA,Hopewell,0
51678,VA,Lexington,1
51680,VA,Lynchburg,1
51683,VA,Manassas,2
51685,VA,Manassas Park,0
51690,VA,Martinsville,1
51700,VA,Newport News,4
51710,VA,Norfolk,1
51720,VA,Norton,1
51730,VA,Petersburg,1
51735,VA,Poquoson,0
51740,VA,Portsmouth,1
51750,VA,Radford,1
51760,VA,Richmond,11
51770,VA,Roanoke,2
51775,VA,Salem,1
51790,VA,Staunton,1
51800,VA,Suffolk,2
51810,VA,Virginia Beach,5
51820,VA,Waynesboro,1
51830,VA,Williamsburg,1
51840,VA,Winchester,1
53001,WA,Adams,1
53003,WA,Asotin,0
53005,WA,Benton,5
53007,WA,Chelan,4
53009,WA,Clallam,2
53011,WA,Clark,6
53013,WA,Columbia,0
53015,WA,Cowlitz,3
53017,WA,Douglas,0
53019,WA,Ferry,0
53021,WA,Franklin,1
53023,WA,Garfield,0
53025,WA,Grant,1
53027,WA,Grays Harbor,1
53029,WA,Island,6
53031,WA,Jefferson,2
53033,WA,King,41
53035,WA,Kitsap,8
53037,WA,Kittitas,2
53039,WA,Klickitat,2
53041,WA,Lewis,3
53043,WA,Lincoln,1
53045,WA,Mason,2
53047,WA,Okanogan,4
53049,WA,Pacific,3
53051,WA,Pend Oreille,1
53053,WA,Pierce,19
53055,WA,San Juan,3
53057,WA,Skagit,5
53059,WA,Skamania,1
53061,WA,Snohomish,11
53063,WA,Spokane,12
53065,WA,Stevens,4
53067,WA,Thurston,7
53069,WA,Wahkiakum,1
53071,WA,Walla Walla,1
53073,WA,Whatcom,3
53075,WA,Whitman,1
53077,WA,Yakima,3
54001,WV,Barbour,2
54003,WV,Berkeley,1
54005,WV,Boone,0
54007,WV,Braxton,2
54009,WV,Brooke,3
54011,WV,Cabell,2
54013,WV,Calhoun,2
54015,WV,Clay,1
54017,WV,Doddridge,1
54019,WV,Fayette,2
54021,WV,Gilmer,1
54023,WV,Grant,1
54025,WV,Greenbrier,5
54027,WV,Hampshire,1
54029,WV,Hancock,2
54031,WV,Hardy,0
54033,WV,Harrison,4
54035,WV,Jackson,1
54037,WV,Jefferson,5
54039,WV,Kanawha,2
54041,WV,Lewis,1
54043,WV,Lincoln,1
54045,WV,Logan,1
54047,WV,McDowell,0
54049,WV,Marion,3
54051,WV,Marshall,1
54053,WV,Mason,3
54055,WV,Mercer,3
54057,WV,Mineral,2
54059,WV,Mingo,1
54061,WV,Monongalia,2
54063,WV,Monroe,1
54065,WV,Morgan,1
54067,WV,Nicholas,1
54069,WV,Ohio,2
54071,WV,Pendleton,1
54073,WV,Pleasants,2
54075,WV,Pocahontas,3
54077,WV,Preston,3
54079,WV,Putnam,1
54081,WV,Raleigh,1
54083,WV,Randolph,2
54085,WV,Ritchie,1
54087,WV,Roane,3
54089,WV,Summers,1
54091,WV,Taylor,2
54093,WV,Tucker,3
54095,WV,Tyler,2
54097,WV,Upshur,1
54099,WV,Wayne,2
54101,WV,Webster,1
54103,WV,Wetzel,1
54105,WV,Wirt,0
54107,WV,Wood,2
54109,WV,Wyoming,1
55001,WI,Adams,1
55003,WI,Ashland,1
55005,WI,Barron,5
55007,WI,Bayfield,5
55009,WI,Brown,8
55011,WI,Buffalo,1
55013,WI,Burnett,4
55015,WI,Calumet,3
55017,WI,Chippewa,2
55019,WI,Clark,6
55021,WI,Columbia,8
55023,WI,Crawford,4
55025,WI,Dane,40
55027,WI,Dodge,5
55029,WI,Door,3
55031,WI,Douglas,6
55033,WI,Dunn,2
55035,WI,Eau Claire,4
55037,WI,Florence,0
55039,WI,Fond du Lac,4
55041,WI,Forest,0
55043,WI,Grant,5
55045,WI,Green,2
55047,WI,Green Lake,3
55049,WI,Iowa,3
55051,WI,Iron,1
55053,WI,Jackson,4
55055,WI,Jefferson,6
55057,WI,Juneau,0
55059,WI,Kenosha,8
55061,WI,Kewaunee,2
55063,WI,La Crosse,7
55065,WI,Lafayette,2
55067,WI,Langlade,1
55069,WI,Lincoln,3
55071,WI,Manitowoc,2
55073,WI,Marathon,7
55075,WI,Marinette,2
55077,WI,Marquette,0
55078,WI,Menominee,0
55079,WI,Milwaukee,25
55081,WI,Monroe,3
55083,WI,Oconto,0
55085,WI,Oneida,2
55087,WI,Outagamie,7
55089,WI,Ozaukee,3
55091,WI,Pepin,2
55093,WI,Pierce,3
55095,WI,Polk,5
55097,WI,Portage,3
55099,WI,Price,3
55101,WI,Racine,6
55103,WI,Richland,2
55105,WI,Rock,8
55107,WI,Rusk,2
55109,WI,St. Croix,5
55111,WI,Sauk,5
55113,WI,Sawyer,3
55115,WI,Shawano,1
55117,WI,Sheboygan,3
55119,WI,Taylor,2
55121,WI,Trempealeau,2
55123,WI,Vernon,4
55125,WI,Vilas,2
55127,WI,Walworth,6
55129,WI,Washburn,1
55131,WI,Washington,5
55133,WI,Waukesha,12
55135,WI,Waupaca,1
55137,WI,Waushara,0
55139,WI,Winnebago,8
55141,WI,Wood,5
56001,WY,Albany,2
56003,WY,Big Horn,3
56005,WY,Campbell,1
56007,WY,Carbon,1
56009,WY,Converse,1
56011,WY,Crook,0
56013,WY,Fremont,6
56015,WY,Goshen,3
56017,WY,Hot Springs,1
56019,WY,Johnson,1
56021,WY,Laramie,3
56023,WY,Lincoln,2
56025,WY,Natrona,3
56027,WY,Niobrara,1
56029,WY,Park,4
56031,WY,Platte,3
56033,WY,Sheridan,2
56035,WY,Sublette,1
56037,WY,Sweetwater,2
56039,WY,Teton,3
56041,WY,Uinta,2
56043,WY,Washakie,2
56045,WY,Weston,2
