CountyFIPS,state,county,groc16
01001,AL,Autauga,3
01003,AL,Baldwin,29
01005,AL,Barbour,4
01007,AL,Bibb,5
01009,AL,Blount,5
01011,AL,Bullock,3
01013,AL,Butler,3
01015,AL,Calhoun,27
01017,AL,Chambers,7
01019,AL,Cherokee,5
01021,AL,Chilton,5
01023,AL,Choctaw,3
01025,AL,Clarke,6
01027,AL,Clay,3
01029,AL,Cleburne,2
01031,AL,Coffee,7
01033,AL,Colbert,8
01035,AL,Conecuh,1
01037,AL,Coosa,1
01039,AL,Covington,6
01041,AL,Crenshaw,4
01043,AL,Cullman,15
01045,AL,Dale,6
01047,AL,Dallas,8
01049,AL,DeKalb,16
01051,AL,Elmore,8
01053,AL,Escambia,4
01055,AL,Etowah,14
01057,AL,Fayette,4
01059,AL,Franklin,10
01061,AL,Geneva,10
01063,AL,Greene,2
01065,AL,Hale,2
01067,AL,Henry,2
01069,AL,Houston,17
01071,AL,Jackson,11
01073,AL,Jefferson,107
01075,AL,Lamar,4
01077,AL,Lauderdale,19
01079,AL,Lawrence,3
01081,AL,Lee,18
01083,AL,Limestone,10
01085,AL,Lowndes,2
01087,AL,Macon,4
01089,AL,Madison,46
01091,AL,Marengo,3
01093,AL,Marion,3
01095,AL,Marshall,22
01097,AL,Mobile,56
01099,AL,Monroe,5
01101,AL,Montgomery,34
01103,AL,Morgan,18
01105,AL,Perry,3
01107,AL,Pickens,5
01109,AL,Pike,7
01111,AL,Randolph,3
01113,AL,Russell,12
01115,AL,St. Clair,14
01117,AL,Shelby,26
01119,AL,Sumter,2
01121,AL,Talladega,8
01123,AL,Tallapoosa,6
01125,AL,Tuscaloosa,25
01127,AL,Walker,10
01129,AL,Washington,3
01131,AL,Wilcox,7
01133,AL,Winston,6
02013,AK,Aleutians East,4
02016,AK,Aleutians West,4
02020,AK,Anchorage,33
02050,AK,Bethel,23
02060,AK,Bristol Bay,2
02068,AK,Denali,1
02070,AK,Dillingham,4
02090,AK,Fairbanks North Star,7
02100,AK,Haines,3
02105,AK,Hoonah-Angoon,4
02110,AK,Juneau,4
02122,AK,Kenai Peninsula,17
02130,AK,Ketchikan Gateway,4
02150,AK,Kodiak Island,5
02164,AK,Lake and Peninsula,2
02170,AK,Matanuska-Susitna,10
02180,AK,Nome,19
02185,AK,North Slope,8
02188,AK,Northwest Arctic,8
02195,AK,Petersburg,3
02198,AK,Prince of Wales-Hyder,5
02220,AK,Sitka,4
02230,AK,Skagway,2
02240,AK,Southeast Fairbanks,4
02261,AK,Valdez-Cordova,8
02270,AK,Wade Hampton,13
02275,AK,Wrangell,3
02282,AK,Yakutat,2
02290,AK,Yukon-Koyukuk,9
04001,AZ,Apache,9
04003,AZ,Cochise,16
04005,AZ,Coconino,20
04007,AZ,Gila,6
04009,AZ,Graham,6
04011,AZ,Greenlee,2
04012,AZ,La Paz,6
04013,AZ,Maricopa,467
04015,AZ,Mohave,17
04017,AZ,Navajo,14
04019,AZ,Pima,122
04021,AZ,Pinal,31
04023,AZ,Santa Cruz,10
04025,AZ,Yavapai,29
04027,AZ,Yuma,31
05001,AR,Arkansas,3
05003,AR,Ashley,2
05005,AR,Baxter,8
05007,AR,Benton,37
05009,AR,Boone,7
05011,AR,Bradley,2
05013,AR,Calhoun,0
05015,AR,Carroll,5
05017,AR,Chicot,4
05019,AR,Clark,2
05021,AR,Clay,4
05023,AR,Cleburne,7
05025,AR,Cleveland,2
05027,AR,Columbia,3
05029,AR,Conway,4
05031,AR,Craighead,21
05033,AR,Crawford,8
05035,AR,Crittenden,9
05037,AR,Cross,3
05039,AR,Dallas,2
05041,AR,Desha,4
05043,AR,Drew,2
05045,AR,Faulkner,13
05047,AR,Franklin,2
05049,AR,Fulton,1
05051,AR,Garland,16
05053,AR,Grant,4
05055,AR,Greene,7
05057,AR,Hempstead,3
05059,AR,Hot Spring,6
05061,AR,Howard,3
05063,AR,Independence,7
05065,AR,Izard,4
05067,AR,Jackson,3
05069,AR,Jefferson,15
05071,AR,Johnson,1
05073,AR,Lafayette,1
05075,AR,Lawrence,3
05077,AR,Lee,1
05079,AR,Lincoln,1
05081,AR,Little River,2
05083,AR,Logan,2
05085,AR,Lonoke,6
05087,AR,Madison,2
05089,AR,Marion,3
05091,AR,Miller,7
05093,AR,Mississippi,10
05095,AR,Monroe,3
05097,AR,Montgomery,1
05099,AR,Nevada,1
05101,AR,Newton,2
05103,AR,Ouachita,5
05105,AR,Perry,2
05107,AR,Phillips,6
05109,AR,Pike,4
05111,AR,Poinsett,5
05113,AR,Polk,3
05115,AR,Pope,8
05117,AR,Prairie,3
05119,AR,Pulaski,57
05121,AR,Randolph,3
05123,AR,St. Francis,6
05125,AR,Saline,12
05127,AR,Scott,3
05129,AR,Searcy,2
05131,AR,Sebastian,18
05133,AR,Sevier,5
05135,AR,Sharp,3
05137,AR,Stone,2
05139,AR,Union,6
05141,AR,Van Buren,2
05143,AR,Washington,39
05145,AR,White,11
05147,AR,Woodruff,3
05149,AR,Yell,3
06001,CA,Alameda,372
06003,CA,Alpine,0
06005,CA,Amador,13
06007,CA,Butte,45
06009,CA,Calaveras,11
06011,CA,Colusa,10
06013,CA,Contra Costa,200
06015,CA,Del Norte,6
06017,CA,El Dorado,32
06019,CA,Fresno,257
06021,CA,Glenn,8
06023,CA,Humboldt,48
06025,CA,Imperial,35
06027,CA,Inyo,5
06029,CA,Kern,187
06031,CA,Kings,28
06033,CA,Lake,24
06035,CA,Lassen,7
06037,CA,Los Angeles,1980
06039,CA,Madera,38
06041,CA,Marin,70
06043,CA,Mariposa,5
06045,CA,Mendocino,46
06047,CA,Merced,68
06049,CA,Modoc,4
06051,CA,Mono,6
06053,CA,Monterey,112
06055,CA,Napa,40
06057,CA,Nevada,25
06059,CA,Orange,496
06061,CA,Placer,64
06063,CA,Plumas,9
06065,CA,Riverside,349
06067,CA,Sacramento,275
06069,CA,San Benito,9
06071,CA,San Bernardino,309
06073,CA,San Diego,579
06075,CA,San Francisco,358
06077,CA,San Joaquin,160
06079,CA,San Luis Obispo,69
06081,CA,San Mateo,182
06083,CA,Santa Barbara,120
06085,CA,Santa Clara,348
06087,CA,Santa Cruz,71
06089,CA,Shasta,35
06091,CA,Sierra,1
06093,CA,Siskiyou,19
06095,CA,Solano,72
06097,CA,Sonoma,140
06099,CA,Stanislaus,131
06101,CA,Sutter,21
06103,CA,Tehama,10
06105,CA,Trinity,9
06107,CA,Tulare,119
06109,CA,Tuolumne,16
06111,CA,Ventura,167
06113,CA,Yolo,44
06115,CA,Yuba,10
08001,CO,Adams,63
08003,CO,Alamosa,4
08005,CO,Arapahoe,95
08007,CO,Archuleta,3
08009,CO,Baca,1
08011,CO,Bent,2
08013,CO,Boulder,61
08014,CO,Broomfield,6
08015,CO,Chaffee,7
08017,CO,Cheyenne,2
08019,CO,Clear Creek,1
08021,CO,Conejos,3
08023,CO,Costilla,2
08025,CO,Crowley,1
08027,CO,Custer,2
08029,CO,Delta,7
08031,CO,Denver,117
08033,CO,Dolores,1
08035,CO,Douglas,25
08037,CO,Eagle,17
08039,CO,Elbert,1
08041,CO,El Paso,61
08043,CO,Fremont,5
08045,CO,Garfield,10
08047,CO,Gilpin,0
08049,CO,Grand,5
08051,CO,Gunnison,5
08053,CO,Hinsdale,2
08055,CO,Huerfano,4
08057,CO,Jackson,2
08059,CO,Jefferson,61
08061,CO,Kiowa,2
08063,CO,Kit Carson,3
08065,CO,Lake,2
08067,CO,La Plata,10
08069,CO,Larimer,36
08071,CO,Las Animas,4
08073,CO,Lincoln,2
08075,CO,Logan,2
08077,CO,Mesa,21
08079,CO,Mineral,1
08081,CO,Moffat,2
08083,CO,Montezuma,5
08085,CO,Montrose,8
08087,CO,Morgan,7
08089,CO,Otero,3
08091,CO,Ouray,3
08093,CO,Park,4
08095,CO,Phillips,4
08097,CO,Pitkin,7
08099,CO,Prowers,2
08101,CO,Pueblo,17
08103,CO,Rio Blanco,1
08105,CO,Rio Grande,3
08107,CO,Routt,9
08109,CO,Saguache,5
08111,CO,San Juan,1
08113,CO,San Miguel,6
08115,CO,Sedgwick,1
08117,CO,Summit,10
08119,CO,Teller,4
08121,CO,Washington,1
08123,CO,Weld,32
08125,CO,Yuma,4
09001,CT,Fairfield,208
09003,CT,Hartford,258
09005,CT,Litchfield,44
09007,CT,Middlesex,31
09009,CT,New Haven,207
09011,CT,New London,39
09013,CT,Tolland,16
09015,CT,Windham,24
10001,DE,Kent,28
10003,DE,New Castle,97
10005,DE,Sussex,47
11001,DC,District of Columbia,186
12001,FL,Alachua,43
12003,FL,Baker,6
12005,FL,Bay,29
12007,FL,Bradford,3
12009,FL,Brevard,80
12011,FL,Broward,371
12013,FL,Calhoun,2
12015,FL,Charlotte,21
12017,FL,Citrus,18
12019,FL,Clay,21
12021,FL,Collier,61
12023,FL,Columbia,7
12027,FL,DeSoto,5
12029,FL,Dixie,3
12031,FL,Duval,174
12033,FL,Escambia,46
12035,FL,Flagler,13
12037,FL,Franklin,5
12039,FL,Gadsden,7
12041,FL,Gilchrist,3
12043,FL,Glades,1
12045,FL,Gulf,4
12047,FL,Hamilton,2
12049,FL,Hardee,9
12051,FL,Hendry,10
12053,FL,Hernando,22
12055,FL,Highlands,11
12057,FL,Hillsborough,280
12059,FL,Holmes,4
12061,FL,Indian River,27
12063,FL,Jackson,7
12065,FL,Jefferson,3
12067,FL,Lafayette,1
12069,FL,Lake,37
12071,FL,Lee,108
12073,FL,Leon,37
12075,FL,Levy,10
12077,FL,Liberty,3
12079,FL,Madison,4
12081,FL,Manatee,54
12083,FL,Marion,56
12085,FL,Martin,34
12086,FL,Miami-Dade,644
12087,FL,Monroe,27
12089,FL,Nassau,10
12091,FL,Okaloosa,24
12093,FL,Okeechobee,9
12095,FL,Orange,220
12097,FL,Osceola,55
12099,FL,Palm Beach,264
12101,FL,Pasco,63
12103,FL,Pinellas,199
12105,FL,Polk,87
12107,FL,Putnam,12
12109,FL,St. Johns,27
12111,FL,St. Lucie,44
12113,FL,Santa Rosa,14
12115,FL,Sarasota,89
12117,FL,Seminole,64
12119,FL,Sumter,12
12121,FL,Suwannee,7
12123,FL,Taylor,3
12125,FL,Union,1
12127,FL,Volusia,68
12129,FL,Wakulla,3
12131,FL,Walton,9
12133,FL,Washington,1
13001,GA,Appling,2
13003,GA,Atkinson,2
13005,GA,Bacon,2
13007,GA,Baker,1
13009,GA,Baldwin,7
13011,GA,Banks,1
13013,GA,Barrow,14
13015,GA,Bartow,16
13017,GA,Ben Hill,2
13019,GA,Berrien,6
13021,GA,Bibb,39
13023,GA,Bleckley,2
13025,GA,Brantley,2
13027,GA,Brooks,3
13029,GA,Bryan,7
13031,GA,Bulloch,10
13033,GA,Burke,4
13035,GA,Butts,2
13037,GA,Calhoun,1
13039,GA,Camden,5
13043,GA,Candler,4
13045,GA,Carroll,26
13047,GA,Catoosa,7
13049,GA,Charlton,2
13051,GA,Chatham,52
13053,GA,Chattahoochee,1
13055,GA,Chattooga,6
13057,GA,Cherokee,34
13059,GA,Clarke,23
13061,GA,Clay,2
13063,GA,Clayton,51
13065,GA,Clinch,2
13067,GA,Cobb,108
13069,GA,Coffee,8
13071,GA,Colquitt,14
13073,GA,Columbia,22
13075,GA,Cook,4
13077,GA,Coweta,21
13079,GA,Crawford,0
13081,GA,Crisp,14
13083,GA,Dade,3
13085,GA,Dawson,4
13087,GA,Decatur,6
13089,GA,DeKalb,152
13091,GA,Dodge,5
13093,GA,Dooly,0
13095,GA,Dougherty,16
13097,GA,Douglas,15
13099,GA,Early,4
13101,GA,Echols,0
13103,GA,Effingham,4
13105,GA,Elbert,5
13107,GA,Emanuel,3
13109,GA,Evans,3
13111,GA,Fannin,7
13113,GA,Fayette,18
13115,GA,Floyd,17
13117,GA,Forsyth,36
13119,GA,Franklin,4
13121,GA,Fulton,196
13123,GA,Gilmer,8
13125,GA,Glascock,0
13127,GA,Glynn,19
13129,GA,Gordon,11
13131,GA,Grady,5
13133,GA,Greene,6
13135,GA,Gwinnett,145
13137,GA,Habersham,7
13139,GA,Hall,35
13141,GA,Hancock,2
13143,GA,Haralson,4
13145,GA,Harris,4
13147,GA,Hart,4
13149,GA,Heard,1
13151,GA,Henry,27
13153,GA,Houston,15
13155,GA,Irwin,1
13157,GA,Jackson,11
13159,GA,Jasper,2
13161,GA,Jeff Davis,4
13163,GA,Jefferson,5
13165,GA,Jenkins,1
13167,GA,Johnson,1
13169,GA,Jones,3
13171,GA,Lamar,4
13173,GA,Lanier,2
13175,GA,Laurens,7
13177,GA,Lee,4
13179,GA,Liberty,7
13181,GA,Lincoln,1
13183,GA,Long,1
13185,GA,Lowndes,14
13187,GA,Lumpkin,3
13189,GA,McDuffie,2
13191,GA,McIntosh,2
13193,GA,Macon,4
13195,GA,Madison,4
13197,GA,Marion,3
13199,GA,Meriwether,9
13201,GA,Miller,2
13205,GA,Mitchell,7
13207,GA,Monroe,3
13209,GA,Montgomery,1
13211,GA,Morgan,1
13213,GA,Murray,5
13215,GA,Muscogee,41
13217,GA,Newton,15
13219,GA,Oconee,4
13221,GA,Oglethorpe,1
13223,GA,Paulding,12
13225,GA,Peach,5
13227,GA,Pickens,5
13229,GA,Pierce,3
13231,GA,Pike,1
13233,GA,Polk,10
13235,GA,Pulaski,2
13237,GA,Putnam,3
13239,GA,Quitman,1
13241,GA,Rabun,4
13243,GA,Randolph,1
13245,GA,Richmond,36
13247,GA,Rockdale,17
13249,GA,Schley,1
13251,GA,Screven,3
13253,GA,Seminole,4
13255,GA,Spalding,12
13257,GA,Stephens,6
13259,GA,Stewart,1
13261,GA,Sumter,6
13263,GA,Talbot,1
13265,GA,Taliaferro,0
13267,GA,Tattnall,4
13269,GA,Taylor,1
13271,GA,Telfair,4
13273,GA,Terrell,6
13275,GA,Thomas,7
13277,GA,Tift,8
13279,GA,Toombs,3
13281,GA,Towns,3
13283,GA,Treutlen,2
13285,GA,Troup,13
13287,GA,Turner,1
13289,GA,Twiggs,0
13291,GA,Union,4
13293,GA,Upson,6
13295,GA,Walker,6
13297,GA,Walton,9
13299,GA,Ware,6
13301,GA,Warren,1
13303,GA,Washington,2
13305,GA,Wayne,3
13307,GA,Webster,1
13309,GA,Wheeler,1
13311,GA,White,3
13313,GA,Whitfield,24
13315,GA,Wilcox,0
13317,GA,Wilkes,3
13319,GA,Wilkinson,3
13321,GA,Worth,2
15001,HI,Hawaii,43
15003,HI,Honolulu,185
15005,HI,Kalawao,0
15007,HI,Kauai,20
15009,HI,Maui,47
16001,ID,Ada,47
16003,ID,Adams,0
16005,ID,Bannock,11
16007,ID,Bear Lake,2
16009,ID,Benewah,3
16011,ID,Bingham,6
16013,ID,Blaine,5
16015,ID,Boise,2
16017,ID,Bonner,12
16019,ID,Bonneville,10
16021,ID,Boundary,5
16023,ID,Butte,1
16025,ID,Camas,1
16027,ID,Canyon,25
16029,ID,Caribou,3
16031,ID,Cassia,5
16033,ID,Clark,0
16035,ID,Clearwater,5
16037,ID,Custer,4
16039,ID,Elmore,4
16041,ID,Franklin,2
16043,ID,Fremont,2
16045,ID,Gem,1
16047,ID,Gooding,5
16049,ID,Idaho,5
16051,ID,Jefferson,2
16053,ID,Jerome,2
16055,ID,Kootenai,20
16057,ID,Latah,7
16059,ID,Lemhi,5
16061,ID,Lewis,4
16063,ID,Lincoln,2
16065,ID,Madison,2
16067,ID,Minidoka,1
16069,ID,Nez Perce,11
16071,ID,Oneida,1
16073,ID,Owyhee,3
16075,ID,Payette,5
16077,ID,Power,1
16079,ID,Shoshone,6
16081,ID,Teton,2
16083,ID,Twin Falls,17
16085,ID,Valley,5
16087,ID,Washington,2
17001,IL,Adams,11
17003,IL,Alexander,2
17005,IL,Bond,1
17007,IL,Boone,6
17009,IL,Brown,1
17011,IL,Bureau,5
17013,IL,Calhoun,3
17015,IL,Carroll,3
17017,IL,Cass,5
17019,IL,Champaign,38
17021,IL,Christian,8
17023,IL,Clark,3
17025,IL,Clay,2
17027,IL,Clinton,8
17029,IL,Coles,9
17031,IL,Cook,1465
17033,IL,Crawford,5
17035,IL,Cumberland,2
17037,IL,DeKalb,11
17039,IL,De Witt,4
17041,IL,Douglas,11
17043,IL,DuPage,163
17045,IL,Edgar,3
17047,IL,Edwards,2
17049,IL,Effingham,7
17051,IL,Fayette,3
17053,IL,Ford,2
17055,IL,Franklin,5
17057,IL,Fulton,5
17059,IL,Gallatin,0
17061,IL,Greene,5
17063,IL,Grundy,6
17065,IL,Hamilton,1
17067,IL,Hancock,4
17069,IL,Hardin,1
17071,IL,Henderson,2
17073,IL,Henry,8
17075,IL,Iroquois,8
17077,IL,Jackson,13
17079,IL,Jasper,1
17081,IL,Jefferson,8
17083,IL,Jersey,4
17085,IL,Jo Daviess,4
17087,IL,Johnson,2
17089,IL,Kane,74
17091,IL,Kankakee,20
17093,IL,Kendall,9
17095,IL,Knox,9
17097,IL,Lake,117
17099,IL,LaSalle,22
17101,IL,Lawrence,0
17103,IL,Lee,5
17105,IL,Livingston,10
17107,IL,Logan,4
17109,IL,McDonough,8
17111,IL,McHenry,46
17113,IL,McLean,28
17115,IL,Macon,21
17117,IL,Macoupin,10
17119,IL,Madison,48
17121,IL,Marion,4
17123,IL,Marshall,4
17125,IL,Mason,2
17127,IL,Massac,2
17129,IL,Menard,3
17131,IL,Mercer,2
17133,IL,Monroe,4
17135,IL,Montgomery,4
17137,IL,Morgan,3
17139,IL,Moultrie,1
17141,IL,Ogle,8
17143,IL,Peoria,53
17145,IL,Perry,3
17147,IL,Piatt,3
17149,IL,Pike,5
17151,IL,Pope,1
17153,IL,Pulaski,3
17155,IL,Putnam,2
17157,IL,Randolph,7
17159,IL,Richland,4
17161,IL,Rock Island,26
17163,IL,St. Clair,45
17165,IL,Saline,6
17167,IL,Sangamon,31
17169,IL,Schuyler,1
17171,IL,Scott,1
17173,IL,Shelby,4
17175,IL,Stark,1
17177,IL,Stephenson,7
17179,IL,Tazewell,16
17181,IL,Union,4
17183,IL,Vermilion,20
17185,IL,Wabash,2
17187,IL,Warren,6
17189,IL,Washington,8
17191,IL,Wayne,3
17193,IL,White,5
17195,IL,Whiteside,7
17197,IL,Will,91
17199,IL,Williamson,14
17201,IL,Winnebago,58
17203,IL,Woodford,5
18001,IN,Adams,4
18003,IN,Allen,56
18005,IN,Bartholomew,12
18007,IN,Benton,2
18009,IN,Blackford,3
18011,IN,Boone,7
18013,IN,Brown,1
18015,IN,Carroll,5
18017,IN,Cass,8
18019,IN,Clark,14
18021,IN,Clay,5
18023,IN,Clinton,6
18025,IN,Crawford,1
18027,IN,Daviess,6
18029,IN,Dearborn,7
18031,IN,Decatur,6
18033,IN,DeKalb,5
18035,IN,Delaware,13
18037,IN,Dubois,11
18039,IN,Elkhart,37
18041,IN,Fayette,3
18043,IN,Floyd,10
18045,IN,Fountain,3
18047,IN,Franklin,6
18049,IN,Fulton,4
18051,IN,Gibson,6
18053,IN,Grant,7
18055,IN,Greene,7
18057,IN,Hamilton,37
18059,IN,Hancock,5
18061,IN,Harrison,3
18063,IN,Hendricks,12
18065,IN,Henry,7
18067,IN,Howard,12
18069,IN,Huntington,5
18071,IN,Jackson,8
18073,IN,Jasper,9
18075,IN,Jay,3
18077,IN,Jefferson,6
18079,IN,Jennings,3
18081,IN,Johnson,11
18083,IN,Knox,3
18085,IN,Kosciusko,12
18087,IN,LaGrange,5
18089,IN,Lake,78
18091,IN,LaPorte,20
18093,IN,Lawrence,8
18095,IN,Madison,18
18097,IN,Marion,166
18099,IN,Marshall,8
18101,IN,Martin,3
18103,IN,Miami,10
18105,IN,Monroe,20
18107,IN,Montgomery,7
18109,IN,Morgan,6
18111,IN,Newton,2
18113,IN,Noble,8
18115,IN,Ohio,1
18117,IN,Orange,4
18119,IN,Owen,2
18121,IN,Parke,1
18123,IN,Perry,2
18125,IN,Pike,4
18127,IN,Porter,14
18129,IN,Posey,3
18131,IN,Pulaski,1
18133,IN,Putnam,3
18135,IN,Randolph,4
18137,IN,Ripley,8
18139,IN,Rush,3
18141,IN,St. Joseph,41
18143,IN,Scott,4
18145,IN,Shelby,5
18147,IN,Spencer,4
18149,IN,Starke,4
18151,IN,Steuben,7
18153,IN,Sullivan,3
18155,IN,Switzerland,3
18157,IN,Tippecanoe,25
18159,IN,Tipton,2
18161,IN,Union,1
18163,IN,Vanderburgh,40
18165,IN,Vermillion,3
18167,IN,Vigo,16
18169,IN,Wabash,7
18171,IN,Warren,2
18173,IN,Warrick,8
18175,IN,Washington,5
18177,IN,Wayne,8
18179,IN,Wells,2
18181,IN,White,3
18183,IN,Whitley,4
19001,IA,Adair,2
19003,IA,Adams,1
19005,IA,Allamakee,7
19007,IA,Appanoose,5
19009,IA,Audubon,1
19011,IA,Benton,3
19013,IA,Black Hawk,24
19015,IA,Boone,4
19017,IA,Bremer,6
19019,IA,Buchanan,4
19021,IA,Buena Vista,5
19023,IA,Butler,4
19025,IA,Calhoun,3
19027,IA,Carroll,6
19029,IA,Cass,6
19031,IA,Cedar,3
19033,IA,Cerro Gordo,11
19035,IA,Cherokee,3
19037,IA,Chickasaw,3
19039,IA,Clarke,3
19041,IA,Clay,2
19043,IA,Clayton,5
19045,IA,Clinton,8
19047,IA,Crawford,5
19049,IA,Dallas,13
19051,IA,Davis,2
19053,IA,Decatur,2
19055,IA,Delaware,1
19057,IA,Des Moines,6
19059,IA,Dickinson,2
19061,IA,Dubuque,15
19063,IA,Emmet,3
19065,IA,Fayette,6
19067,IA,Floyd,2
19069,IA,Franklin,3
19071,IA,Fremont,3
19073,IA,Greene,1
19075,IA,Grundy,5
19077,IA,Guthrie,4
19079,IA,Hamilton,4
19081,IA,Hancock,2
19083,IA,Hardin,6
19085,IA,Harrison,5
19087,IA,Henry,2
19089,IA,Howard,2
19091,IA,Humboldt,3
19093,IA,Ida,2
19095,IA,Iowa,4
19097,IA,Jackson,2
19099,IA,Jasper,6
19101,IA,Jefferson,2
19103,IA,Johnson,20
19105,IA,Jones,4
19107,IA,Keokuk,4
19109,IA,Kossuth,7
19111,IA,Lee,7
19113,IA,Linn,29
19115,IA,Louisa,4
19117,IA,Lucas,1
19119,IA,Lyon,5
19121,IA,Madison,2
19123,IA,Mahaska,3
19125,IA,Marion,8
19127,IA,Marshall,9
19129,IA,Mills,3
19131,IA,Mitchell,5
19133,IA,Monona,2
19135,IA,Monroe,2
19137,IA,Montgomery,3
19139,IA,Muscatine,7
19141,IA,O'Brien,7
19143,IA,Osceola,2
19145,IA,Page,4
19147,IA,Palo Alto,2
19149,IA,Plymouth,5
19151,IA,Pocahontas,2
19153,IA,Polk,79
19155,IA,Pottawattamie,11
19157,IA,Poweshiek,6
19159,IA,Ringgold,2
19161,IA,Sac,3
19163,IA,Scott,25
19165,IA,Shelby,3
19167,IA,Sioux,8
19169,IA,Story,12
19171,IA,Tama,5
19173,IA,Taylor,2
19175,IA,Union,2
19177,IA,Van Buren,5
19179,IA,Wapello,7
19181,IA,Warren,5
19183,IA,Washington,4
19185,IA,Wayne,2
19187,IA,Webster,6
19189,IA,Winnebago,3
19191,IA,Winneshiek,5
19193,IA,Woodbury,18
19195,IA,Worth,2
19197,IA,Wright,5
20001,KS,Allen,2
20003,KS,Anderson,4
20005,KS,Atchison,4
20007,KS,Barber,3
20009,KS,Barton,4
20011,KS,Bourbon,3
20013,KS,Brown,3
20015,KS,Butler,5
20017,KS,Chase,0
20019,KS,Chautauqua,1
20021,KS,Cherokee,4
20023,KS,Cheyenne,3
20025,KS,Clark,1
20027,KS,Clay,2
20029,KS,Cloud,2
20031,KS,Coffey,2
20033,KS,Comanche,2
20035,KS,Cowley,4
20037,KS,Crawford,5
20039,KS,Decatur,1
20041,KS,Dickinson,4
20043,KS,Doniphan,2
20045,KS,Douglas,19
20047,KS,Edwards,1
20049,KS,Elk,0
20051,KS,Ellis,4
20053,KS,Ellsworth,2
20055,KS,Finney,5
20057,KS,Ford,6
20059,KS,Franklin,4
20061,KS,Geary,3
20063,KS,Gove,2
20065,KS,Graham,1
20067,KS,Grant,1
20069,KS,Gray,2
20071,KS,Greeley,1
20073,KS,Greenwood,2
20075,KS,Hamilton,1
20077,KS,Harper,4
20079,KS,Harvey,6
20081,KS,Haskell,3
20083,KS,Hodgeman,1
20085,KS,Jackson,3
20087,KS,Jefferson,3
20089,KS,Jewell,2
20091,KS,Johnson,83
20093,KS,Kearny,1
20095,KS,Kingman,2
20097,KS,Kiowa,0
20099,KS,Labette,4
20101,KS,Lane,1
20103,KS,Leavenworth,7
20105,KS,Lincoln,1
20107,KS,Linn,3
20109,KS,Logan,1
20111,KS,Lyon,10
20113,KS,McPherson,7
20115,KS,Marion,6
20117,KS,Marshall,4
20119,KS,Meade,1
20121,KS,Miami,4
20123,KS,Mitchell,2
20125,KS,Montgomery,3
20127,KS,Morris,1
20129,KS,Morton,3
20131,KS,Nemaha,5
20133,KS,Neosho,4
20135,KS,Ness,3
20137,KS,Norton,2
20139,KS,Osage,1
20141,KS,Osborne,3
20143,KS,Ottawa,1
20145,KS,Pawnee,1
20147,KS,Phillips,3
20149,KS,Pottawatomie,7
20151,KS,Pratt,2
20153,KS,Rawlins,2
20155,KS,Reno,10
20157,KS,Republic,2
20159,KS,Rice,3
20161,KS,Riley,8
20163,KS,Rooks,3
20165,KS,Rush,0
20167,KS,Russell,2
20169,KS,Saline,6
20171,KS,Scott,1
20173,KS,Sedgwick,74
20175,KS,Seward,5
20177,KS,Shawnee,28
20179,KS,Sheridan,2
20181,KS,Sherman,0
20183,KS,Smith,3
20185,KS,Stafford,2
20187,KS,Stanton,0
20189,KS,Stevens,2
20191,KS,Sumner,4
20193,KS,Thomas,2
20195,KS,Trego,1
20197,KS,Wabaunsee,3
20199,KS,Wallace,1
20201,KS,Washington,5
20203,KS,Wichita,1
20205,KS,Wilson,2
20207,KS,Woodson,0
20209,KS,Wyandotte,26
21001,KY,Adair,4
21003,KY,Allen,5
21005,KY,Anderson,2
21007,KY,Ballard,3
21009,KY,Barren,10
21011,KY,Bath,4
21013,KY,Bell,6
21015,KY,Boone,15
21017,KY,Bourbon,4
21019,KY,Boyd,7
21021,KY,Boyle,4
21023,KY,Bracken,1
21025,KY,Breathitt,4
21027,KY,Breckinridge,6
21029,KY,Bullitt,5
21031,KY,Butler,3
21033,KY,Caldwell,3
21035,KY,Calloway,3
21037,KY,Campbell,17
21039,KY,Carlisle,1
21041,KY,Carroll,3
21043,KY,Carter,6
21045,KY,Casey,5
21047,KY,Christian,12
21049,KY,Clark,6
21051,KY,Clay,4
21053,KY,Clinton,2
21055,KY,Crittenden,3
21057,KY,Cumberland,2
21059,KY,Daviess,16
21061,KY,Edmonson,2
21063,KY,Elliott,1
21065,KY,Estill,3
21067,KY,Fayette,65
21069,KY,Fleming,3
21071,KY,Floyd,12
21073,KY,Franklin,6
21075,KY,Fulton,2
21077,KY,Gallatin,2
21079,KY,Garrard,1
21081,KY,Grant,2
21083,KY,Graves,5
21085,KY,Grayson,5
21087,KY,Green,1
21089,KY,Greenup,6
21091,KY,Hancock,0
21093,KY,Hardin,14
21095,KY,Harlan,8
21097,KY,Harrison,3
21099,KY,Hart,5
21101,KY,Henderson,7
21103,KY,Henry,3
21105,KY,Hickman,2
21107,KY,Hopkins,6
21109,KY,Jackson,2
21111,KY,Jefferson,155
21113,KY,Jessamine,5
21115,KY,Johnson,5
21117,KY,Kenton,29
21119,KY,Knott,3
21121,KY,Knox,9
21123,KY,Larue,2
21125,KY,Laurel,8
21127,KY,Lawrence,3
21129,KY,Lee,3
21131,KY,Leslie,3
21133,KY,Letcher,4
21135,KY,Lewis,5
21137,KY,Lincoln,5
21139,KY,Livingston,4
21141,KY,Logan,6
21143,KY,Lyon,1
21145,KY,McCracken,11
21147,KY,McCreary,3
21149,KY,McLean,3
21151,KY,Madison,8
21153,KY,Magoffin,1
21155,KY,Marion,2
21157,KY,Marshall,7
21159,KY,Martin,4
21161,KY,Mason,4
21163,KY,Meade,3
21165,KY,Menifee,1
21167,KY,Mercer,3
21169,KY,Metcalfe,2
21171,KY,Monroe,5
21173,KY,Montgomery,4
21175,KY,Morgan,3
21177,KY,Muhlenberg,9
21179,KY,Nelson,6
21181,KY,Nicholas,1
21183,KY,Ohio,3
21185,KY,Oldham,3
21187,KY,Owen,2
21189,KY,Owsley,0
21191,KY,Pendleton,2
21193,KY,Perry,7
21195,KY,Pike,21
21197,KY,Powell,3
21199,KY,Pulaski,13
21201,KY,Robertson,1
21203,KY,Rockcastle,3
21205,KY,Rowan,2
21207,KY,Russell,5
21209,KY,Scott,4
21211,KY,Shelby,5
21213,KY,Simpson,2
21215,KY,Spencer,1
21217,KY,Taylor,4
21219,KY,Todd,4
21221,KY,Trigg,3
21223,KY,Trimble,1
21225,KY,Union,4
21227,KY,Warren,19
21229,KY,Washington,4
21231,KY,Wayne,2
21233,KY,Webster,3
21235,KY,Whitley,9
21237,KY,Wolfe,1
21239,KY,Woodford,3
22001,LA,Acadia,19
22003,LA,Allen,4
22005,LA,Ascension,22
22007,LA,Assumption,4
22009,LA,Avoyelles,8
22011,LA,Beauregard,3
22013,LA,Bienville,2
22015,LA,Bossier,17
22017,LA,Caddo,31
22019,LA,Calcasieu,31
22021,LA,Caldwell,3
22023,LA,Cameron,3
22025,LA,Catahoula,1
22027,LA,Claiborne,3
22029,LA,Concordia,4
22031,LA,De Soto,2
22033,LA,East Baton Rouge,119
22035,LA,East Carroll,3
22037,LA,East Feliciana,1
22039,LA,Evangeline,13
22041,LA,Franklin,2
22043,LA,Grant,2
22045,LA,Iberia,21
22047,LA,Iberville,7
22049,LA,Jackson,1
22051,LA,Jefferson,95
22053,LA,Jefferson Davis,7
22055,LA,Lafayette,53
22057,LA,Lafourche,12
22059,LA,La Salle,2
22061,LA,Lincoln,4
22063,LA,Livingston,16
22065,LA,Madison,2
22067,LA,Morehouse,3
22069,LA,Natchitoches,7
22071,LA,Orleans,137
22073,LA,Ouachita,21
22075,LA,Plaquemines,4
22077,LA,Pointe Coupee,6
22079,LA,Rapides,14
22081,LA,Red River,0
22083,LA,Richland,2
22085,LA,Sabine,5
22087,LA,St. Bernard,13
22089,LA,St. Charles,13
22091,LA,St. Helena,4
22093,LA,St. James,6
22095,LA,St. John the Baptist,8
22097,LA,St. Landry,31
22099,LA,St. Martin,14
22101,LA,St. Mary,12
22103,LA,St. Tammany,38
22105,LA,Tangipahoa,20
22107,LA,Tensas,1
22109,LA,Terrebonne,18
22111,LA,Union,3
22113,LA,Vermilion,13
22115,LA,Vernon,1
22117,LA,Washington,12
22119,LA,Webster,6
22121,LA,West Baton Rouge,6
22123,LA,West Carroll,5
22125,LA,West Feliciana,2
22127,LA,Winn,3
23001,ME,Androscoggin,24
23003,ME,Aroostook,31
23005,ME,Cumberland,75
23007,ME,Franklin,14
23009,ME,Hancock,30
23011,ME,Kennebec,27
23013,ME,Knox,17
23015,ME,Lincoln,9
23017,ME,Oxford,14
23019,ME,Penobscot,30
23021,ME,Piscataquis,7
23023,ME,Sagadahoc,7
23025,ME,Somerset,10
23027,ME,Waldo,12
23029,ME,Washington,16
23031,ME,York,43
24001,MD,Allegany,13
24003,MD,Anne Arundel,94
24005,MD,Baltimore,147
24009,MD,Calvert,14
24011,MD,Caroline,4
24013,MD,Carroll,24
24015,MD,Cecil,16
24017,MD,Charles,21
24019,MD,Dorchester,6
24021,MD,Frederick,35
24023,MD,Garrett,7
24025,MD,Harford,30
24027,MD,Howard,41
24029,MD,Kent,8
24031,MD,Montgomery,201
24033,MD,Prince George's,160
24035,MD,Queen Anne's,5
24037,MD,St. Mary's,17
24039,MD,Somerset,4
24041,MD,Talbot,13
24043,MD,Washington,26
24045,MD,Wicomico,10
24047,MD,Worcester,12
24510,MD,Baltimore,305
25001,MA,Barnstable,76
25003,MA,Berkshire,35
25005,MA,Bristol,92
25007,MA,Dukes,12
25009,MA,Essex,185
25011,MA,Franklin,18
25013,MA,Hampden,104
25015,MA,Hampshire,34
25017,MA,Middlesex,270
25019,MA,Nantucket,4
25021,MA,Norfolk,120
25023,MA,Plymouth,86
25025,MA,Suffolk,216
25027,MA,Worcester,131
26001,MI,Alcona,3
26003,MI,Alger,6
26005,MI,Allegan,15
26007,MI,Alpena,9
26009,MI,Antrim,5
26011,MI,Arenac,4
26013,MI,Baraga,4
26015,MI,Barry,11
26017,MI,Bay,17
26019,MI,Benzie,7
26021,MI,Berrien,33
26023,MI,Branch,3
26025,MI,Calhoun,24
26027,MI,Cass,10
26029,MI,Charlevoix,8
26031,MI,Cheboygan,6
26033,MI,Chippewa,13
26035,MI,Clare,10
26037,MI,Clinton,5
26039,MI,Crawford,2
26041,MI,Delta,11
26043,MI,Dickinson,6
26045,MI,Eaton,11
26047,MI,Emmet,15
26049,MI,Genesee,81
26051,MI,Gladwin,5
26053,MI,Gogebic,3
26055,MI,Grand Traverse,21
26057,MI,Gratiot,5
26059,MI,Hillsdale,2
26061,MI,Houghton,8
26063,MI,Huron,8
26065,MI,Ingham,50
26067,MI,Ionia,10
26069,MI,Iosco,7
26071,MI,Iron,3
26073,MI,Isabella,10
26075,MI,Jackson,18
26077,MI,Kalamazoo,44
26079,MI,Kalkaska,6
26081,MI,Kent,94
26083,MI,Keweenaw,2
26085,MI,Lake,2
26087,MI,Lapeer,10
26089,MI,Leelanau,9
26091,MI,Lenawee,14
26093,MI,Livingston,18
26095,MI,Luce,4
26097,MI,Mackinac,7
26099,MI,Macomb,125
26101,MI,Manistee,10
26103,MI,Marquette,14
26105,MI,Mason,6
26107,MI,Mecosta,8
26109,MI,Menominee,7
26111,MI,Midland,16
26113,MI,Missaukee,2
26115,MI,Monroe,22
26117,MI,Montcalm,10
26119,MI,Montmorency,3
26121,MI,Muskegon,22
26123,MI,Newaygo,9
26125,MI,Oakland,231
26127,MI,Oceana,7
26129,MI,Ogemaw,4
26131,MI,Ontonagon,3
26133,MI,Osceola,5
26135,MI,Oscoda,3
26137,MI,Otsego,7
26139,MI,Ottawa,31
26141,MI,Presque Isle,7
26143,MI,Roscommon,4
26145,MI,Saginaw,39
26147,MI,St. Clair,24
26149,MI,St. Joseph,11
26151,MI,Sanilac,9
26153,MI,Schoolcraft,3
26155,MI,Shiawassee,9
26157,MI,Tuscola,8
26159,MI,Van Buren,20
26161,MI,Washtenaw,63
26163,MI,Wayne,405
26165,MI,Wexford,7
27001,MN,Aitkin,4
27003,MN,Anoka,36
27005,MN,Becker,3
27007,MN,Beltrami,6
27009,MN,Benton,5
27011,MN,Big Stone,3
27013,MN,Blue Earth,7
27015,MN,Brown,7
27017,MN,Carlton,4
27019,MN,Carver,12
27021,MN,Cass,9
27023,MN,Chippewa,4
27025,MN,Chisago,7
27027,MN,Clay,7
27029,MN,Clearwater,3
27031,MN,Cook,4
27033,MN,Cottonwood,4
27035,MN,Crow Wing,16
27037,MN,Dakota,50
27039,MN,Dodge,2
27041,MN,Douglas,8
27043,MN,Faribault,6
27045,MN,Fillmore,4
27047,MN,Freeborn,5
27049,MN,Goodhue,12
27051,MN,Grant,4
27053,MN,Hennepin,232
27055,MN,Houston,4
27057,MN,Hubbard,4
27059,MN,Isanti,6
27061,MN,Itasca,11
27063,MN,Jackson,2
27065,MN,Kanabec,1
27067,MN,Kandiyohi,9
27069,MN,Kittson,4
27071,MN,Koochiching,5
27073,MN,Lac qui Parle,2
27075,MN,Lake,2
27077,MN,Lake of the Woods,2
27079,MN,Le Sueur,4
27081,MN,Lincoln,5
27083,MN,Lyon,7
27085,MN,McLeod,5
27087,MN,Mahnomen,2
27089,MN,Marshall,5
27091,MN,Martin,3
27093,MN,Meeker,4
27095,MN,Mille Lacs,6
27097,MN,Morrison,7
27099,MN,Mower,9
27101,MN,Murray,3
27103,MN,Nicollet,2
27105,MN,Nobles,8
27107,MN,Norman,2
27109,MN,Olmsted,26
27111,MN,Otter Tail,13
27113,MN,Pennington,2
27115,MN,Pine,4
27117,MN,Pipestone,3
27119,MN,Polk,7
27121,MN,Pope,2
27123,MN,Ramsey,102
27125,MN,Red Lake,3
27127,MN,Redwood,5
27129,MN,Renville,7
27131,MN,Rice,9
27133,MN,Rock,1
27135,MN,Roseau,5
27137,MN,St. Louis,32
27139,MN,Scott,13
27141,MN,Sherburne,7
27143,MN,Sibley,3
27145,MN,Stearns,31
27147,MN,Steele,8
27149,MN,Stevens,3
27151,MN,Swift,3
27153,MN,Todd,7
27155,MN,Traverse,2
27157,MN,Wabasha,3
27159,MN,Wadena,5
27161,MN,Waseca,3
27163,MN,Washington,26
27165,MN,Watonwan,4
27167,MN,Wilkin,0
27169,MN,Winona,4
27171,MN,Wright,12
27173,MN,Yellow Medicine,3
28001,MS,Adams,5
28003,MS,Alcorn,7
28005,MS,Amite,1
28007,MS,Attala,2
28009,MS,Benton,1
28011,MS,Bolivar,7
28013,MS,Calhoun,5
28015,MS,Carroll,0
28017,MS,Chickasaw,3
28019,MS,Choctaw,4
28021,MS,Claiborne,3
28023,MS,Clarke,3
28025,MS,Clay,3
28027,MS,Coahoma,7
28029,MS,Copiah,5
28031,MS,Covington,4
28033,MS,DeSoto,20
28035,MS,Forrest,12
28037,MS,Franklin,1
28039,MS,George,2
28041,MS,Greene,3
28043,MS,Grenada,2
28045,MS,Hancock,3
28047,MS,Harrison,20
28049,MS,Hinds,27
28051,MS,Holmes,5
28053,MS,Humphreys,2
28055,MS,Issaquena,0
28057,MS,Itawamba,6
28059,MS,Jackson,16
28061,MS,Jasper,3
28063,MS,Jefferson,1
28065,MS,Jefferson Davis,2
28067,MS,Jones,9
28069,MS,Kemper,1
28071,MS,Lafayette,4
28073,MS,Lamar,7
28075,MS,Lauderdale,8
28077,MS,Lawrence,4
28079,MS,Leake,2
28081,MS,Lee,16
28083,MS,Leflore,9
28085,MS,Lincoln,4
28087,MS,Lowndes,7
28089,MS,Madison,16
28091,MS,Marion,4
28093,MS,Marshall,2
28095,MS,Monroe,6
28097,MS,Montgomery,2
28099,MS,Neshoba,3
28101,MS,Newton,4
28103,MS,Noxubee,3
28105,MS,Oktibbeha,5
28107,MS,Panola,3
28109,MS,Pearl River,8
28111,MS,Perry,2
28113,MS,Pike,7
28115,MS,Pontotoc,7
28117,MS,Prentiss,7
28119,MS,Quitman,2
28121,MS,Rankin,13
28123,MS,Scott,8
28125,MS,Sharkey,1
28127,MS,Simpson,3
28129,MS,Smith,4
28131,MS,Stone,1
28133,MS,Sunflower,5
28135,MS,Tallahatchie,2
28137,MS,Tate,1
28139,MS,Tippah,4
28141,MS,Tishomingo,8
28143,MS,Tunica,3
28145,MS,Union,4
28147,MS,Walthall,4
28149,MS,Warren,5
28151,MS,Washington,11
28153,MS,Wayne,4
28155,MS,Webster,3
28157,MS,Wilkinson,4
28159,MS,Winston,3
28161,MS,Yalobusha,3
28163,MS,Yazoo,6
29001,MO,Adair,3
29003,MO,Andrew,4
29005,MO,Atchison,2
29007,MO,Audrain,3
29009,MO,Barry,13
29011,MO,Barton,1
29013,MO,Bates,5
29015,MO,Benton,3
29017,MO,Bollinger,3
29019,MO,Boone,32
29021,MO,Buchanan,10
29023,MO,Butler,7
29025,MO,Caldwell,4
29027,MO,Callaway,4
29029,MO,Camden,9
29031,MO,Cape Girardeau,10
29033,MO,Carroll,1
29035,MO,Carter,4
29037,MO,Cass,10
29039,MO,Cedar,3
29041,MO,Chariton,3
29043,MO,Christian,11
29045,MO,Clark,3
29047,MO,Clay,31
29049,MO,Clinton,2
29051,MO,Cole,11
29053,MO,Cooper,1
29055,MO,Crawford,3
29057,MO,Dade,2
29059,MO,Dallas,2
29061,MO,Daviess,3
29063,MO,DeKalb,1
29065,MO,Dent,4
29067,MO,Douglas,2
29069,MO,Dunklin,14
29071,MO,Franklin,20
29073,MO,Gasconade,4
29075,MO,Gentry,3
29077,MO,Greene,41
29079,MO,Grundy,4
29081,MO,Harrison,2
29083,MO,Henry,5
29085,MO,Hickory,2
29087,MO,Holt,2
29089,MO,Howard,2
29091,MO,Howell,10
29093,MO,Iron,5
29095,MO,Jackson,107
29097,MO,Jasper,11
29099,MO,Jefferson,23
29101,MO,Johnson,5
29103,MO,Knox,1
29105,MO,Laclede,4
29107,MO,Lafayette,7
29109,MO,Lawrence,6
29111,MO,Lewis,2
29113,MO,Lincoln,6
29115,MO,Linn,3
29117,MO,Livingston,3
29119,MO,McDonald,8
29121,MO,Macon,4
29123,MO,Madison,2
29125,MO,Maries,3
29127,MO,Marion,6
29129,MO,Mercer,1
29131,MO,Miller,8
29133,MO,Mississippi,5
29135,MO,Moniteau,3
29137,MO,Monroe,2
29139,MO,Montgomery,3
29141,MO,Morgan,9
29143,MO,New Madrid,6
29145,MO,Newton,6
29147,MO,Nodaway,1
29149,MO,Oregon,3
29151,MO,Osage,5
29153,MO,Ozark,2
29155,MO,Pemiscot,5
29157,MO,Perry,3
29159,MO,Pettis,7
29161,MO,Phelps,8
29163,MO,Pike,2
29165,MO,Platte,10
29167,MO,Polk,2
29169,MO,Pulaski,5
29171,MO,Putnam,2
29173,MO,Ralls,2
29175,MO,Randolph,4
29177,MO,Ray,0
29179,MO,Reynolds,2
29181,MO,Ripley,3
29183,MO,St. Charles,44
29185,MO,St. Clair,3
29186,MO,Ste. Genevieve,2
29187,MO,St. Francois,14
29189,MO,St. Louis,181
29195,MO,Saline,4
29197,MO,Schuyler,1
29199,MO,Scotland,3
29201,MO,Scott,10
29203,MO,Shannon,3
29205,MO,Shelby,3
29207,MO,Stoddard,7
29209,MO,Stone,5
29211,MO,Sullivan,4
29213,MO,Taney,10
29215,MO,Texas,5
29217,MO,Vernon,1
29219,MO,Warren,6
29221,MO,Washington,1
29223,MO,Wayne,3
29225,MO,Webster,4
29227,MO,Worth,1
29229,MO,Wright,5
29510,MO,St. Louis,107
30001,MT,Beaverhead,3
30003,MT,Big Horn,4
30005,MT,Blaine,4
30007,MT,Broadwater,1
30009,MT,Carbon,5
30011,MT,Carter,1
30013,MT,Cascade,10
30015,MT,Chouteau,2
30017,MT,Custer,2
30019,MT,Daniels,1
30021,MT,Dawson,2
30023,MT,Deer Lodge,2
30025,MT,Fallon,1
30027,MT,Fergus,9
30029,MT,Flathead,18
30031,MT,Gallatin,18
30033,MT,Garfield,1
30035,MT,Glacier,5
30037,MT,Golden Valley,0
30039,MT,Granite,2
30041,MT,Hill,2
30043,MT,Jefferson,2
30045,MT,Judith Basin,2
30047,MT,Lake,8
30049,MT,Lewis and Clark,13
30051,MT,Liberty,2
30053,MT,Lincoln,8
30055,MT,McCone,1
30057,MT,Madison,3
30059,MT,Meagher,2
30061,MT,Mineral,3
30063,MT,Missoula,20
30065,MT,Musselshell,2
30067,MT,Park,4
30069,MT,Petroleum,1
30071,MT,Phillips,2
30073,MT,Pondera,2
30075,MT,Powder River,1
30077,MT,Powell,2
30079,MT,Prairie,1
30081,MT,Ravalli,12
30083,MT,Richland,3
30085,MT,Roosevelt,5
30087,MT,Rosebud,8
30089,MT,Sanders,10
30091,MT,Sheridan,2
30093,MT,Silver Bow,9
30095,MT,Stillwater,3
30097,MT,Sweet Grass,1
30099,MT,Teton,2
30101,MT,Toole,2
30103,MT,Treasure,0
30105,MT,Valley,3
30107,MT,Wheatland,1
30109,MT,Wibaux,1
30111,MT,Yellowstone,18
31001,NE,Adams,5
31003,NE,Antelope,5
31005,NE,Arthur,1
31007,NE,Banner,0
31009,NE,Blaine,0
31011,NE,Boone,4
31013,NE,Box Butte,4
31015,NE,Boyd,2
31017,NE,Brown,3
31019,NE,Buffalo,10
31021,NE,Burt,2
31023,NE,Butler,2
31025,NE,Cass,6
31027,NE,Cedar,4
31029,NE,Chase,4
31031,NE,Cherry,2
31033,NE,Cheyenne,3
31035,NE,Clay,4
31037,NE,Colfax,5
31039,NE,Cuming,4
31041,NE,Custer,6
31043,NE,Dakota,6
31045,NE,Dawes,2
31047,NE,Dawson,4
31049,NE,Deuel,2
31051,NE,Dixon,1
31053,NE,Dodge,8
31055,NE,Douglas,91
31057,NE,Dundy,0
31059,NE,Fillmore,3
31061,NE,Franklin,2
31063,NE,Frontier,4
31065,NE,Furnas,4
31067,NE,Gage,6
31069,NE,Garden,1
31071,NE,Garfield,1
31073,NE,Gosper,1
31075,NE,Grant,1
31077,NE,Greeley,2
31079,NE,Hall,11
31081,NE,Hamilton,1
31083,NE,Harlan,1
31085,NE,Hayes,1
31087,NE,Hitchcock,2
31089,NE,Holt,6
31091,NE,Hooker,1
31093,NE,Howard,2
31095,NE,Jefferson,2
31097,NE,Johnson,1
31099,NE,Kearney,2
31101,NE,Keith,3
31103,NE,Keya Paha,1
31105,NE,Kimball,1
31107,NE,Knox,6
31109,NE,Lancaster,45
31111,NE,Lincoln,9
31113,NE,Logan,0
31115,NE,Loup,0
31117,NE,McPherson,0
31119,NE,Madison,9
31121,NE,Merrick,1
31123,NE,Morrill,3
31125,NE,Nance,3
31127,NE,Nemaha,4
31129,NE,Nuckolls,1
31131,NE,Otoe,4
31133,NE,Pawnee,1
31135,NE,Perkins,2
31137,NE,Phelps,3
31139,NE,Pierce,4
31141,NE,Platte,5
31143,NE,Polk,3
31145,NE,Red Willow,1
31147,NE,Richardson,2
31149,NE,Rock,1
31151,NE,Saline,4
31153,NE,Sarpy,15
31155,NE,Saunders,6
31157,NE,Scotts Bluff,5
31159,NE,Seward,5
31161,NE,Sheridan,7
31163,NE,Sherman,2
31165,NE,Sioux,0
31167,NE,Stanton,1
31169,NE,Thayer,4
31171,NE,Thomas,1
31173,NE,Thurston,0
31175,NE,Valley,3
31177,NE,Washington,2
31179,NE,Wayne,2
31181,NE,Webster,2
31183,NE,Wheeler,0
31185,NE,York,4
32001,NV,Churchill,2
32003,NV,Clark,201
32005,NV,Douglas,6
32007,NV,Elko,11
32009,NV,Esmeralda,1
32011,NV,Eureka,1
32013,NV,Humboldt,4
32015,NV,Lander,2
32017,NV,Lincoln,3
32019,NV,Lyon,4
32021,NV,Mineral,1
32023,NV,Nye,7
32027,NV,Pershing,1
32029,NV,Storey,0
32031,NV,Washoe,56
32033,NV,White Pine,3
32510,NV,Carson City,10
33001,NH,Belknap,10
33003,NH,Carroll,15
33005,NH,Cheshire,13
33007,NH,Coos,12
33009,NH,Grafton,29
33011,NH,Hillsborough,68
33013,NH,Merrimack,21
33015,NH,Rockingham,48
33017,NH,Strafford,18
33019,NH,Sullivan,7
34001,NJ,Atlantic,72
34003,NJ,Bergen,256
34005,NJ,Burlington,69
34007,NJ,Camden,147
34009,NJ,Cape May,43
34011,NJ,Cumberland,31
34013,NJ,Essex,362
34015,NJ,Gloucester,40
34017,NJ,Hudson,276
34019,NJ,Hunterdon,21
34021,NJ,Mercer,118
34023,NJ,Middlesex,212
34025,NJ,Monmouth,168
34027,NJ,Morris,98
34029,NJ,Ocean,110
34031,NJ,Passaic,243
34033,NJ,Salem,16
34035,NJ,Somerset,72
34037,NJ,Sussex,27
34039,NJ,Union,153
34041,NJ,Warren,24
35001,NM,Bernalillo,78
35003,NM,Catron,2
35005,NM,Chaves,6
35006,NM,Cibola,3
35007,NM,Colfax,3
35009,NM,Curry,5
35011,NM,De Baca,2
35013,NM,DoÃ±a Ana,21
35015,NM,Eddy,5
35017,NM,Grant,5
35019,NM,Guadalupe,0
35021,NM,Harding,1
35023,NM,Hidalgo,2
35025,NM,Lea,9
35027,NM,Lincoln,3
35028,NM,Los Alamos,3
35029,NM,Luna,2
35031,NM,McKinley,12
35033,NM,Mora,1
35035,NM,Otero,9
35037,NM,Quay,2
35039,NM,Rio Arriba,3
35041,NM,Roosevelt,1
35043,NM,Sandoval,12
35045,NM,San Juan,9
35047,NM,San Miguel,3
35049,NM,Santa Fe,28
35051,NM,Sierra,2
35053,NM,Socorro,1
35055,NM,Taos,11
35057,NM,Torrance,2
35059,NM,Union,1
35061,NM,Valencia,8
36001,NY,Albany,101
36003,NY,Allegany,14
36005,NY,Bronx,1296
36007,NY,Broome,42
36009,NY,Cattaraugus,19
36011,NY,Cayuga,11
36013,NY,Chautauqua,30
36015,NY,Chemung,15
36017,NY,Chenango,8
36019,NY,Clinton,20
36021,NY,Columbia,20
36023,NY,Cortland,7
36025,NY,Delaware,12
36027,NY,Dutchess,99
36029,NY,Erie,311
36031,NY,Essex,19
36033,NY,Franklin,13
36035,NY,Fulton,13
36037,NY,Genesee,11
36039,NY,Greene,13
36041,NY,Hamilton,4
36043,NY,Herkimer,10
36045,NY,Jefferson,34
36047,NY,Kings,2495
36049,NY,Lewis,3
36051,NY,Livingston,13
36053,NY,Madison,11
36055,NY,Monroe,190
36057,NY,Montgomery,11
36059,NY,Nassau,560
36061,NY,New York,1319
36063,NY,Niagara,34
36065,NY,Oneida,71
36067,NY,Onondaga,121
36069,NY,Ontario,19
36071,NY,Orange,108
36073,NY,Orleans,8
36075,NY,Oswego,21
36077,NY,Otsego,18
36079,NY,Putnam,27
36081,NY,Queens,1624
36083,NY,Rensselaer,38
36085,NY,Richmond,242
36087,NY,Rockland,111
36089,NY,St. Lawrence,30
36091,NY,Saratoga,28
36093,NY,Schenectady,46
36095,NY,Schoharie,2
36097,NY,Schuyler,2
36099,NY,Seneca,7
36101,NY,Steuben,23
36103,NY,Suffolk,491
36105,NY,Sullivan,30
36107,NY,Tioga,10
36109,NY,Tompkins,21
36111,NY,Ulster,47
36113,NY,Warren,27
36115,NY,Washington,10
36117,NY,Wayne,15
36119,NY,Westchester,485
36121,NY,Wyoming,8
36123,NY,Yates,10
37001,NC,Alamance,29
37003,NC,Alexander,3
37005,NC,Alleghany,3
37007,NC,Anson,2
37009,NC,Ashe,4
37011,NC,Avery,4
37013,NC,Beaufort,9
37015,NC,Bertie,4
37017,NC,Bladen,6
37019,NC,Brunswick,22
37021,NC,Buncombe,56
37023,NC,Burke,16
37025,NC,Cabarrus,31
37027,NC,Caldwell,11
37029,NC,Camden,0
37031,NC,Carteret,14
37033,NC,Caswell,3
37035,NC,Catawba,35
37037,NC,Chatham,13
37039,NC,Cherokee,5
37041,NC,Chowan,2
37043,NC,Clay,1
37045,NC,Cleveland,17
37047,NC,Columbus,16
37049,NC,Craven,16
37051,NC,Cumberland,50
37053,NC,Currituck,10
37055,NC,Dare,17
37057,NC,Davidson,32
37059,NC,Davie,5
37061,NC,Duplin,14
37063,NC,Durham,52
37065,NC,Edgecombe,11
37067,NC,Forsyth,82
37069,NC,Franklin,8
37071,NC,Gaston,32
37073,NC,Gates,3
37075,NC,Graham,1
37077,NC,Granville,7
37079,NC,Greene,5
37081,NC,Guilford,119
37083,NC,Halifax,20
37085,NC,Harnett,20
37087,NC,Haywood,10
37089,NC,Henderson,22
37091,NC,Hertford,7
37093,NC,Hoke,6
37095,NC,Hyde,1
37097,NC,Iredell,30
37099,NC,Jackson,7
37101,NC,Johnston,34
37103,NC,Jones,2
37105,NC,Lee,15
37107,NC,Lenoir,14
37109,NC,Lincoln,15
37111,NC,McDowell,9
37113,NC,Macon,10
37115,NC,Madison,4
37117,NC,Martin,5
37119,NC,Mecklenburg,216
37121,NC,Mitchell,1
37123,NC,Montgomery,4
37125,NC,Moore,19
37127,NC,Nash,25
37129,NC,New Hanover,49
37131,NC,Northampton,2
37133,NC,Onslow,20
37135,NC,Orange,19
37137,NC,Pamlico,4
37139,NC,Pasquotank,7
37141,NC,Pender,11
37143,NC,Perquimans,2
37145,NC,Person,5
37147,NC,Pitt,27
37149,NC,Polk,3
37151,NC,Randolph,22
37153,NC,Richmond,11
37155,NC,Robeson,33
37157,NC,Rockingham,19
37159,NC,Rowan,22
37161,NC,Rutherford,12
37163,NC,Sampson,10
37165,NC,Scotland,7
37167,NC,Stanly,14
37169,NC,Stokes,7
37171,NC,Surry,15
37173,NC,Swain,3
37175,NC,Transylvania,7
37177,NC,Tyrrell,1
37179,NC,Union,36
37181,NC,Vance,11
37183,NC,Wake,194
37185,NC,Warren,5
37187,NC,Washington,3
37189,NC,Watauga,10
37191,NC,Wayne,25
37193,NC,Wilkes,12
37195,NC,Wilson,19
37197,NC,Yadkin,7
37199,NC,Yancey,3
38001,ND,Adams,1
38003,ND,Barnes,4
38005,ND,Benson,2
38007,ND,Billings,0
38009,ND,Bottineau,0
38011,ND,Bowman,4
38013,ND,Burke,2
38015,ND,Burleigh,11
38017,ND,Cass,32
38019,ND,Cavalier,3
38021,ND,Dickey,3
38023,ND,Divide,1
38025,ND,Dunn,1
38027,ND,Eddy,0
38029,ND,Emmons,4
38031,ND,Foster,1
38033,ND,Golden Valley,2
38035,ND,Grand Forks,11
38037,ND,Grant,1
38039,ND,Griggs,1
38041,ND,Hettinger,3
38043,ND,Kidder,2
38045,ND,LaMoure,2
38047,ND,Logan,1
38049,ND,McHenry,3
38051,ND,McIntosh,2
38053,ND,McKenzie,3
38055,ND,McLean,3
38057,ND,Mercer,3
38059,ND,Morton,6
38061,ND,Mountrail,6
38063,ND,Nelson,5
38065,ND,Oliver,0
38067,ND,Pembina,4
38069,ND,Pierce,1
38071,ND,Ramsey,3
38073,ND,Ransom,1
38075,ND,Renville,1
38077,ND,Richland,1
38079,ND,Rolette,5
38081,ND,Sargent,2
38083,ND,Sheridan,1
38085,ND,Sioux,1
38087,ND,Slope,0
38089,ND,Stark,6
38091,ND,Steele,1
38093,ND,Stutsman,3
38095,ND,Towner,0
38097,ND,Traill,7
38099,ND,Walsh,4
38101,ND,Ward,8
38103,ND,Wells,6
38105,ND,Williams,6
39001,OH,Adams,3
39003,OH,Allen,14
39005,OH,Ashland,14
39007,OH,Ashtabula,17
39009,OH,Athens,11
39011,OH,Auglaize,6
39013,OH,Belmont,18
39015,OH,Brown,6
39017,OH,Butler,46
39019,OH,Carroll,4
39021,OH,Champaign,9
39023,OH,Clark,18
39025,OH,Clermont,25
39027,OH,Clinton,8
39029,OH,Columbiana,17
39031,OH,Coshocton,7
39033,OH,Crawford,7
39035,OH,Cuyahoga,282
39037,OH,Darke,10
39039,OH,Defiance,5
39041,OH,Delaware,20
39043,OH,Erie,13
39045,OH,Fairfield,15
39047,OH,Fayette,6
39049,OH,Franklin,266
39051,OH,Fulton,7
39053,OH,Gallia,5
39055,OH,Geauga,13
39057,OH,Greene,21
39059,OH,Guernsey,12
39061,OH,Hamilton,171
39063,OH,Hancock,11
39065,OH,Hardin,5
39067,OH,Harrison,4
39069,OH,Henry,4
39071,OH,Highland,7
39073,OH,Hocking,4
39075,OH,Holmes,16
39077,OH,Huron,10
39079,OH,Jackson,9
39081,OH,Jefferson,16
39083,OH,Knox,9
39085,OH,Lake,41
39087,OH,Lawrence,11
39089,OH,Licking,22
39091,OH,Logan,12
39093,OH,Lorain,55
39095,OH,Lucas,75
39097,OH,Madison,5
39099,OH,Mahoning,34
39101,OH,Marion,12
39103,OH,Medina,21
39105,OH,Meigs,3
39107,OH,Mercer,9
39109,OH,Miami,11
39111,OH,Monroe,2
39113,OH,Montgomery,85
39115,OH,Morgan,3
39117,OH,Morrow,6
39119,OH,Muskingum,14
39121,OH,Noble,3
39123,OH,Ottawa,7
39125,OH,Paulding,4
39127,OH,Perry,8
39129,OH,Pickaway,8
39131,OH,Pike,4
39133,OH,Portage,20
39135,OH,Preble,5
39137,OH,Putnam,5
39139,OH,Richland,22
39141,OH,Ross,9
39143,OH,Sandusky,12
39145,OH,Scioto,13
39147,OH,Seneca,11
39149,OH,Shelby,6
39151,OH,Stark,61
39153,OH,Summit,84
39155,OH,Trumbull,45
39157,OH,Tuscarawas,18
39159,OH,Union,4
39161,OH,Van Wert,4
39163,OH,Vinton,0
39165,OH,Warren,29
39167,OH,Washington,12
39169,OH,Wayne,28
39171,OH,Williams,6
39173,OH,Wood,16
39175,OH,Wyandot,7
40001,OK,Adair,3
40003,OK,Alfalfa,2
40005,OK,Atoka,4
40007,OK,Beaver,1
40009,OK,Beckham,4
40011,OK,Blaine,3
40013,OK,Bryan,3
40015,OK,Caddo,4
40017,OK,Canadian,11
40019,OK,Carter,9
40021,OK,Cherokee,8
40023,OK,Choctaw,0
40025,OK,Cimarron,1
40027,OK,Cleveland,52
40029,OK,Coal,3
40031,OK,Comanche,12
40033,OK,Cotton,0
40035,OK,Craig,1
40037,OK,Creek,6
40039,OK,Custer,4
40041,OK,Delaware,4
40043,OK,Dewey,2
40045,OK,Ellis,1
40047,OK,Garfield,10
40049,OK,Garvin,5
40051,OK,Grady,5
40053,OK,Grant,3
40055,OK,Greer,1
40057,OK,Harmon,1
40059,OK,Harper,2
40061,OK,Haskell,2
40063,OK,Hughes,3
40065,OK,Jackson,1
40067,OK,Jefferson,2
40069,OK,Johnston,1
40071,OK,Kay,8
40073,OK,Kingfisher,3
40075,OK,Kiowa,3
40077,OK,Latimer,1
40079,OK,Le Flore,8
40081,OK,Lincoln,3
40083,OK,Logan,2
40085,OK,Love,1
40087,OK,McClain,2
40089,OK,McCurtain,6
40091,OK,McIntosh,7
40093,OK,Major,3
40095,OK,Marshall,4
40097,OK,Mayes,6
40099,OK,Murray,2
40101,OK,Muskogee,14
40103,OK,Noble,1
40105,OK,Nowata,1
40107,OK,Okfuskee,4
40109,OK,Oklahoma,182
40111,OK,Okmulgee,6
40113,OK,Osage,3
40115,OK,Ottawa,2
40117,OK,Pawnee,3
40119,OK,Payne,5
40121,OK,Pittsburg,5
40123,OK,Pontotoc,6
40125,OK,Pottawatomie,4
40127,OK,Pushmataha,3
40129,OK,Roger Mills,1
40131,OK,Rogers,6
40133,OK,Seminole,4
40135,OK,Sequoyah,9
40137,OK,Stephens,7
40139,OK,Texas,4
40141,OK,Tillman,1
40143,OK,Tulsa,94
40145,OK,Wagoner,1
40147,OK,Washington,6
40149,OK,Washita,2
40151,OK,Woods,3
40153,OK,Woodward,2
41001,OR,Baker,3
41003,OR,Benton,13
41005,OR,Clackamas,58
41007,OR,Clatsop,16
41009,OR,Columbia,8
41011,OR,Coos,16
41013,OR,Crook,4
41015,OR,Curry,7
41017,OR,Deschutes,38
41019,OR,Douglas,27
41021,OR,Gilliam,3
41023,OR,Grant,3
41025,OR,Harney,2
41027,OR,Hood River,11
41029,OR,Jackson,35
41031,OR,Jefferson,7
41033,OR,Josephine,16
41035,OR,Klamath,16
41037,OR,Lake,1
41039,OR,Lane,61
41041,OR,Lincoln,17
41043,OR,Linn,19
41045,OR,Malheur,6
41047,OR,Marion,44
41049,OR,Morrow,1
41051,OR,Multnomah,152
41053,OR,Polk,10
41055,OR,Sherman,0
41057,OR,Tillamook,9
41059,OR,Umatilla,14
41061,OR,Union,7
41063,OR,Wallowa,5
41065,OR,Wasco,7
41067,OR,Washington,83
41069,OR,Wheeler,1
41071,OR,Yamhill,21
42001,PA,Adams,11
42003,PA,Allegheny,219
42005,PA,Armstrong,11
42007,PA,Beaver,25
42009,PA,Bedford,15
42011,PA,Berks,74
42013,PA,Blair,19
42015,PA,Bradford,14
42017,PA,Bucks,91
42019,PA,Butler,31
42021,PA,Cambria,29
42023,PA,Cameron,1
42025,PA,Carbon,11
42027,PA,Centre,17
42029,PA,Chester,65
42031,PA,Clarion,8
42033,PA,Clearfield,17
42035,PA,Clinton,5
42037,PA,Columbia,10
42039,PA,Crawford,20
42041,PA,Cumberland,38
42043,PA,Dauphin,56
42045,PA,Delaware,138
42047,PA,Elk,7
42049,PA,Erie,36
42051,PA,Fayette,28
42053,PA,Forest,3
42055,PA,Franklin,31
42057,PA,Fulton,2
42059,PA,Greene,12
42061,PA,Huntingdon,4
42063,PA,Indiana,9
42065,PA,Jefferson,8
42067,PA,Juniata,5
42069,PA,Lackawanna,43
42071,PA,Lancaster,108
42073,PA,Lawrence,15
42075,PA,Lebanon,33
42077,PA,Lehigh,76
42079,PA,Luzerne,60
42081,PA,Lycoming,18
42083,PA,McKean,12
42085,PA,Mercer,14
42087,PA,Mifflin,11
42089,PA,Monroe,17
42091,PA,Montgomery,146
42093,PA,Montour,3
42095,PA,Northampton,51
42097,PA,Northumberland,21
42099,PA,Perry,9
42101,PA,Philadelphia,679
42103,PA,Pike,8
42105,PA,Potter,8
42107,PA,Schuylkill,30
42109,PA,Snyder,10
42111,PA,Somerset,16
42113,PA,Sullivan,3
42115,PA,Susquehanna,7
42117,PA,Tioga,10
42119,PA,Union,3
42121,PA,Venango,7
42123,PA,Warren,10
42125,PA,Washington,24
42127,PA,Wayne,10
42129,PA,Westmoreland,51
42131,PA,Wyoming,6
42133,PA,York,64
44001,RI,Bristol,7
44003,RI,Kent,21
44005,RI,Newport,14
44007,RI,Providence,135
44009,RI,Washington,28
45001,SC,Abbeville,5
45003,SC,Aiken,27
45005,SC,Allendale,1
45007,SC,Anderson,33
45009,SC,Bamberg,4
45011,SC,Barnwell,5
45013,SC,Beaufort,29
45015,SC,Berkeley,24
45017,SC,Calhoun,2
45019,SC,Charleston,89
45021,SC,Cherokee,9
45023,SC,Chester,5
45025,SC,Chesterfield,9
45027,SC,Clarendon,4
45029,SC,Colleton,9
45031,SC,Darlington,12
45033,SC,Dillon,6
45035,SC,Dorchester,19
45037,SC,Edgefield,3
45039,SC,Fairfield,2
45041,SC,Florence,31
45043,SC,Georgetown,15
45045,SC,Greenville,88
45047,SC,Greenwood,15
45049,SC,Hampton,6
45051,SC,Horry,60
45053,SC,Jasper,5
45055,SC,Kershaw,8
45057,SC,Lancaster,24
45059,SC,Laurens,10
45061,SC,Lee,2
45063,SC,Lexington,43
45065,SC,McCormick,1
45067,SC,Marion,9
45069,SC,Marlboro,4
45071,SC,Newberry,5
45073,SC,Oconee,17
45075,SC,Orangeburg,18
45077,SC,Pickens,13
45079,SC,Richland,60
45081,SC,Saluda,2
45083,SC,Spartanburg,45
45085,SC,Sumter,19
45087,SC,Union,4
45089,SC,Williamsburg,9
45091,SC,York,38
46003,SD,Aurora,1
46005,SD,Beadle,5
46007,SD,Bennett,2
46009,SD,Bon Homme,2
46011,SD,Brookings,4
46013,SD,Brown,6
46015,SD,Brule,2
46017,SD,Buffalo,0
46019,SD,Butte,3
46021,SD,Campbell,0
46023,SD,Charles Mix,4
46025,SD,Clark,1
46027,SD,Clay,2
46029,SD,Codington,2
46031,SD,Corson,1
46033,SD,Custer,3
46035,SD,Davison,2
46037,SD,Day,1
46039,SD,Deuel,3
46041,SD,Dewey,1
46043,SD,Douglas,2
46045,SD,Edmunds,1
46047,SD,Fall River,0
46049,SD,Faulk,1
46051,SD,Grant,4
46053,SD,Gregory,2
46055,SD,Haakon,1
46057,SD,Hamlin,3
46059,SD,Hand,1
46061,SD,Hanson,1
46063,SD,Harding,1
46065,SD,Hughes,2
46067,SD,Hutchinson,5
46069,SD,Hyde,1
46071,SD,Jackson,2
46073,SD,Jerauld,1
46075,SD,Jones,1
46077,SD,Kingsbury,3
46079,SD,Lake,1
46081,SD,Lawrence,5
46083,SD,Lincoln,7
46085,SD,Lyman,5
46087,SD,McCook,4
46089,SD,McPherson,2
46091,SD,Marshall,3
46093,SD,Meade,4
46095,SD,Mellette,1
46097,SD,Miner,2
46099,SD,Minnehaha,31
46101,SD,Moody,1
46103,SD,Pennington,16
46105,SD,Perkins,2
46107,SD,Potter,2
46109,SD,Roberts,3
46111,SD,Sanborn,1
46113,SD,Shannon,2
46115,SD,Spink,2
46117,SD,Stanley,0
46119,SD,Sully,1
46121,SD,Todd,3
46123,SD,Tripp,3
46125,SD,Turner,3
46127,SD,Union,3
46129,SD,Walworth,3
46135,SD,Yankton,1
46137,SD,Ziebach,0
47001,TN,Anderson,12
47003,TN,Bedford,7
47005,TN,Benton,6
47007,TN,Bledsoe,1
47009,TN,Blount,15
47011,TN,Bradley,14
47013,TN,Campbell,8
47015,TN,Cannon,0
47017,TN,Carroll,6
47019,TN,Carter,9
47021,TN,Cheatham,5
47023,TN,Chester,5
47025,TN,Claiborne,5
47027,TN,Clay,4
47029,TN,Cocke,6
47031,TN,Coffee,12
47033,TN,Crockett,3
47035,TN,Cumberland,10
47037,TN,Davidson,124
47039,TN,Decatur,4
47041,TN,DeKalb,4
47043,TN,Dickson,7
47045,TN,Dyer,7
47047,TN,Fayette,4
47049,TN,Fentress,4
47051,TN,Franklin,5
47053,TN,Gibson,13
47055,TN,Giles,6
47057,TN,Grainger,5
47059,TN,Greene,13
47061,TN,Grundy,6
47063,TN,Hamblen,14
47065,TN,Hamilton,58
47067,TN,Hancock,1
47069,TN,Hardeman,6
47071,TN,Hardin,7
47073,TN,Hawkins,9
47075,TN,Haywood,3
47077,TN,Henderson,4
47079,TN,Henry,4
47081,TN,Hickman,2
47083,TN,Houston,2
47085,TN,Humphreys,3
47087,TN,Jackson,2
47089,TN,Jefferson,4
47091,TN,Johnson,4
47093,TN,Knox,71
47095,TN,Lake,2
47097,TN,Lauderdale,4
47099,TN,Lawrence,8
47101,TN,Lewis,4
47103,TN,Lincoln,4
47105,TN,Loudon,8
47107,TN,McMinn,6
47109,TN,McNairy,4
47111,TN,Macon,5
47113,TN,Madison,15
47115,TN,Marion,4
47117,TN,Marshall,4
47119,TN,Maury,15
47121,TN,Meigs,4
47123,TN,Monroe,12
47125,TN,Montgomery,22
47127,TN,Moore,1
47129,TN,Morgan,5
47131,TN,Obion,3
47133,TN,Overton,5
47135,TN,Perry,2
47137,TN,Pickett,2
47139,TN,Polk,2
47141,TN,Putnam,17
47143,TN,Rhea,6
47145,TN,Roane,6
47147,TN,Robertson,9
47149,TN,Rutherford,33
47151,TN,Scott,4
47153,TN,Sequatchie,0
47155,TN,Sevier,24
47157,TN,Shelby,163
47159,TN,Smith,2
47161,TN,Stewart,1
47163,TN,Sullivan,19
47165,TN,Sumner,20
47167,TN,Tipton,9
47169,TN,Trousdale,3
47171,TN,Unicoi,2
47173,TN,Union,1
47175,TN,Van Buren,0
47177,TN,Warren,6
47179,TN,Washington,20
47181,TN,Wayne,5
47183,TN,Weakley,6
47185,TN,White,5
47187,TN,Williamson,28
47189,TN,Wilson,18
48001,TX,Anderson,3
48003,TX,Andrews,1
48005,TX,Angelina,11
48007,TX,Aransas,3
48009,TX,Archer,1
48011,TX,Armstrong,1
48013,TX,Atascosa,6
48015,TX,Austin,5
48017,TX,Bailey,2
48019,TX,Bandera,2
48021,TX,Bastrop,11
48023,TX,Baylor,1
48025,TX,Bee,2
48027,TX,Bell,31
48029,TX,Bexar,172
48031,TX,Blanco,3
48033,TX,Borden,0
48035,TX,Bosque,3
48037,TX,Bowie,17
48039,TX,Brazoria,31
48041,TX,Brazos,20
48043,TX,Brewster,5
48045,TX,Briscoe,1
48047,TX,Brooks,1
48049,TX,Brown,7
48051,TX,Burleson,4
48053,TX,Burnet,2
48055,TX,Caldwell,2
48057,TX,Calhoun,2
48059,TX,Callahan,2
48061,TX,Cameron,39
48063,TX,Camp,1
48065,TX,Carson,2
48067,TX,Cass,2
48069,TX,Castro,2
48071,TX,Chambers,5
48073,TX,Cherokee,4
48075,TX,Childress,1
48077,TX,Clay,1
48079,TX,Cochran,2
48081,TX,Coke,3
48083,TX,Coleman,3
48085,TX,Collin,100
48087,TX,Collingsworth,1
48089,TX,Colorado,5
48091,TX,Comal,8
48093,TX,Comanche,1
48095,TX,Concho,1
48097,TX,Cooke,5
48099,TX,Coryell,3
48101,TX,Cottle,1
48103,TX,Crane,1
48105,TX,Crockett,1
48107,TX,Crosby,3
48109,TX,Culberson,0
48111,TX,Dallam,0
48113,TX,Dallas,408
48115,TX,Dawson,2
48117,TX,Deaf Smith,2
48119,TX,Delta,0
48121,TX,Denton,69
48123,TX,DeWitt,2
48125,TX,Dickens,1
48127,TX,Dimmit,3
48129,TX,Donley,1
48131,TX,Duval,3
48133,TX,Eastland,4
48135,TX,Ector,16
48137,TX,Edwards,1
48139,TX,Ellis,14
48141,TX,El Paso,116
48143,TX,Erath,3
48145,TX,Falls,3
48147,TX,Fannin,4
48149,TX,Fayette,4
48151,TX,Fisher,2
48153,TX,Floyd,2
48155,TX,Foard,1
48157,TX,Fort Bend,96
48159,TX,Franklin,1
48161,TX,Freestone,2
48163,TX,Frio,2
48165,TX,Gaines,3
48167,TX,Galveston,52
48169,TX,Garza,1
48171,TX,Gillespie,3
48173,TX,Glasscock,0
48175,TX,Goliad,1
48177,TX,Gonzales,2
48179,TX,Gray,2
48181,TX,Grayson,13
48183,TX,Gregg,15
48185,TX,Grimes,3
48187,TX,Guadalupe,8
48189,TX,Hale,4
48191,TX,Hall,1
48193,TX,Hamilton,2
48195,TX,Hansford,2
48197,TX,Hardeman,1
48199,TX,Hardin,7
48201,TX,Harris,766
48203,TX,Harrison,7
48205,TX,Hartley,1
48207,TX,Haskell,2
48209,TX,Hays,10
48211,TX,Hemphill,1
48213,TX,Henderson,8
48215,TX,Hidalgo,67
48217,TX,Hill,3
48219,TX,Hockley,2
48221,TX,Hood,7
48223,TX,Hopkins,2
48225,TX,Houston,3
48227,TX,Howard,2
48229,TX,Hudspeth,1
48231,TX,Hunt,9
48233,TX,Hutchinson,4
48235,TX,Irion,0
48237,TX,Jack,1
48239,TX,Jackson,3
48241,TX,Jasper,4
48243,TX,Jeff Davis,2
48245,TX,Jefferson,42
48247,TX,Jim Hogg,3
48249,TX,Jim Wells,8
48251,TX,Johnson,15
48253,TX,Jones,3
48255,TX,Karnes,4
48257,TX,Kaufman,11
48259,TX,Kendall,3
48261,TX,Kenedy,0
48263,TX,Kent,1
48265,TX,Kerr,5
48267,TX,Kimble,1
48269,TX,King,0
48271,TX,Kinney,1
48273,TX,Kleberg,4
48275,TX,Knox,2
48277,TX,Lamar,4
48279,TX,Lamb,6
48281,TX,Lampasas,1
48283,TX,La Salle,3
48285,TX,Lavaca,3
48287,TX,Lee,4
48289,TX,Leon,5
48291,TX,Liberty,12
48293,TX,Limestone,4
48295,TX,Lipscomb,2
48297,TX,Live Oak,2
48299,TX,Llano,3
48301,TX,Loving,0
48303,TX,Lubbock,22
48305,TX,Lynn,1
48307,TX,McCulloch,1
48309,TX,McLennan,27
48311,TX,McMullen,0
48313,TX,Madison,2
48315,TX,Marion,1
48317,TX,Martin,1
48319,TX,Mason,1
48321,TX,Matagorda,4
48323,TX,Maverick,8
48325,TX,Medina,6
48327,TX,Menard,1
48329,TX,Midland,9
48331,TX,Milam,5
48333,TX,Mills,1
48335,TX,Mitchell,2
48337,TX,Montague,3
48339,TX,Montgomery,55
48341,TX,Moore,5
48343,TX,Morris,3
48345,TX,Motley,1
48347,TX,Nacogdoches,8
48349,TX,Navarro,6
48351,TX,Newton,2
48353,TX,Nolan,3
48355,TX,Nueces,32
48357,TX,Ochiltree,2
48359,TX,Oldham,1
48361,TX,Orange,12
48363,TX,Palo Pinto,4
48365,TX,Panola,3
48367,TX,Parker,9
48369,TX,Parmer,3
48371,TX,Pecos,3
48373,TX,Polk,5
48375,TX,Potter,16
48377,TX,Presidio,1
48379,TX,Rains,2
48381,TX,Randall,10
48383,TX,Reagan,1
48385,TX,Real,1
48387,TX,Red River,2
48389,TX,Reeves,1
48391,TX,Refugio,2
48393,TX,Roberts,1
48395,TX,Robertson,5
48397,TX,Rockwall,7
48399,TX,Runnels,3
48401,TX,Rusk,6
48403,TX,Sabine,3
48405,TX,San Augustine,3
48407,TX,San Jacinto,4
48409,TX,San Patricio,9
48411,TX,San Saba,3
48413,TX,Schleicher,1
48415,TX,Scurry,2
48417,TX,Shackelford,1
48419,TX,Shelby,5
48421,TX,Sherman,1
48423,TX,Smith,23
48425,TX,Somervell,2
48427,TX,Starr,7
48429,TX,Stephens,1
48431,TX,Sterling,1
48433,TX,Stonewall,1
48435,TX,Sutton,1
48437,TX,Swisher,1
48439,TX,Tarrant,240
48441,TX,Taylor,12
48443,TX,Terrell,0
48445,TX,Terry,1
48447,TX,Throckmorton,1
48449,TX,Titus,5
48451,TX,Tom Green,12
48453,TX,Travis,151
48455,TX,Trinity,2
48457,TX,Tyler,2
48459,TX,Upshur,5
48461,TX,Upton,1
48463,TX,Uvalde,1
48465,TX,Val Verde,3
48467,TX,Van Zandt,5
48469,TX,Victoria,7
48471,TX,Walker,9
48473,TX,Waller,4
48475,TX,Ward,2
48477,TX,Washington,3
48479,TX,Webb,28
48481,TX,Wharton,7
48483,TX,Wheeler,2
48485,TX,Wichita,14
48487,TX,Wilbarger,2
48489,TX,Willacy,1
48491,TX,Williamson,41
48493,TX,Wilson,3
48495,TX,Winkler,4
48497,TX,Wise,10
48499,TX,Wood,5
48501,TX,Yoakum,2
48503,TX,Young,2
48505,TX,Zapata,4
48507,TX,Zavala,1
49001,UT,Beaver,4
49003,UT,Box Elder,5
49005,UT,Cache,17
49007,UT,Carbon,4
49009,UT,Daggett,1
49011,UT,Davis,25
49013,UT,Duchesne,6
49015,UT,Emery,4
49017,UT,Garfield,4
49019,UT,Grand,4
49021,UT,Iron,3
49023,UT,Juab,2
49025,UT,Kane,3
49027,UT,Millard,4
49029,UT,Morgan,1
49031,UT,Piute,2
49033,UT,Rich,0
49035,UT,Salt Lake,155
49037,UT,San Juan,3
49039,UT,Sanpete,6
49041,UT,Sevier,3
49043,UT,Summit,11
49045,UT,Tooele,5
49047,UT,Uintah,2
49049,UT,Utah,47
49051,UT,Wasatch,5
49053,UT,Washington,19
49055,UT,Wayne,2
49057,UT,Weber,29
50001,VT,Addison,13
50003,VT,Bennington,10
50005,VT,Caledonia,9
50007,VT,Chittenden,43
50009,VT,Essex,1
50011,VT,Franklin,15
50013,VT,Grand Isle,4
50015,VT,Lamoille,10
50017,VT,Orange,7
50019,VT,Orleans,13
50021,VT,Rutland,20
50023,VT,Washington,25
50025,VT,Windham,20
50027,VT,Windsor,23
51001,VA,Accomack,9
51003,VA,Albemarle,19
51005,VA,Alleghany,3
51007,VA,Amelia,1
51009,VA,Amherst,6
51011,VA,Appomattox,1
51013,VA,Arlington,46
51015,VA,Augusta,11
51017,VA,Bath,1
51019,VA,Bedford,7
51021,VA,Bland,1
51023,VA,Botetourt,6
51025,VA,Brunswick,2
51027,VA,Buchanan,8
51029,VA,Buckingham,2
51031,VA,Campbell,10
51033,VA,Caroline,3
51035,VA,Carroll,4
51036,VA,Charles City,1
51037,VA,Charlotte,1
51041,VA,Chesterfield,51
51043,VA,Clarke,1
51045,VA,Craig,4
51047,VA,Culpeper,9
51049,VA,Cumberland,2
51051,VA,Dickenson,5
51053,VA,Dinwiddie,4
51057,VA,Essex,2
51059,VA,Fairfax,193
51061,VA,Fauquier,9
51063,VA,Floyd,3
51065,VA,Fluvanna,3
51067,VA,Franklin,4
51069,VA,Frederick,8
51071,VA,Giles,5
51073,VA,Gloucester,5
51075,VA,Goochland,2
51077,VA,Grayson,1
51079,VA,Greene,2
51081,VA,Greensville,0
51083,VA,Halifax,9
51085,VA,Hanover,14
51087,VA,Henrico,71
51089,VA,Henry,11
51091,VA,Highland,1
51093,VA,Isle of Wight,5
51095,VA,James City,11
51097,VA,King and Queen,0
51099,VA,King George,2
51101,VA,King William,4
51103,VA,Lancaster,3
51105,VA,Lee,6
51107,VA,Loudoun,58
51109,VA,Louisa,4
51111,VA,Lunenburg,4
51113,VA,Madison,5
51115,VA,Mathews,2
51117,VA,Mecklenburg,5
51119,VA,Middlesex,3
51121,VA,Montgomery,11
51125,VA,Nelson,2
51127,VA,New Kent,3
51131,VA,Northampton,2
51133,VA,Northumberland,3
51135,VA,Nottoway,4
51137,VA,Orange,3
51139,VA,Page,5
51141,VA,Patrick,2
51143,VA,Pittsylvania,6
51145,VA,Powhatan,3
51147,VA,Prince Edward,2
51149,VA,Prince George,2
51153,VA,Prince William,64
51155,VA,Pulaski,5
51157,VA,Rappahannock,2
51159,VA,Richmond,1
51161,VA,Roanoke,11
51163,VA,Rockbridge,3
51165,VA,Rockingham,10
51167,VA,Russell,2
51169,VA,Scott,8
51171,VA,Shenandoah,9
51173,VA,Smyth,5
51175,VA,Southampton,3
51177,VA,Spotsylvania,20
51179,VA,Stafford,11
51181,VA,Surry,2
51183,VA,Sussex,1
51185,VA,Tazewell,8
51187,VA,Warren,6
51191,VA,Washington,13
51193,VA,Westmoreland,6
51195,VA,Wise,10
51197,VA,Wythe,5
51199,VA,York,7
51510,VA,Alexandria,37
51515,VA,Bedford,3
51520,VA,Bristol,5
51530,VA,Buena Vista,1
51540,VA,Charlottesville,20
51550,VA,Chesapeake,28
51570,VA,Colonial Heights,4
51580,VA,Covington,1
51590,VA,Danville,16
51595,VA,Emporia,3
51600,VA,Fairfax,18
51610,VA,Falls Church,10
51620,VA,Franklin,2
51630,VA,Fredericksburg,6
51640,VA,Galax,4
51650,VA,Hampton,18
51660,VA,Harrisonburg,18
51670,VA,Hopewell,7
51678,VA,Lexington,3
51680,VA,Lynchburg,18
51683,VA,Manassas,17
51685,VA,Manassas Park,3
51690,VA,Martinsville,4
51700,VA,Newport News,31
51710,VA,Norfolk,40
51720,VA,Norton,2
51730,VA,Petersburg,15
51735,VA,Poquoson,2
51740,VA,Portsmouth,11
51750,VA,Radford,2
51760,VA,Richmond,65
51770,VA,Roanoke,28
51775,VA,Salem,6
51790,VA,Staunton,8
51800,VA,Suffolk,14
51810,VA,Virginia Beach,77
51820,VA,Waynesboro,10
51830,VA,Williamsburg,5
51840,VA,Winchester,9
53001,WA,Adams,6
53003,WA,Asotin,4
53005,WA,Benton,29
53007,WA,Chelan,21
53009,WA,Clallam,13
53011,WA,Clark,60
53013,WA,Columbia,2
53015,WA,Cowlitz,15
53017,WA,Douglas,11
53019,WA,Ferry,3
53021,WA,Franklin,22
53023,WA,Garfield,1
53025,WA,Grant,27
53027,WA,Grays Harbor,28
53029,WA,Island,15
53031,WA,Jefferson,10
53033,WA,King,518
53035,WA,Kitsap,46
53037,WA,Kittitas,11
53039,WA,Klickitat,8
53041,WA,Lewis,27
53043,WA,Lincoln,4
53045,WA,Mason,10
53047,WA,Okanogan,18
53049,WA,Pacific,6
53051,WA,Pend Oreille,5
53053,WA,Pierce,168
53055,WA,San Juan,13
53057,WA,Skagit,32
53059,WA,Skamania,2
53061,WA,Snohomish,153
53063,WA,Spokane,81
53065,WA,Stevens,8
53067,WA,Thurston,53
53069,WA,Wahkiakum,2
53071,WA,Walla Walla,12
53073,WA,Whatcom,41
53075,WA,Whitman,10
53077,WA,Yakima,70
54001,WV,Barbour,3
54003,WV,Berkeley,12
54005,WV,Boone,6
54007,WV,Braxton,2
54009,WV,Brooke,3
54011,WV,Cabell,16
54013,WV,Calhoun,1
54015,WV,Clay,1
54017,WV,Doddridge,1
54019,WV,Fayette,9
54021,WV,Gilmer,1
54023,WV,Grant,4
54025,WV,Greenbrier,6
54027,WV,Hampshire,3
54029,WV,Hancock,9
54031,WV,Hardy,2
54033,WV,Harrison,12
54035,WV,Jackson,3
54037,WV,Jefferson,6
54039,WV,Kanawha,31
54041,WV,Lewis,3
54043,WV,Lincoln,7
54045,WV,Logan,11
54047,WV,McDowell,7
54049,WV,Marion,9
54051,WV,Marshall,5
54053,WV,Mason,2
54055,WV,Mercer,9
54057,WV,Mineral,7
54059,WV,Mingo,4
54061,WV,Monongalia,16
54063,WV,Monroe,3
54065,WV,Morgan,4
54067,WV,Nicholas,6
54069,WV,Ohio,12
54071,WV,Pendleton,2
54073,WV,Pleasants,1
54075,WV,Pocahontas,4
54077,WV,Preston,4
54079,WV,Putnam,9
54081,WV,Raleigh,13
54083,WV,Randolph,5
54085,WV,Ritchie,3
54087,WV,Roane,3
54089,WV,Summers,2
54091,WV,Taylor,2
54093,WV,Tucker,3
54095,WV,Tyler,2
54097,WV,Upshur,4
54099,WV,Wayne,7
54101,WV,Webster,3
54103,WV,Wetzel,7
54105,WV,Wirt,3
54107,WV,Wood,11
54109,WV,Wyoming,4
55001,WI,Adams,1
55003,WI,Ashland,6
55005,WI,Barron,13
55007,WI,Bayfield,7
55009,WI,Brown,34
55011,WI,Buffalo,1
55013,WI,Burnett,3
55015,WI,Calumet,7
55017,WI,Chippewa,9
55019,WI,Clark,8
55021,WI,Columbia,9
55023,WI,Crawford,5
55025,WI,Dane,80
55027,WI,Dodge,12
55029,WI,Door,12
55031,WI,Douglas,7
55033,WI,Dunn,6
55035,WI,Eau Claire,15
55037,WI,Florence,1
55039,WI,Fond du Lac,13
55041,WI,Forest,1
55043,WI,Grant,14
55045,WI,Green,10
55047,WI,Green Lake,6
55049,WI,Iowa,4
55051,WI,Iron,2
55053,WI,Jackson,2
55055,WI,Jefferson,13
55057,WI,Juneau,5
55059,WI,Kenosha,38
55061,WI,Kewaunee,4
55063,WI,La Crosse,11
55065,WI,Lafayette,6
55067,WI,Langlade,5
55069,WI,Lincoln,5
55071,WI,Manitowoc,9
55073,WI,Marathon,25
55075,WI,Marinette,9
55077,WI,Marquette,3
55078,WI,Menominee,0
55079,WI,Milwaukee,229
55081,WI,Monroe,5
55083,WI,Oconto,5
55085,WI,Oneida,9
55087,WI,Outagamie,24
55089,WI,Ozaukee,12
55091,WI,Pepin,2
55093,WI,Pierce,8
55095,WI,Polk,12
55097,WI,Portage,8
55099,WI,Price,4
55101,WI,Racine,38
55103,WI,Richland,4
55105,WI,Rock,23
55107,WI,Rusk,3
55109,WI,St. Croix,10
55111,WI,Sauk,14
55113,WI,Sawyer,5
55115,WI,Shawano,9
55117,WI,Sheboygan,18
55119,WI,Taylor,2
55121,WI,Trempealeau,6
55123,WI,Vernon,6
55125,WI,Vilas,8
55127,WI,Walworth,19
55129,WI,Washburn,5
55131,WI,Washington,16
55133,WI,Waukesha,57
55135,WI,Waupaca,10
55137,WI,Waushara,9
55139,WI,Winnebago,16
55141,WI,Wood,11
56001,WY,Albany,3
56003,WY,Big Horn,4
56005,WY,Campbell,5
56007,WY,Carbon,4
56009,WY,Converse,3
56011,WY,Crook,4
56013,WY,Fremont,9
56015,WY,Goshen,2
56017,WY,Hot Springs,1
56019,WY,Johnson,3
56021,WY,Laramie,9
56023,WY,Lincoln,5
56025,WY,Natrona,7
56027,WY,Niobrara,1
56029,WY,Park,2
56031,WY,Platte,2
56033,WY,Sheridan,8
56035,WY,Sublette,3
56037,WY,Sweetwater,4
56039,WY,Teton,11
56041,WY,Uinta,2
56043,WY,Washakie,2
56045,WY,Weston,4
